"","Track.URI","Track.Name","Album.Name","Artist.Name.s.","Release.Date","Duration..ms.","Popularity","Explicit","Added.By","Added.At","Genres","Record.Label","Danceability","Energy","Key","Loudness","Mode","Speechiness","Acousticness","Instrumentalness","Liveness","Valence","Tempo","Time.Signature"
"1","spotify:track:0sf12qNH5qcw8qpgymFOqD","Blinding Lights","Blinding Lights","The Weeknd","2019-11-29",201573,25,"false","nick170708!","2024-02-01T17:29:31Z","","Republic Records",0.512,0.796,1,-4.075,1,0.0645,0.00147,0.000209,0.0938,0.344,171.014,4
"2","spotify:track:0nbXyq5TXYPCO7pr3N8S4I","The Box","Please Excuse Me for Being Antisocial","Roddy Ricch","2019-12-06",196652,86,"true","nick170708!","2024-02-01T17:29:31Z","melodic rap","Atlantic Records",0.896,0.586,10,-6.687,0,0.0559,0.104,0,0.79,0.642,116.971,4
"3","spotify:track:3Dv1eDb0MEgF93GpLXlucZ","Say So","Hot Pink","Doja Cat","2019-11-07",237894,84,"true","nick170708!","2024-02-01T17:29:31Z","","Kemosabe Records/RCA Records",0.787,0.673,11,-4.583,0,0.159,0.264,3.35e-06,0.0904,0.779,110.962,4
"4","spotify:track:6WrI0LAC5M1Rw2MnX2ZvEg","Don't Start Now","Don't Start Now","Dua Lipa","2019-10-31",183290,75,"false","nick170708!","2024-02-01T17:29:31Z","pop","Warner Records",0.794,0.793,11,-4.521,0,0.0842,0.0125,0,0.0952,0.677,123.941,4
"5","spotify:track:7igeByaBM0MgGsgXtNxDJ7","positions","positions","Ariana Grande","2020-10-23",172324,1,"true","nick170708!","2024-02-01T17:29:31Z","pop","Republic Records",0.736,0.802,0,-4.759,1,0.0864,0.468,0,0.094,0.675,144.005,4
"6","spotify:track:696DnlkuDOXcMAnKlTgXXK","ROXANNE","ROXANNE","Arizona Zervas","2019-10-10",163636,80,"true","nick170708!","2024-02-01T17:29:31Z","","Arizona Zervas",0.621,0.601,6,-5.616,0,0.148,0.0522,0,0.46,0.457,116.735,5
"7","spotify:track:7eJMfftS33KTjuF7lTsMCx","death bed (coffee for your head)","death bed (coffee for your head)","Powfu;beabadoobee","2020-02-08",173333,84,"false","nick170708!","2024-02-01T17:29:31Z","bedroom pop","Columbia",0.726,0.431,8,-8.765,0,0.135,0.731,0,0.696,0.348,144.026,4
"8","spotify:track:4LEK9rD7TWIG4FCL1s27XC","cardigan","folklore","Taylor Swift","2020-07-24",239560,52,"false","nick170708!","2024-02-01T17:29:31Z","","Taylor Swift",0.613,0.581,0,-8.588,0,0.0424,0.537,0.000345,0.25,0.551,130.033,4
"9","spotify:track:3ZCTVFBt2Brf31RLEnCkWJ","everything i wanted","everything i wanted","Billie Eilish","2019-11-13",245425,84,"false","nick170708!","2024-02-01T17:29:31Z","","Darkroom/Interscope Records",0.704,0.225,6,-14.454,0,0.0994,0.902,0.657,0.106,0.243,120.006,4
"10","spotify:track:2DQNYMRjisN3KAPj1bEwOI","Lemonade (feat. Gunna, Don Toliver & NAV)","B4 The Storm","Internet Money;Gunna;Don Toliver;NAV","2020-08-29",195428,0,"true","nick170708!","2024-02-01T17:29:31Z","melodic rap","Internet Money Records/ TenThousand Projects",0.8,0.658,1,-6.142,0,0.079,0.25,0,0.111,0.462,140.042,4
"11","spotify:track:26XaOsDMbl0e1cVKYfkz6w","Falling","Falling","Trevor Daniel","2018-10-05",159381,72,"false","nick170708!","2024-08-20T12:59:41Z","","Alamo",0.785,0.431,10,-8.756,0,0.0364,0.123,0,0.0887,0.236,127.085,4
"12","spotify:track:4Oun2ylbjFKMPTiaSbbCih","WAP (feat. Megan Thee Stallion)","WAP (feat. Megan Thee Stallion)","Cardi B;Megan Thee Stallion","2020-08-07",187546,77,"true","nick170708!","2024-02-01T17:29:31Z","","Atlantic/KSR",0.935,0.454,1,-7.509,1,0.375,0.0194,0,0.0824,0.357,133.073,4
"13","spotify:track:5GkQIP5mWPi4KZLLXeuFTT","motive (with Doja Cat)","Positions","Ariana Grande;Doja Cat","2020-10-30",167989,76,"true","nick170708!","2024-02-01T17:29:31Z","pop","Republic Records",0.789,0.742,10,-5.664,0,0.0652,0.0681,0,0.166,0.661,116.965,4
"14","spotify:track:24ySl2hOPGCDcxBxFIqWBu","Rain On Me (with Ariana Grande)","Rain On Me (with Ariana Grande)","Lady Gaga;Ariana Grande","2020-05-22",182200,71,"false","nick170708!","2024-02-01T17:29:31Z","art pop,pop","Interscope Records",0.672,0.855,9,-3.764,1,0.0397,0.021,0,0.323,0.646,123.056,4
"15","spotify:track:0v1x6rN6JHRapa03JElljE","Dynamite","Dynamite","BTS","2020-08-21",199053,3,"false","nick170708!","2024-02-01T17:29:31Z","k-pop","2020 BigHit Entertainment",0.746,0.765,6,-4.41,0,0.0993,0.0112,0,0.0936,0.737,114.044,4
"16","spotify:track:1daDRI9ahBonbWD8YcxOIB","Angels Like You","Plastic Hearts","Miley Cyrus","2020-11-27",196454,83,"false","nick170708!","2024-11-26T19:28:42Z","","RCA Records Label",0.672,0.642,5,-4.035,1,0.0313,0.0981,0,0.1,0.494,121.981,4
"17","spotify:track:6jRq8gaZhMUyy5RclRPcAf","hot girl bummer","everything means nothing","blackbear","2020-08-21",188343,83,"true","nick170708!","2024-02-01T17:29:31Z","","Alamo",0.782,0.559,6,-7.106,0,0.0767,0.125,0,0.385,0.685,129.992,1
"18","spotify:track:6bnF93Rx87YqUBLSgjiMU8","Heartless","After Hours","The Weeknd","2020-03-20",198266,81,"true","nick170708!","2024-08-19T16:35:16Z","","Republic Records",0.537,0.746,10,-5.507,0,0.15,0.0236,1e-06,0.156,0.252,170.083,4
"19","spotify:track:5RqR4ZCCKJDcBLIn4sih9l","Party Girl","Party Girl","StaySolidRocky","2020-04-21",147800,75,"true","nick170708!","2024-02-01T17:29:31Z","","Columbia",0.728,0.431,6,-9.966,0,0.0622,0.749,0,0.0996,0.629,130.022,4
"20","spotify:track:4HBZA5flZLE435QTztThqH","Stuck with U (with Justin Bieber)","Stuck with U","Ariana Grande;Justin Bieber","2020-05-08",228482,82,"false","nick170708!","2024-02-01T17:29:31Z","pop","Ariana Grande & Justin Bieber Stuck With U- Charity",0.597,0.45,8,-6.658,1,0.0418,0.223,0,0.382,0.537,178.765,3
"21","spotify:track:4umIPjkehX1r7uhmGvXiSV","Intentions (feat. Quavo)","Changes","Justin Bieber;Quavo","2020-02-14",212866,80,"false","nick170708!","2024-02-01T17:29:31Z","","RBMG/Def Jam",0.806,0.546,9,-6.637,1,0.0579,0.298,0,0.102,0.875,147.988,4
"22","spotify:track:3VyjsVV24RmBIbWJAeUJNu","No Idea","No Idea","Don Toliver","2019-05-29",154424,1,"false","nick170708!","2024-09-17T16:09:55Z","","Cactus Jack / Atlantic",0.651,0.631,6,-5.717,0,0.0896,0.519,0.000579,0.165,0.35,127.994,4
"23","spotify:track:5yY9lUy8nbvjM1Uyo1Uqoc","Life Is Good (feat. Drake)","Life Is Good (feat. Drake)","Future;Drake","2020-01-10",237735,74,"true","nick170708!","2024-02-01T17:29:31Z","rap,trap","Epic/Freebandz",0.676,0.609,2,-5.831,0,0.481,0.0706,0,0.152,0.508,142.037,4
"24","spotify:track:0PvFJmanyNQMseIFrU708S","For The Night (feat. Lil Baby & DaBaby)","Shoot For The Stars Aim For The Moon","Pop Smoke;Lil Baby;DaBaby","2020-07-03",190476,13,"true","nick170708!","2024-02-01T17:29:31Z","brooklyn drill,new york drill,drill","Victor Victor Worldwide",0.823,0.586,6,-6.606,0,0.2,0.114,0,0.193,0.347,125.971,4
"25","spotify:track:2Wo6QQD1KMDWeFkkjLqwx5","Roses - Imanbek Remix","Roses (Imanbek Remix)","SAINt JHN;Imanbek","2019-09-13",176218,8,"true","nick170708!","2024-02-01T17:29:31Z","slap house","HITCO",0.785,0.721,8,-5.457,1,0.0506,0.0149,0.00432,0.285,0.894,121.962,4
"26","spotify:track:45bE4HXI0AwGZXfZtMp8JR","you broke me first","you broke me first","Tate McRae","2020-04-17",169265,6,"true","nick170708!","2024-02-01T17:29:31Z","","RCA Records Label",0.667,0.373,4,-9.389,1,0.05,0.785,0,0.0906,0.0823,124.148,4
"27","spotify:track:3GZoWLVbmxcBys6g0DLFLf","Supalonely (feat. Gus Dapperton)","Hey u x","BENEE;Gus Dapperton","2020-11-13",223488,67,"true","nick170708!","2024-02-01T17:29:31Z","bedroom pop","Republic Records",0.862,0.631,7,-4.746,1,0.0515,0.291,0.000209,0.123,0.841,128.978,4
"28","spotify:track:1Cv1YLb4q0RzL6pybtaMLo","Sunday Best","Where the Light Is","Surfaces","2019-01-06",158571,6,"false","nick170708!","2024-02-01T17:29:31Z","","Surfaces, LLC / TenThousand Projects, LLC",0.878,0.525,5,-6.832,1,0.0578,0.183,0,0.0714,0.694,112.022,4
"29","spotify:track:3hxIUxnT27p5WcmjGUXNwx","Shut up My Moms Calling","Shut up My Moms Calling","Hotel Ugly","2020-02-10",164571,90,"false","nick170708!","2024-11-26T19:26:57Z","","Hotel Ugly, under exclusive license to Amuseio AB",0.485,0.409,9,-10.711,0,0.101,0.325,0,0.103,0.376,138.419,4
"30","spotify:track:41L3O37CECZt3N7ziG2z7l","Yummy","Yummy","Justin Bieber","2020-01-03",210426,68,"false","nick170708!","2024-02-01T17:29:31Z","","RBMG/Def Jam",0.688,0.514,9,-6.612,0,0.0903,0.366,0,0.116,0.494,145.919,4
"31","spotify:track:3vAn0qZzdyuHamcrpkfiX3","How You Like That","How You Like That","BLACKPINK","2020-06-26",181263,1,"false","nick170708!","2024-02-01T17:29:31Z","k-pop","YG Entertainment/Interscope Records",0.828,0.782,11,-4.014,1,0.0918,0.0694,3.41e-05,0.0544,0.351,130.013,4
"32","spotify:track:1raaNykBg1bDnWENUiglUA","Break My Heart","Break My Heart","Dua Lipa","2020-03-25",221820,63,"false","nick170708!","2025-01-11T21:58:35Z","pop","Warner Records",0.73,0.729,4,-3.434,0,0.0886,0.167,1.39e-06,0.349,0.467,113.012,4
"33","spotify:track:6NfrH0ANGmgBXyxgV2PeXt","La Difícil","YHLQMDLG","Bad Bunny","2020-02-29",163084,75,"true","nick170708!","2024-02-01T17:29:31Z","reggaeton,trap latino,latin,urbano latino","Rimas Entertainment LLC.",0.685,0.848,8,-4.561,0,0.0858,0.0861,7.14e-06,0.0783,0.761,179.87,4
"34","spotify:track:1yoMvmasuxZfqHEipJhRbp","Hawái","PAPI JUANCHO","Maluma","2020-08-21",199112,84,"false","nick170708!","2024-02-01T17:29:31Z","reggaeton,latin,urbano latino","Sony Music Latin",0.783,0.727,6,-3.454,0,0.389,0.185,2.46e-05,0.0626,0.558,180.067,4
"35","spotify:track:0EhpEsp4L0oRGM0vmeaN5e","UN DIA (ONE DAY) (Feat. Tainy)","UN DIA (ONE DAY) (Feat. Tainy)","J Balvin;Dua Lipa;Bad Bunny;Tainy","2020-07-24",232253,73,"false","nick170708!","2024-02-01T17:29:31Z","reggaeton,latin,pop,trap latino,urbano latino","Universal Music Latino/ NEON16",0.571,0.693,6,-8.234,0,0.0545,0.00536,0,0.173,0.393,168.169,4
"36","spotify:track:2Z8yfpFX0ZMavHkcIeHiO1","Monster (Shawn Mendes & Justin Bieber)","Monster","Shawn Mendes;Justin Bieber","2020-11-20",178994,68,"false","nick170708!","2024-02-01T17:29:31Z","","Shawn Mendes LP4-5 PS/ Island",0.652,0.383,2,-7.076,0,0.0516,0.0676,0,0.0828,0.549,145.765,4
"37","spotify:track:2gMXnyrvIjhVBUZwvLZDMP","Before You Go","Divinely Uninspired To A Hellish Extent (Extended Edition)","Lewis Capaldi","2019-11-22",215106,85,"false","nick170708!","2024-02-01T17:29:31Z","soft pop","Vertigo Berlin",0.459,0.574,3,-4.857,1,0.0577,0.608,0,0.0885,0.183,111.881,4
"38","spotify:track:2SAqBLGA283SUiwJ3xOUVI","Laugh Now Cry Later (feat. Lil Durk)","Laugh Now Cry Later (feat. Lil Durk)","Drake;Lil Durk","2020-08-14",261492,80,"true","nick170708!","2024-02-01T17:29:31Z","rap,chicago drill,drill","OVO",0.761,0.518,0,-8.871,1,0.134,0.244,3.47e-05,0.107,0.522,133.976,4
"39","spotify:track:7FIWs0pqAYbP91WWM0vlTQ","Godzilla (feat. Juice WRLD)","Music To Be Murdered By","Eminem;Juice WRLD","2020-01-17",210800,83,"true","nick170708!","2024-02-01T17:29:31Z","rap,hip hop,melodic rap,emo rap","Shady/Aftermath/Interscope Records",0.808,0.745,10,-5.26,0,0.342,0.145,0,0.292,0.829,165.995,4
"40","spotify:track:78qd8dvwea0Gosb6Fe6j3k","Boss Bitch","Boss Bitch","Doja Cat","2020-01-23",134239,78,"true","nick170708!","2024-02-01T17:29:31Z","","Atlantic Records",0.707,0.955,10,-4.593,0,0.222,0.127,0,0.202,0.575,125.989,4
"41","spotify:track:29TPjc8wxfz4XMn21O7VsZ","Sky","Whole Lotta Red","Playboi Carti","2020-12-25",193234,81,"true","nick170708!","2025-01-20T21:27:08Z","rage rap","AWGE/Interscope Records",0.785,0.903,2,-4.184,1,0.21,0.258,0,0.169,0.565,139.98,4
"42","spotify:track:2MbdDtCv5LUVjYy9RuGTgC","WHATS POPPIN (feat. DaBaby, Tory Lanez & Lil Wayne) - Remix","WHATS POPPIN (feat. DaBaby, Tory Lanez & Lil Wayne) [Remix]","Jack Harlow;Tory Lanez;DaBaby;Lil Wayne","2020-06-24",227478,67,"true","nick170708!","2024-02-01T17:29:31Z","rap,hip hop","Generation Now/Atlantic",0.904,0.723,11,-5.224,0,0.26,0.0631,0,0.185,0.835,145.013,4
"43","spotify:track:6o3QUC5oAE4g6WxRIFcZtb","Wishing Well","Legends Never Die","Juice WRLD","2020-07-10",194621,2,"true","nick170708!","2024-02-01T17:29:31Z","melodic rap,emo rap","Grade A Productions/Interscope Records",0.65,0.613,9,-6.13,0,0.128,0.00336,0,0.267,0.0804,149.972,4
"44","spotify:track:5JqZ3oqF00jkT81foAFvqg","Prisoner (feat. Dua Lipa)","Prisoner (feat. Dua Lipa)","Miley Cyrus;Dua Lipa","2020-11-20",169333,2,"false","nick170708!","2024-02-01T17:29:31Z","pop","RCA Records Label",0.781,0.67,3,-3.912,0,0.0452,0.0103,0,0.0761,0.595,127.99,4
"45","spotify:track:45S5WTQEGOB1VHr1Q4FuPl","Golden","Fine Line","Harry Styles","2019-12-13",208917,79,"false","nick170708!","2024-09-17T16:08:51Z","","Columbia",0.448,0.838,4,-5.257,0,0.0557,0.21,0.000131,0.131,0.254,139.863,4
"46","spotify:track:4Lxseh0wN7N0ljiOh8KwbU","Come & Go (with Marshmello)","Come & Go (with Marshmello)","Juice WRLD;Marshmello","2020-07-09",205484,56,"true","nick170708!","2024-02-01T17:29:31Z","melodic rap,emo rap,edm","Joytime Collective/Grade A Productions/Interscope Records",0.625,0.811,0,-5.183,1,0.0659,0.0173,0,0.16,0.532,144.994,4
"47","spotify:track:7a53HqqArd4b9NF4XAmlbI","Kings & Queens","Heaven & Hell","Ava Max","2020-09-18",162398,84,"false","nick170708!","2025-01-07T22:12:49Z","","Atlantic Records",0.637,0.69,1,-4.057,0,0.0405,0.00786,0,0.124,0.457,129.857,4
"48","spotify:track:2J4P46vCFm1rPkNkp9pZWX","Ice Cream (with Selena Gomez)","Ice Cream (with Selena Gomez)","BLACKPINK;Selena Gomez","2020-08-28",175813,64,"false","nick170708!","2024-02-01T17:29:31Z","k-pop","YG Entertainment/Interscope Records",0.79,0.729,9,-3.843,1,0.334,0.0342,9.31e-05,0.0411,0.904,159.989,4
"49","spotify:track:62aP9fBQKYKxi7PDXwcUAS","ily (i love you baby) (feat. Emilee)","ily (i love you baby) (feat. Emilee)","Surf Mesa;Emilee","2019-11-26",176546,78,"false","nick170708!","2024-02-01T17:29:31Z","","Astralwerks",0.674,0.774,11,-7.567,0,0.0892,0.0686,0.00188,0.393,0.33,112.05,4
"50","spotify:track:3H7ihDc1dqLriiWXwsc2po","Breaking Me","Breaking Me","Topic;A7S","2019-12-19",166793,76,"false","nick170708!","2024-02-01T17:29:31Z","","Intercord",0.789,0.72,8,-5.652,0,0.218,0.223,0,0.129,0.664,122.031,4
"51","spotify:track:1DWZUa5Mzf2BwzpHtgbHPY","Good News","Circles","Mac Miller","2020-01-17",342040,72,"false","nick170708!","2024-02-01T17:29:31Z","","Warner Records",0.794,0.32,1,-12.92,0,0.173,0.853,0.134,0.112,0.241,174.088,4
"52","spotify:track:7HMmFQsKsljwTw8bS7lu19","Rare","Rare","Selena Gomez","2020-01-10",220589,60,"false","nick170708!","2024-02-01T17:29:31Z","","Interscope Records",0.838,0.541,5,-6.746,1,0.0708,0.207,7.97e-05,0.103,0.637,114.996,4
"53","spotify:track:5KCbr5ndeby4y4ggthdiAb","Wonder","Wonder","Shawn Mendes","2020-10-02",172692,66,"false","nick170708!","2024-02-01T17:29:31Z","","Shawn Mendes LP4-5 PS/ Island",0.333,0.637,1,-4.904,0,0.0581,0.131,1.8e-05,0.149,0.132,139.898,4
"54","spotify:track:1xQ6trAsedVPCdbtDAmk0c","Savage Love (Laxed - Siren Beat)","Savage Love (Laxed - Siren Beat)","Jawsh 685;Jason Derulo","2020-06-11",171374,74,"true","nick170708!","2024-02-01T17:29:31Z","","Columbia",0.767,0.481,0,-8.52,0,0.0803,0.234,0,0.269,0.761,150.076,4
"55","spotify:track:70rFIfYN7lU6iTgUIVP42w","my ex's best friend (with blackbear)","my ex's best friend (with blackbear)","mgk;blackbear","2020-08-07",138970,1,"true","nick170708!","2024-02-01T17:29:31Z","","Bad Boy/Interscope Records",0.728,0.685,5,-5.096,0,0.0433,0.00391,0,0.152,0.33,124.934,4
"56","spotify:track:6R6ZoHTypt5lt68MWbzZXv","Sour Candy (with BLACKPINK)","Sour Candy (with BLACKPINK)","Lady Gaga;BLACKPINK","2020-05-28",157706,64,"false","nick170708!","2026-03-01T18:21:33Z","art pop,pop,k-pop","Interscope Records",0.752,0.87,9,-3.812,0,0.0623,0.0604,1.12e-05,0.489,0.784,120.006,4
"57","spotify:track:1KixkQVDUHggZMU9dUobgm","My Head & My Heart","Heaven & Hell","Ava Max","2020-09-18",174760,76,"false","nick170708!","2025-01-07T22:13:18Z","","Atlantic Records",0.614,0.934,9,-3.709,0,0.07,0.0697,0,0.121,0.436,116.001,4
"58","spotify:track:6EDO9iiTtwNv6waLwa1UUq","POPSTAR (feat. Drake)","POPSTAR (feat. Drake)","DJ Khaled;Drake","2020-07-17",200221,70,"true","nick170708!","2024-02-01T17:29:31Z","rap","OVO/We The Best/Epic",0.8,0.56,5,-4.818,0,0.261,0.057,0,0.134,0.45,163.071,4
"59","spotify:track:39Yp9wwQiSRIDOvrVg7mbk","THE SCOTTS","THE SCOTTS","THE SCOTTS;Travis Scott;Kid Cudi","2020-04-24",165977,72,"true","nick170708!","2024-02-01T17:29:31Z","rap","Cactus Jack / Epic",0.716,0.537,0,-7.648,0,0.0514,0.233,0,0.157,0.28,129.979,4
"60","spotify:track:3AzjcOeAmA57TIOr9zF1ZW","Physical","Future Nostalgia","Dua Lipa","2020-03-27",193829,79,"false","nick170708!","2024-02-01T17:29:31Z","pop","Warner Records",0.647,0.844,0,-3.756,1,0.0457,0.0137,0.000658,0.102,0.746,146.967,4
"61","spotify:track:6cx06DFPPHchuUAcTxznu9","Head & Heart (feat. MNEK)","Head & Heart (feat. MNEK)","Joel Corry;MNEK","2020-07-03",166028,78,"false","nick170708!","2024-02-01T17:29:31Z","dance pop","Atlantic Records UK",0.734,0.874,8,-3.158,1,0.0662,0.168,1.14e-05,0.0489,0.905,122.953,4
"62","spotify:track:7lidXGPXPYLNThITAOTlkK","You should be sad","Manic","Halsey","2020-01-17",205473,71,"true","nick170708!","2024-02-01T17:29:31Z","","Capitol Records",0.591,0.585,2,-6.35,1,0.0276,0.143,0,0.109,0.323,110.943,4
"63","spotify:track:2nC3QhMI9reBIOWutbU3Tj","Moral of the Story","Moral of the Story","Ashe","2019-02-14",201083,5,"true","nick170708!","2024-02-01T17:29:31Z","","Mom+Pop",0.572,0.406,10,-8.624,1,0.0427,0.587,4.48e-06,0.102,0.265,119.812,4
"64","spotify:track:4HDCLYli2SUdkq9OjmvhSD","BELIEVE IT","PARTYMOBILE","PARTYNEXTDOOR;Rihanna","2020-03-27",183219,2,"true","nick170708!","2024-02-01T17:29:31Z","dark r&b,r&b,trap soul","OVO Sound/Warner Records",0.43,0.7,6,-5.35,1,0.264,0.0902,0,0.216,0.731,158.373,4
"65","spotify:track:6xZ4Q2k2ompmDppyeESIY8","Level of Concern","Level of Concern","Twenty One Pilots","2020-04-09",220051,66,"false","nick170708!","2024-02-01T17:29:31Z","","Fueled By Ramen",0.754,0.583,4,-7.34,0,0.0432,0.32,0.00015,0.144,0.77,122.012,4
"66","spotify:track:4wNIkl5XGiAACjFBlDWuSd","What A Man Gotta Do","What A Man Gotta Do","Jonas Brothers","2020-01-17",180644,72,"false","nick170708!","2024-02-01T17:29:31Z","","Republic Records",0.853,0.696,9,-7.206,1,0.0633,0.00852,1e-06,0.0773,0.324,113.026,4
"67","spotify:track:4DpNNXFMMxQEKl7r0ykkWA","Play Date","Cry Baby (Deluxe Edition)","Melanie Martinez","2015-08-14",179867,81,"true","nick170708!","2024-02-01T17:29:31Z","","Atlantic Records",0.68,0.729,5,-5.077,1,0.0475,0.612,0,0.224,0.446,123.97,4
"68","spotify:track:59qrUpoplZxbIZxk6X0Bm3","Take You Dancing","Take You Dancing","Jason Derulo","2020-07-22",190306,72,"false","nick170708!","2024-02-01T17:29:31Z","","Atlantic Records",0.789,0.711,2,-4.248,1,0.041,0.0332,0,0.0876,0.753,112.985,4
"69","spotify:track:5SWnsxjhdcEDc7LJjq9UHk","Runnin","SAVAGE MODE II","21 Savage;Metro Boomin","2020-10-02",195906,78,"true","nick170708!","2024-02-01T17:29:31Z","","Slaughter Gang, LLC/Epic/Boominati Worldwide/Republic",0.819,0.626,10,-4.574,0,0.202,0.00748,0.101,0.167,0.415,143.01,4
"70","spotify:track:7Bar1kLTmsRmH6FCKKMEyU","Hit Different","Hit Different","SZA;The Neptunes;Pharrell Williams;Ty Dolla $ign","2020-09-04",202007,70,"true","nick170708!","2025-02-11T17:00:32Z","r&b,trap soul","Top Dawg Entertainment/RCA Records",0.679,0.516,0,-6.371,0,0.0452,0.199,0,0.0965,0.716,120.074,4
"71","spotify:track:58AGoOGbwsQMhBbH0eFLRR","Over Now (with The Weeknd)","Over Now (with The Weeknd)","Calvin Harris;The Weeknd","2020-08-28",210795,65,"true","nick170708!","2025-07-01T21:37:51Z","edm","Columbia",0.612,0.884,4,-4.113,0,0.0454,0.0759,0.00132,0.247,0.679,178.043,4
"72","spotify:track:7xbWAw3LMgRMn4omR5yVn3","Lose Somebody","Lose Somebody","Kygo;OneRepublic","2020-05-15",199549,62,"false","nick170708!","2025-07-01T21:37:55Z","tropical house","Kygo",0.58,0.586,1,-6.883,1,0.0357,0.344,0,0.0755,0.507,147.988,4
"73","spotify:track:4uqh9bualXNHXXwO2wPorc","Daisies","Daisies","Katy Perry","2020-05-15",173123,57,"false","nick170708!","2025-07-01T21:38:03Z","pop","Capitol Records",0.639,0.546,1,-5.382,1,0.0407,0.0837,0,0.122,0.149,122.179,4
"74","spotify:track:7aGyRfJWtLqgJaZoG9lJhE","Mad at Disney","Mad at Disney","salem ilese","2020-07-24",136838,1,"false","nick170708!","2025-07-01T21:38:14Z","","Homemade Projects, LLC / TenThousand Projects",0.738,0.621,0,-7.313,1,0.0486,0.424,7.39e-06,0.692,0.715,113.968,4
"75","spotify:track:0jT8Nl0shPS8115is0wD2Q","Favorito","Por Primera Vez","Camilo","2020-04-17",209765,69,"false","nick170708!","2025-07-01T21:38:18Z","colombian pop,pop urbano","Sony Music Latin",0.606,0.853,9,-2.975,1,0.0545,0.237,0,0.251,0.822,178.043,4
"76","spotify:track:4POHzEwNTCYaIvqCUp3NnO","Old Me","CALM","5 Seconds of Summer","2020-03-27",186785,0,"true","nick170708!","2025-07-01T21:38:25Z","","5 Seconds Of Summer/Interscope",0.721,0.62,0,-3.639,1,0.0483,0.313,0,0.26,0.473,127.979,4
"77","spotify:track:2IHLaN6wwYKQ3S24NsQqpA","I Love Me","I Love Me","Demi Lovato","2020-03-06",203672,55,"true","nick170708!","2025-07-01T21:38:28Z","","Island Records",0.664,0.561,6,-7.031,1,0.0495,0.00261,0,0.0764,0.713,150.093,4
"78","spotify:track:7x4ASXYEKfQBCewcZhK776","Ay, DiOs Mío!","Ay, DiOs Mío!","KAROL G","2020-07-10",189653,65,"false","nick170708!","2025-07-01T21:38:39Z","reggaeton,latin,urbano latino","UMLE - Latino",0.718,0.712,11,-4.366,1,0.174,0.512,0.00121,0.104,0.531,180.034,4
"79","spotify:track:1TMWcbxL5YF8rKsFHv5hAP","Rules","Hot Pink","Doja Cat","2019-11-07",187048,74,"true","nick170708!","2026-03-01T18:21:57Z","","Kemosabe Records/RCA Records",0.651,0.724,7,-5.457,1,0.166,0.172,0,0.13,0.686,144.146,4
"80","spotify:track:6wQlQrTY5mVS8EGaFZVwVF","Smile (with The Weeknd)","Legends Never Die","Juice WRLD;The Weeknd","2020-07-10",196180,70,"true","nick170708!","2025-07-01T21:39:03Z","melodic rap,emo rap","Grade A Productions/Interscope Records",0.694,0.685,6,-6.535,0,0.133,0.224,0,0.124,0.306,158.831,4
"81","spotify:track:1fipvP2zmef6vN2IwXfJhY","I’m Ready (with Demi Lovato)","I’m Ready (with Demi Lovato)","Sam Smith;Demi Lovato","2020-04-16",200838,54,"false","nick170708!","2025-07-01T21:40:08Z","soft pop","PLG - Capitol",0.501,0.674,5,-6.363,1,0.0408,0.00346,3.56e-05,0.282,0.152,155.051,4
"82","spotify:track:1Jj6MF0xDOMA3Ut2Z368Bx","Time After Time","She's So Unusual: A 30th Anniversary Celebration (Deluxe Edition)","Cyndi Lauper","2014-03-28",243066,73,"false","0t5bpv5d1tikekonhdawod2ht","2022-04-10T14:19:46Z","","Epic/Legacy",0.724,0.436,0,-9.321,1,0.0282,0.576,1.19e-06,0.0908,0.324,130.439,4
"83","spotify:track:0SNGe4xksgp7CGnY5kMXOJ","Every Breath You Take","Stranger Things (Soundtrack from the Netflix Original Series)","The Police","2017-10-27",251573,4,"false","0t5bpv5d1tikekonhdawod2ht","2022-04-10T14:19:52Z","","Legacy Recordings",0.822,0.478,1,-8.746,1,0.0343,0.559,0.0073,0.0813,0.722,117.394,4
"84","spotify:track:5ChkMS8OtdzJeqyybCc9R5","Billie Jean","Thriller 25 Super Deluxe Edition","Michael Jackson","2008-02-08",293826,82,"false","0t5bpv5d1tikekonhdawod2ht","2022-04-10T14:19:58Z","","Epic/Legacy",0.92,0.654,11,-3.051,0,0.0401,0.0236,0.0153,0.036,0.847,117.046,4
"85","spotify:track:2tUBqZG2AbRi7Q0BIrVrEj","I Wanna Dance with Somebody (Who Loves Me)","Whitney","Whitney Houston","1987-06-02",292875,88,"false","0t5bpv5d1tikekonhdawod2ht","2022-04-10T14:20:04Z","","Arista/Legacy",0.709,0.824,1,-8.824,1,0.0453,0.207,0.000307,0.0888,0.867,118.818,4
"86","spotify:track:3koCCeSaVUyrRo3N2gHrd8","Let's Groove","Raise!","Earth, Wind & Fire","1981-11-14",339018,85,"false","0t5bpv5d1tikekonhdawod2ht","2022-04-10T14:20:09Z","funk,disco","Legacy Recordings",0.869,0.648,11,-8.698,0,0.0633,0.121,2.17e-05,0.126,0.9,125.035,4
"87","spotify:track:22sLuJYcvZOSoLLRYev1s5","Material Girl","Celebration (double disc version)","Madonna","2009-09-18",240280,14,"false","0t5bpv5d1tikekonhdawod2ht","2022-04-10T14:20:21Z","","Warner Records",0.742,0.883,0,-3.419,1,0.0329,0.335,7.51e-06,0.0964,0.978,136.506,4
"88","spotify:track:2F1fnE1a8zQCogM6jJifHH","Jessie's Girl","Working Class Dog","Rick Springfield","1981-03-13",194266,63,"false","0t5bpv5d1tikekonhdawod2ht","2022-04-10T14:20:37Z","yacht rock","RCA Records Label",0.717,0.588,2,-13.953,1,0.0535,0.331,0,0.102,0.852,131.537,4
"89","spotify:track:5zA8vzDGqPl2AzZkEYQGKh","Uptown Girl","An Innocent Man","Billy Joel","1983-08-08",198294,87,"false","0t5bpv5d1tikekonhdawod2ht","2022-04-10T14:20:43Z","soft rock","Columbia",0.701,0.944,4,-2.986,1,0.0455,0.0755,0,0.601,0.792,128.993,4
"90","spotify:track:2OZyDYkNED6mIDi8RXLnWy","Kokomo","Greatest Hits","The Beach Boys","2012-01-01",215573,0,"false","0t5bpv5d1tikekonhdawod2ht","2022-04-10T14:20:59Z","baroque pop","Capitol Records",0.684,0.643,0,-10.252,1,0.0329,0.0107,0,0.292,0.922,115.571,4
"91","spotify:track:1mCsF9Tw4AkIZOjvZbZZdT","Break My Stride","I Don't Speak The Language","Matthew Wilder","1983-03-19",184480,77,"false","0t5bpv5d1tikekonhdawod2ht","2022-04-10T14:21:02Z","","Legacy Recordings",0.917,0.588,10,-11.047,1,0.0607,0.195,0,0.0914,0.828,110.077,4
"92","spotify:track:3SnGymj6ijE2iuUfWxLo1q","I'm Coming Out","Diana","Diana Ross","1980-05-22",323346,69,"false","0t5bpv5d1tikekonhdawod2ht","2022-04-10T14:21:12Z","motown,disco","UNI/MOTOWN",0.72,0.828,5,-9.211,1,0.0462,0.185,0.429,0.0839,0.768,110.071,4
"93","spotify:track:3LIaJyHeA9lxmskbFaez44","Lay All Your Love On Me","Super Trouper","ABBA","1980",274466,0,"false","0t5bpv5d1tikekonhdawod2ht","2022-04-10T14:21:17Z","","Universal Music Group",0.679,0.708,2,-7.854,0,0.0258,0.0989,0.00384,0.425,0.763,133.501,4
"94","spotify:track:7oOOI85fVQvVnK5ynNMdW7","Rock with You - Single Version","Off the Wall","Michael Jackson","1979-08-10",219926,87,"false","0t5bpv5d1tikekonhdawod2ht","2022-04-10T14:21:22Z","","Epic",0.808,0.535,1,-12.521,1,0.0353,0.179,9.91e-05,0.158,0.848,114.031,4
"95","spotify:track:4o6BgsqLIBViaGVbx5rbRk","You Make My Dreams (Come True)","Voices","Daryl Hall & John Oates","1980",190626,84,"false","0t5bpv5d1tikekonhdawod2ht","2022-04-10T14:21:27Z","yacht rock,soft rock","RCA/BMG Heritage",0.751,0.501,5,-12.151,1,0.0551,0.234,0.112,0.0467,0.902,167.057,4
"96","spotify:track:7sMGwiS4vOMcz86ZY3vKYM","Girls Just Want to Have Fun","The Best Of The 80's","Cyndi Lauper","2007-12-10",228120,65,"false","0t5bpv5d1tikekonhdawod2ht","2022-04-10T14:21:31Z","","Sony BMG Music Entertainment",0.705,0.847,6,-2.588,1,0.0361,0.414,3.21e-06,0.406,0.743,120.527,4
"97","spotify:track:0lzpfrTARexLFXEACKSXTh","I'm Still Standing","Rocket Man (Deluxe Edition)","Elton John","2007-03-26",181786,6,"false","0t5bpv5d1tikekonhdawod2ht","2022-04-10T14:21:42Z","","Universal Music Group",0.489,0.927,10,-6.298,0,0.17,0.455,0.00165,0.305,0.79,177.354,4
"98","spotify:track:0sKlV58cODrjxGFOyf9IXY","The Way You Make Me Feel - 2012 Remaster","Bad 25th Anniversary","Michael Jackson","2012-09-18",298121,77,"false","0t5bpv5d1tikekonhdawod2ht","2022-04-10T14:21:46Z","","Epic/Legacy",0.877,0.854,1,-4.523,1,0.147,0.0544,5.5e-05,0.144,0.54,114.472,4
"99","spotify:track:2vz1CsL5WBsbpBcwgboTAw","Footloose - From ""Footloose"" Soundtrack","Footloose (15th Anniversary Collectors' Edition)","Kenny Loggins","1984",226826,74,"false","0t5bpv5d1tikekonhdawod2ht","2022-04-10T14:21:52Z","yacht rock","Columbia/Legacy",0.583,0.905,2,-6.132,1,0.0733,0.0984,0.00019,0.0593,0.646,173.982,4
"100","spotify:track:0J2p4KYdr6Mg4ET6JPlbe1","Super Trouper","Super Trouper","ABBA","1980",252853,79,"false","0t5bpv5d1tikekonhdawod2ht","2022-04-10T14:21:57Z","","Polar Music International AB",0.764,0.626,0,-8.274,1,0.0288,0.457,6.35e-06,0.201,0.961,118.34,4
"101","spotify:track:4RvWPyQ5RL0ao9LPZeSouE","Everybody Wants To Rule The World","Songs From The Big Chair (Super Deluxe Edition)","Tears For Fears","1985-02-25",251488,87,"false","0t5bpv5d1tikekonhdawod2ht","2022-04-10T14:22:02Z","new wave,synthpop","UMC (Universal Music Catalogue)",0.645,0.795,7,-12.095,1,0.0527,0.347,0.00389,0.104,0.535,112.067,4
"102","spotify:track:71SvEDmsOwIWw1IozsZoMA","Any Way You Want It","Departure","Journey","1980",201693,75,"false","0t5bpv5d1tikekonhdawod2ht","2022-04-10T14:22:10Z","aor,classic rock","Columbia/Legacy",0.529,0.932,7,-7.501,1,0.0488,0.00251,0.00109,0.136,0.571,138.158,4
"103","spotify:track:1ZPlNanZsJSPK5h9YZZFbZ","Like a Virgin","Like a Virgin","Madonna","1984-11-12",218626,76,"false","0t5bpv5d1tikekonhdawod2ht","2022-04-10T14:22:14Z","","Warner Records",0.771,0.655,3,-10.842,0,0.0372,0.152,0.00197,0.0685,0.97,119.747,4
"104","spotify:track:5lWFrW5T3JtxVCLDb7etPu","Bad - 2012 Remaster","Bad 25th Anniversary","Michael Jackson","2012-09-18",247368,71,"false","0t5bpv5d1tikekonhdawod2ht","2022-04-10T14:22:24Z","","Epic/Legacy",0.787,0.889,8,-3.786,1,0.0397,0.00462,0.423,0.0665,0.394,114.091,4
"105","spotify:track:3Cx4yrFaX8CeHwBMReOWXI","We Didn't Start the Fire","Storm Front","Billy Joel","1989-10-17",291100,82,"false","0t5bpv5d1tikekonhdawod2ht","2022-04-10T14:22:40Z","soft rock","Columbia",0.712,0.967,7,-5.206,1,0.047,0.0771,0,0.356,0.895,145.024,4
"106","spotify:track:3K7Q9PHUWPTaknlbFPThn2","Celebration","Celebrate!","Kool & The Gang","1980-09-29",298866,76,"false","0t5bpv5d1tikekonhdawod2ht","2022-04-10T14:23:01Z","disco,funk","Island Mercury",0.886,0.664,1,-11.795,1,0.0524,0.145,0.0483,0.0767,0.906,121.631,4
"107","spotify:track:4uLU6hMCjMI75M1A2tKUQC","Never Gonna Give You Up","Whenever You Need Somebody","Rick Astley","1987-11-12",213573,7,"false","0t5bpv5d1tikekonhdawod2ht","2022-04-10T14:23:11Z","","Sony Music CG",0.721,0.939,8,-11.823,1,0.0376,0.115,3.79e-05,0.108,0.914,113.309,4
"108","spotify:track:46eu3SBuFCXWsPT39Yg3tJ","Don't Stop 'Til You Get Enough","Off the Wall","Michael Jackson","1979-08-10",364441,91,"false","0t5bpv5d1tikekonhdawod2ht","2022-04-10T14:23:16Z","","Epic",0.878,0.821,11,-9.875,1,0.089,0.126,0.0461,0.183,0.947,118.881,4
"109","spotify:track:1mskmld5ZKEhRaNvYVPoqZ","Gloria","Branigan","Laura Branigan","1982-03-10",289853,76,"false","0t5bpv5d1tikekonhdawod2ht","2022-04-10T14:23:21Z","","Atlantic Records",0.776,0.743,9,-6.807,1,0.0289,0.107,0.293,0.149,0.84,131.343,4
"110","spotify:track:7ohR0qPH6f2Vuj2pUNanJG","Got To Give It Up - Pt. 1","Every Great Motown Hit Of Marvin Gaye","Marvin Gaye","1983-08-22",255133,63,"false","0t5bpv5d1tikekonhdawod2ht","2022-04-10T14:23:54Z","motown,classic soul,soul,northern soul,quiet storm","UNI/MOTOWN",0.854,0.847,2,-9.019,1,0.042,0.232,0.000569,0.345,0.89,122.644,4
"111","spotify:track:6sT9MWlJManry3EQwf4V80","Push It","Hot, Cool & Vicious","Salt-N-Pepa","1986-12-08",272133,68,"false","0t5bpv5d1tikekonhdawod2ht","2022-04-10T14:24:07Z","old school hip hop","Island Def Jam",0.913,0.596,11,-12.477,0,0.0707,0.00658,0.00349,0.078,0.973,127.215,4
"112","spotify:track:4yKZACkuudvfd600H2dQie","Get Down On It - Single Version","The Very Best Of Kool & The Gang","Kool & The Gang","1999-03-01",212906,72,"false","0t5bpv5d1tikekonhdawod2ht","2022-04-10T14:24:11Z","disco,funk","Mercury Records",0.879,0.626,7,-6.344,1,0.0604,0.205,6.07e-05,0.056,0.968,110.864,4
"113","spotify:track:77NNZQSqzLNqh2A9JhLRkg","Don't Stop Believin'","The Essential Journey","Journey","2001-10-16",248906,80,"false","0t5bpv5d1tikekonhdawod2ht","2022-04-10T14:24:26Z","aor,classic rock","Columbia",0.491,0.802,4,-7.106,1,0.0392,0.25,0,0.387,0.472,119.25,4
"114","spotify:track:39shmbIHICJ2Wxnk1fPSdz","Should I Stay or Should I Go - Remastered","Combat Rock (Remastered)","The Clash","1982",188987,85,"false","0t5bpv5d1tikekonhdawod2ht","2022-04-10T14:24:37Z","punk","Sony Music UK",0.743,0.836,2,-6.465,1,0.116,0.0804,0,0.384,0.82,113.375,4
"115","spotify:track:0qxYx4F3vm1AOnfux6dDxP","You Can Call Me Al","Graceland (25th Anniversary Deluxe Edition)","Paul Simon","1986-08-12",280586,80,"false","0t5bpv5d1tikekonhdawod2ht","2022-04-10T14:24:44Z","singer-songwriter","Legacy Recordings",0.776,0.763,5,-8.124,1,0.0534,0.182,0.00647,0.077,0.82,128.433,4
"116","spotify:track:0rmGAIH9LNJewFw7nKzZnc","You Give Love A Bad Name","Slippery When Wet","Bon Jovi","1986-08-16",222706,80,"false","0t5bpv5d1tikekonhdawod2ht","2022-04-10T14:25:13Z","glam metal","Island Records",0.541,0.959,0,-2.947,0,0.0505,0.0663,2.18e-06,0.344,0.812,122.805,4
"117","spotify:track:66S14BkJDxgkYxLl5DCqOz","I'm Gonna Be (500 Miles)","Finest","The Proclaimers","2003-09-01",219466,72,"false","0t5bpv5d1tikekonhdawod2ht","2022-04-10T14:25:31Z","celtic rock","Parlophone UK",0.851,0.551,4,-5.177,1,0.0396,0.151,0,0.0827,0.807,131.922,4
"118","spotify:track:37ZJ0p5Jm13JPevGcx4SkF","Livin' On A Prayer","Slippery When Wet","Bon Jovi","1986-08-16",249293,85,"false","0t5bpv5d1tikekonhdawod2ht","2022-04-10T14:25:40Z","glam metal","Island Records",0.532,0.887,0,-3.757,1,0.0335,0.0778,0.000206,0.294,0.794,122.509,4
"119","spotify:track:1OOtq8tRnDM8kG2gqUPjAj","Beat It","Thriller 25 Super Deluxe Edition","Michael Jackson","2008-02-08",258040,79,"false","0t5bpv5d1tikekonhdawod2ht","2022-04-10T14:25:47Z","","Epic/Legacy",0.776,0.867,3,-3.704,0,0.0479,0.0495,7.92e-06,0.197,0.918,138.827,4
"120","spotify:track:23l1kVpqMVREiwU1YAlcr4","I Guess That's Why They Call It The Blues","Too Low For Zero","Elton John","1983-05-30",285333,73,"false","0t5bpv5d1tikekonhdawod2ht","2022-04-10T14:25:58Z","","EMI",0.673,0.663,0,-7.29,1,0.0269,0.217,0.0174,0.177,0.67,120.634,3
"121","spotify:track:2SiXAy7TuUkycRVbbWDEpo","You Shook Me All Night Long","Back In Black","AC/DC","1980-07-25",210328,86,"false","0t5bpv5d1tikekonhdawod2ht","2022-04-10T14:26:20Z","rock,hard rock,classic rock,rock and roll","Columbia",0.532,0.767,7,-5.509,1,0.0574,0.00287,0.000513,0.39,0.755,127.361,4
"122","spotify:track:7qQnBfwXrw2tZNFG4Uf57N","Livin' On A Prayer","Bon Jovi Greatest Hits","Bon Jovi","2010-01-01",250626,3,"false","0t5bpv5d1tikekonhdawod2ht","2022-04-10T14:26:35Z","glam metal","Universal/Island Def Jam",0.52,0.887,0,-3.296,1,0.0349,0.0665,0.000179,0.186,0.793,122.528,4
"123","spotify:track:5RHG4SQ6iJ1qQJmt3EFJCX","We're Not Gonna Take It","Rhino Hi-Five: Twisted Sister","Twisted Sister","2007-06-26",219666,3,"false","0t5bpv5d1tikekonhdawod2ht","2022-04-10T14:26:57Z","glam metal,glam rock","Rhino Atlantic",0.502,0.924,4,-6.299,1,0.0503,0.0127,0,0.162,0.922,149.186,4
"124","spotify:track:4aWn4NHlELpOehxsBaQeoe","Don't You (Forget About Me)","Once Upon A Time (Deluxe)","Simple Minds","1985",263040,3,"false","0t5bpv5d1tikekonhdawod2ht","2022-04-10T14:27:02Z","new wave","UMC (Universal Music Catalogue)",0.66,0.816,2,-6.61,1,0.0299,0.168,0.0181,0.0608,0.678,111.346,4
"125","spotify:track:0vOkmmJEtjuFZDzrQSFzEE","Hit Me With Your Best Shot","Crimes Of Passion","Pat Benatar","1980-08-05",171266,75,"false","0t5bpv5d1tikekonhdawod2ht","2022-04-10T14:27:13Z","aor","Chrysalis\EMI Records (USA)",0.741,0.58,4,-9.05,1,0.0304,0.117,3.61e-05,0.212,0.944,127.402,4
"126","spotify:track:2fuCquhmrzHpu5xcA1ci9x","Under Pressure - Remastered 2011","Hot Space (2011 Remaster)","Queen;David Bowie","1982-05-03",248440,58,"false","0t5bpv5d1tikekonhdawod2ht","2022-04-10T14:27:44Z","classic rock,rock,glam rock,art rock","EMI",0.671,0.712,2,-7.815,1,0.0476,0.429,0,0.103,0.462,113.805,4
"127","spotify:track:2DYtBXueUkZyUZAHKJAAIs","We Are Family - 2006 Remaster","Definitive Groove: Sister Sledge","Sister Sledge;Bernard Edwards","2007-02-05",500866,48,"false","0t5bpv5d1tikekonhdawod2ht","2022-04-10T14:28:19Z","disco,philly soul,post-disco","Rhino Atlantic",0.808,0.789,2,-6.805,1,0.0715,0.201,0.000128,0.0406,0.842,116.006,4
"128","spotify:track:6MzdzJ4hkHJWROmUzED9yP","Brass Monkey","Licensed To Ill","Beastie Boys","1986-11-15",157466,0,"false","0t5bpv5d1tikekonhdawod2ht","2022-04-10T14:28:32Z","rap rock,old school hip hop,east coast hip hop,hip hop","Universal Music Group",0.96,0.405,6,-13.435,0,0.329,0.00278,4.4e-06,0.104,0.646,116.336,4
"129","spotify:track:3MrRksHupTVEQ7YbA0FsZK","The Final Countdown","The Final Countdown (Expanded Edition)","Europe","1986",310333,81,"false","0t5bpv5d1tikekonhdawod2ht","2022-04-10T14:29:25Z","glam metal","Portrait/Epic/Legacy",0.529,0.843,6,-6.908,0,0.0616,0.0628,0.000827,0.0608,0.188,117.662,4
"130","spotify:track:2fY6tqgrlrg1ky9fgs0t5u","Wanted Dead Or Alive","Slippery When Wet","Bon Jovi","1986-01-01",308666,1,"false","0t5bpv5d1tikekonhdawod2ht","2022-04-10T14:29:33Z","glam metal","Universal/Island Def Jam",0.257,0.803,7,-3.886,1,0.0411,0.137,0.0156,0.297,0.294,150.818,4
"131","spotify:track:473dVAB97y06dfl6OBb1uj","Talk Dirty To Me","Double Dose: Ultimate Hits","Poison","2011-01-01",224960,54,"false","0t5bpv5d1tikekonhdawod2ht","2022-04-10T14:29:59Z","glam metal,glam rock","Capitol Records",0.492,0.951,11,-3.888,1,0.0967,0.0086,0.00128,0.376,0.628,158.071,4
"132","spotify:track:7990Xs9HQx7FXVIDVPEwj9","Rock And Roll All Nite","Dressed To Kill (Remastered Version)","KISS","1975-03-19",168733,2,"false","0t5bpv5d1tikekonhdawod2ht","2022-04-10T14:30:25Z","glam rock,glam metal,hard rock,rock,classic rock","Universal Music Group",0.656,0.931,1,-5.827,1,0.0976,0.046,0,0.0543,0.909,144.747,4
"133","spotify:track:2ZSCy3P1QzpJySCWA6NRIU","I Was Made For Lovin' You","Dynasty (Remastered Version)","KISS","1979-03-23",271240,5,"false","0t5bpv5d1tikekonhdawod2ht","2022-04-10T14:30:48Z","glam rock,glam metal,hard rock,rock,classic rock","Universal Music Group",0.768,0.852,4,-6.215,1,0.038,0.213,7.45e-05,0.0723,0.867,128.374,4
"134","spotify:track:60UZlV9G08xkjcmwsiVteK","I Want Candy","Love, Peace & Harmony The Best Of Bow Wow Wow","Bow Wow Wow","2008-06-02",161933,40,"false","0t5bpv5d1tikekonhdawod2ht","2022-04-10T14:31:02Z","new wave","Sony BMG Music Entertainment",0.674,0.797,7,-8.205,1,0.0807,0.00261,0.0358,0.0832,0.688,110.062,4
"135","spotify:track:38Ngied9rBORlAbLYNCl4k","Once in a Lifetime - 2005 Remaster","Remain in Light (Deluxe Version)","Talking Heads","1980-10-08",259906,71,"false","0t5bpv5d1tikekonhdawod2ht","2022-04-10T14:31:34Z","new wave,post-punk","Rhino/Warner Records",0.644,0.919,2,-6.289,1,0.0561,0.181,0.134,0.622,0.871,117.459,4
"136","spotify:track:1TfqLAPs4K3s2rJMoCokcS","Sweet Dreams (Are Made of This) - 2005 Remaster","Sweet Dreams (Are Made Of This)","Eurythmics;Annie Lennox;Dave Stewart","1983-01-04",216933,88,"false","0t5bpv5d1tikekonhdawod2ht","2022-04-10T14:32:10Z","new wave,synthpop","RCA Records Label",0.692,0.711,0,-7.498,0,0.0317,0.225,0,0.12,0.875,125.135,4
"137","spotify:track:6kCJMxv445L2okuTiou1fR","Tell Her About It","An Innocent Man","Billy Joel","1983-08-08",235748,63,"false","0t5bpv5d1tikekonhdawod2ht","2022-04-10T14:32:36Z","soft rock","Columbia",0.565,0.894,8,-5.241,1,0.175,0.00777,0,0.49,0.737,182.262,4
"138","spotify:track:64UioB4Nmwgn2f4cbIpAkl","It's Still Rock and Roll to Me","Glass Houses","Billy Joel","1980-03-12",177597,73,"false","0t5bpv5d1tikekonhdawod2ht","2022-04-10T14:32:43Z","soft rock","Columbia",0.752,0.684,0,-7.599,1,0.15,0.0994,0,0.0897,0.539,141.075,4
"139","spotify:track:4VRJfWj7cNKivIggXeje8z","What I Like About You","Hits Of The 80s (100 Songs)","The Romantics","2009-01-16",174933,47,"false","0t5bpv5d1tikekonhdawod2ht","2022-04-10T14:34:48Z","power pop","SBCMG",0.426,0.957,9,-5.552,1,0.0634,0.00162,0.000617,0.291,0.888,159.977,4
"140","spotify:track:5kz9GDBTX846OXwqWoyKzF","We Got The Beat","Beauty And The Beat","The Go-Go's","1981-01-01",153133,63,"false","0t5bpv5d1tikekonhdawod2ht","2022-04-10T14:34:52Z","new wave","A&M",0.587,0.994,2,-5.61,1,0.0451,0.157,0.0767,0.0319,0.482,151.938,4
"141","spotify:track:0wQy2OO7jKjm0OOmA7gv3f","Thriller - 2003 Edit","Number Ones","Michael Jackson","2003-11-17",312794,62,"false","0t5bpv5d1tikekonhdawod2ht","2022-04-10T14:38:57Z","","Epic",0.775,0.852,11,-4.813,1,0.0528,0.0892,2.35e-05,0.823,0.836,118.561,4
"142","spotify:track:1z3ugFmUKoCzGsI6jdY4Ci","Like a Prayer","Celebration (double disc version)","Madonna","2009-09-18",342680,17,"false","0t5bpv5d1tikekonhdawod2ht","2022-04-10T14:39:22Z","","Warner Records",0.625,0.842,5,-5.285,1,0.0376,0.264,2.12e-05,0.181,0.26,111.038,4
"143","spotify:track:300zfRaCgTmEm5Eqe3HqZZ","Ghostbusters - from the ""Ghostbusters"" Original Motion Picture Soundtrack","Arista Heritage Series: Ray Parker","Ray Parker Jr.","2000-02-08",240800,60,"false","0t5bpv5d1tikekonhdawod2ht","2022-04-10T14:40:22Z","","Arista",0.779,0.717,6,-9.7,0,0.0335,0.0125,0.0536,0.355,0.789,115.384,4
"144","spotify:track:1ynmMEK1fkyiZ6Z6F3ThEt","Centerfold","Freeze Frame","The J. Geils Band","1981",216533,74,"false","0t5bpv5d1tikekonhdawod2ht","2022-04-10T14:46:57Z","classic rock","EMI/EMI Records (USA)",0.653,0.677,0,-12.244,1,0.0396,0.249,0,0.403,0.888,114.374,4
"145","spotify:track:59xhCcRskqyMtKzdvLZDfV","Allentown","The Nylon Curtain","Billy Joel","1982-06-23",232232,58,"false","0t5bpv5d1tikekonhdawod2ht","2022-04-10T14:47:29Z","soft rock","Columbia",0.69,0.837,7,-8.312,1,0.0289,0.127,7.2e-06,0.102,0.967,113.817,4
"146","spotify:track:1Je1IMUlBXcx1Fz0WE7oPT","Wannabe","Spice","Spice Girls","1996-01-01",173026,84,"false","0t5bpv5d1tikekonhdawod2ht","2022-04-10T14:56:32Z","","Virgin Records",0.768,0.864,11,-6.149,1,0.0324,0.101,0,0.162,0.891,110.009,4
"147","spotify:track:1Oi2zpmL81Q0yScF1zxaC0","Bills, Bills, Bills","The Writing's On The Wall","Destiny's Child","1999-07-27",256026,74,"false","0t5bpv5d1tikekonhdawod2ht","2022-04-10T14:56:46Z","","Columbia",0.845,0.576,11,-5.15,0,0.153,0.139,0,0.0764,0.461,127.641,4
"148","spotify:track:7sJN693sYKEIEMu7fc5VnJ","Whatta Man","Very Necessary","Salt-N-Pepa;En Vogue","1993-10-12",308360,65,"false","0t5bpv5d1tikekonhdawod2ht","2022-04-10T14:56:50Z","old school hip hop,new jack swing","Mercury Records",0.756,0.544,5,-10.721,1,0.219,0.154,6.21e-05,0.225,0.921,173.2,4
"149","spotify:track:6kQz6t5z1FK4uohPh8Kd73","Let's Get Loud","On The 6","Jennifer Lopez","1999-04-20",238226,78,"false","0t5bpv5d1tikekonhdawod2ht","2022-04-10T14:57:29Z","","Work",0.82,0.937,5,-4.81,0,0.0542,0.139,7.51e-05,0.325,0.922,131.006,4
"150","spotify:track:7aQjPecQdIuNd1sz3KCDhD","Lovefool","First Band On The Moon (Remastered)","The Cardigans","1996-01-01",193953,87,"false","0t5bpv5d1tikekonhdawod2ht","2022-04-10T14:57:34Z","swedish pop","Universal Music AB",0.704,0.636,9,-6.029,1,0.0252,0.0344,0,0.35,0.89,111.845,4
"151","spotify:track:0Ph6L4l8dYUuXFmb71Ajnd","Livin' la Vida Loca","Ricky Martin","Ricky Martin","1999",243160,82,"false","0t5bpv5d1tikekonhdawod2ht","2022-04-10T14:57:46Z","latin pop","C2Records/Columbia",0.425,0.954,1,-3.756,0,0.0476,0.00414,0,0.0555,0.933,178.043,4
"152","spotify:track:5lA6mFOvaiienokVbTZEQx","Mambo No. 5 (A Little Bit of...)","King of Mambo","Lou Bega","2002-05-31",219600,4,"false","0t5bpv5d1tikekonhdawod2ht","2022-04-10T14:57:50Z","","Ariola Express",0.607,0.802,5,-6.849,0,0.403,0.107,0,0.305,0.901,174.201,4
"153","spotify:track:7MCNnnmwm7TXMh7xyNGohi","Baby Got Back","Mack Daddy","Sir Mix-A-Lot","1992-01-01",262826,0,"true","0t5bpv5d1tikekonhdawod2ht","2022-04-10T14:58:01Z","old school hip hop","Universal Music Group",0.933,0.664,1,-11.281,1,0.311,0.00471,0,0.0908,0.616,128.467,4
"154","spotify:track:27QvYgBk0CHOVHthWnkuWt","Vogue","Celebration (double disc version)","Madonna","2009-09-18",316813,10,"false","0t5bpv5d1tikekonhdawod2ht","2022-04-10T14:58:09Z","","Warner Records",0.737,0.88,6,-6.449,1,0.0433,0.00379,0.00351,0.417,0.329,115.997,4
"155","spotify:track:6qspW4YKycviDFjHBOaqUY","Waterfalls","Crazysexycool","TLC","1994-11-15",279506,81,"false","0t5bpv5d1tikekonhdawod2ht","2022-04-10T14:58:13Z","","Arista/LaFace Records",0.769,0.505,1,-7.345,1,0.0829,0.311,7.49e-05,0.0777,0.757,171.804,4
"156","spotify:track:2UVLuddklEVak5PXgC7baA","Groove Is in the Heart","Rhino Hi-Five: Deee-Lite","Deee-Lite","2005-04-19",231786,3,"false","0t5bpv5d1tikekonhdawod2ht","2022-04-10T14:58:33Z","","Rhino/London-Sire",0.694,0.881,1,-4.053,0,0.0701,0.0153,0.0196,0.0851,0.924,121.554,4
"157","spotify:track:5ZrDlcxIDZyjOzHdYW1ydr","Barbie Girl","Aquarium (Special Edition)","Aqua","1997-01-01",197960,79,"false","0t5bpv5d1tikekonhdawod2ht","2022-04-10T14:58:46Z","europop,eurodance","Universal Music A/S",0.812,0.879,1,-10.998,0,0.0397,0.017,0.224,0.365,0.962,129.991,4
"158","spotify:track:6RT3PxDEQOa7m6tK502DNa","How Bizarre","How Bizarre","OMC","1996",224053,0,"false","0t5bpv5d1tikekonhdawod2ht","2022-04-10T14:58:51Z","","Universal Music LLC",0.784,0.675,0,-7.718,1,0.049,0.261,1.4e-06,0.293,0.854,124.908,4
"159","spotify:track:11mwFrKvLXCbcVGNxffGyP","Genie In a Bottle","Christina Aguilera (Expanded Edition)","Christina Aguilera","1999",217573,86,"false","0t5bpv5d1tikekonhdawod2ht","2022-04-10T14:59:02Z","","RCA Records Label",0.633,0.8,1,-6.945,1,0.166,0.209,0.000123,0.137,0.913,175.716,4
"160","spotify:track:6mz1fBdKATx6qP4oP1I65G","Pony","R&B: From Doo-Wop To Hip-Hop","Ginuwine","1999-10-08",251733,77,"true","0t5bpv5d1tikekonhdawod2ht","2022-04-10T14:59:06Z","r&b","Sony Music Entertainment",0.749,0.605,8,-9.359,0,0.086,0.00186,0.0381,0.115,0.966,142.024,4
"161","spotify:track:6J6RWKCPN5RFKHUKEUFjxS","Step by Step","Step By Step","New Kids On The Block","1990-06-04",267293,65,"false","0t5bpv5d1tikekonhdawod2ht","2022-04-10T15:00:02Z","","Columbia",0.787,0.63,0,-12.295,1,0.0609,0.0274,6.69e-06,0.161,0.882,125.347,4
"162","spotify:track:1B75hgRqe7A4fwee3g3Wmu","U Can't Touch This","Please Hammer Don't Hurt 'Em","MC Hammer","1990-02-20",257359,78,"false","0t5bpv5d1tikekonhdawod2ht","2022-04-10T15:00:08Z","","EMI/EMI Records (USA)",0.867,0.517,11,-13.22,0,0.088,0.00449,0.000343,0.0864,0.862,133.149,4
"163","spotify:track:36rXHqN7D1ETFhyKXXKs4w","Gonna Make You Sweat (Everybody Dance Now) (feat. Freedom Williams)","Gonna Make You Sweat","C & C Music Factory;Freedom Williams","1990-12-18",243693,69,"false","0t5bpv5d1tikekonhdawod2ht","2022-04-10T15:00:43Z","hip house","Columbia",0.557,0.74,6,-10.999,1,0.0879,0.0018,0.422,0.148,0.801,114.379,4
"164","spotify:track:06hsdMbBxWGqBO0TV0Zrkf","Cotton Eye Joe","Sex & Violins","Rednex","1994-08-12",194000,76,"false","0t5bpv5d1tikekonhdawod2ht","2022-04-10T15:00:51Z","","Muunshine Muusic",0.729,0.936,9,-7.536,1,0.0776,0.0129,0.000892,0.0367,0.598,131.986,4
"165","spotify:track:7dfl9X38RhIvB3oSmmneq3","I'll Make Love To You","II","Boyz II Men","1994-08-30",236760,71,"false","0t5bpv5d1tikekonhdawod2ht","2022-04-10T15:01:02Z","new jack swing,r&b,quiet storm","Motown",0.559,0.49,2,-8.06,1,0.0247,0.104,0,0.099,0.201,142.445,3
"166","spotify:track:5ghIJDpPoe3CfHMGu71E6T","Smells Like Teen Spirit","Nevermind (Remastered)","Nirvana","1991-09-26",301920,84,"false","0t5bpv5d1tikekonhdawod2ht","2022-04-10T15:03:07Z","grunge,rock","Geffen",0.502,0.912,1,-4.556,1,0.0564,2.55e-05,0.000173,0.106,0.72,116.761,4
"167","spotify:track:6m59VvDUi0UQsB2eZ9wVbH","Poison","Poison","Bell Biv DeVoe","1990-01-01",261853,79,"false","0t5bpv5d1tikekonhdawod2ht","2022-04-10T15:04:37Z","new jack swing","Geffen",0.84,0.56,6,-10.53,0,0.21,0.00195,0.00417,0.633,0.775,111.815,4
"168","spotify:track:7H6ev70Weq6DdpZyyTmUXk","Say My Name","The Writing's On The Wall","Destiny's Child","1999-07-27",271333,85,"false","0t5bpv5d1tikekonhdawod2ht","2022-04-10T15:04:43Z","","Columbia",0.713,0.678,5,-3.525,0,0.102,0.273,0,0.149,0.734,138.009,4
"169","spotify:track:43bqcQaFWdJHLJrj1Y2aCl","Everlasting Love","Hold Me, Thrill Me, Kiss Me","Gloria Estefan","1994-10-14",241533,36,"false","0t5bpv5d1tikekonhdawod2ht","2022-04-10T15:07:57Z","","Epic",0.709,0.813,7,-7.056,1,0.0393,0.157,0,0.114,0.854,128.875,4
"170","spotify:track:2yAVzRiEQooPEJ9SYx11L3","Blue (Da Ba Dee) - Gabry Ponte Ice Pop Radio","Europop","Eiffel 65;Gabry Ponte","1999",283747,10,"false","0t5bpv5d1tikekonhdawod2ht","2022-04-10T15:08:27Z","italo dance,eurodance,europop,slap house","Hits Only",0.822,0.969,7,-11.471,0,0.0582,0.259,0.000153,0.39,0.765,128.007,4
"171","spotify:track:0ofMkI3jzmGCElAOgOLeo3","The Rhythm of the Night","The Rhythm of the Night","Corona","1994",264280,12,"false","0t5bpv5d1tikekonhdawod2ht","2022-04-10T15:08:40Z","eurodance","DWA Records",0.69,0.805,5,-11.522,0,0.0336,0.000232,0.739,0.095,0.799,127.808,4
"172","spotify:track:70jtZsS59vhmyZSsln0std","Whoomp! There It Is","Whoomp! There It Is","Tag Team","1993-05-07",226026,2,"false","0t5bpv5d1tikekonhdawod2ht","2022-04-10T15:09:55Z","miami bass","Life Records",0.8,0.639,4,-7.406,0,0.0439,0.00123,0,0.0803,0.45,129.443,4
"173","spotify:track:683hRieVmYdAhVA1DkjSAk","Space Jam","Space Jam (Music From And Inspired By The Motion Picture)","Quad City DJ's","1996-11-12",304960,66,"false","0t5bpv5d1tikekonhdawod2ht","2022-04-10T15:13:15Z","miami bass","Rhino Atlantic",0.798,0.952,11,-4.78,0,0.0401,0.064,0.000513,0.287,0.843,132.031,4
"174","spotify:track:6dHTkQYY3zdR9i9Nj0IGVW","I Like To Move It (feat. The Mad Stuntman) - Erick ""More"" Album Mix","Move It!","Reel 2 Real;The Mad Stuntman;Erick Morillo","1994-10-10",230760,5,"false","0t5bpv5d1tikekonhdawod2ht","2022-04-10T15:14:57Z","eurodance,soca","Strictly Rhythm Records",0.862,0.781,5,-8.546,0,0.0786,0.0392,0.00029,0.125,0.764,122.934,4
"175","spotify:track:31er9IGsfFbwqy1pH4aiTP","I Have Nothing","The Bodyguard - Original Soundtrack Album","Whitney Houston","1992-11-17",289160,81,"false","0t5bpv5d1tikekonhdawod2ht","2022-04-10T15:16:01Z","","Arista",0.541,0.401,0,-10.499,1,0.0365,0.576,0,0.164,0.24,152.943,3
"176","spotify:track:5vQXxfGn1bjv5WESrYVVpw","Just Dance","Just Dance","Lady Gaga;Colby O'Donis","2008-01-01",244440,49,"false","0t5bpv5d1tikekonhdawod2ht","2022-04-10T15:21:26Z","art pop,pop","Streamline/Interscope",0.821,0.741,1,-4.57,0,0.0313,0.0278,2.51e-05,0.19,0.741,118.984,4
"177","spotify:track:1v7L65Lzy0j0vdpRjJewt1","Lose Yourself","Just Lose It","Eminem","2004-01-01",322226,84,"true","0t5bpv5d1tikekonhdawod2ht","2022-04-10T15:21:53Z","rap,hip hop","Eminem Catalog PS",0.686,0.735,2,-4.616,1,0.264,0.00921,0.00066,0.342,0.0596,171.355,4
"178","spotify:track:2igwFfvr1OAGX9SKDCPBwO","Empire State Of Mind","The Blueprint 3","JAŸ-Z;Alicia Keys","2009-09-08",276920,91,"true","0t5bpv5d1tikekonhdawod2ht","2022-04-10T15:21:58Z","hip hop,east coast hip hop,rap,r&b,neo soul","Roc Nation / Jay-Z",0.491,0.956,11,-1.538,1,0.392,0.0295,0,0.46,0.811,173.585,4
"179","spotify:track:6Q44rxzH39y2tjic98Spo5","Fergalicious","The Dutchess","Fergie;will.i.am","2006-09-13",292373,69,"true","0t5bpv5d1tikekonhdawod2ht","2022-04-10T15:22:07Z","","Will I Am / Fergie LP1",0.906,0.583,8,-7.721,0,0.317,0.0569,0,0.126,0.829,129.056,4
"180","spotify:track:7jk7gqyEonmVVYahZN5zhW","Circus","Circus (Deluxe Version)","Britney Spears","2008-12-02",192359,83,"false","0t5bpv5d1tikekonhdawod2ht","2022-04-10T15:22:34Z","pop","Jive",0.791,0.733,6,-5.215,0,0.052,0.147,0.000381,0.0713,0.761,114.98,4
"181","spotify:track:455AfCsOhhLPRc68sE01D8","Last Friday Night (T.G.I.F.)","Teenage Dream: The Complete Confection","Katy Perry","2012-03-12",230746,78,"false","0t5bpv5d1tikekonhdawod2ht","2022-04-10T15:22:39Z","pop","Capitol Records",0.649,0.814,3,-3.796,0,0.0416,0.00125,4.29e-05,0.671,0.764,126.031,4
"182","spotify:track:22UDw8rSfLbUsaAGTXQ4Z8","American Boy","Shine","Estelle;Kanye West","2008-03-28",284733,6,"true","0t5bpv5d1tikekonhdawod2ht","2022-04-10T15:22:43Z","rap","Woah Dad!",0.727,0.729,0,-2.99,1,0.326,0.171,0,0.07,0.512,117.932,4
"183","spotify:track:4E6cwWJWZw2zWf7VFbH7wf","Love Song","Little Voice","Sara Bareilles","2007-07-03",258483,75,"false","0t5bpv5d1tikekonhdawod2ht","2022-04-10T15:22:56Z","","Epic",0.583,0.786,2,-3.142,0,0.0301,0.0208,0,0.188,0.573,123.055,4
"184","spotify:track:4fbaKWFRghusXd4bSBvvfN","Toxic","Mother's Day Songs","Britney Spears","2018-03-02",198800,49,"false","0t5bpv5d1tikekonhdawod2ht","2022-04-10T15:23:12Z","pop","Sony Music CG",0.774,0.838,5,-3.914,0,0.114,0.0249,0.0244,0.242,0.924,143.04,4
"185","spotify:track:14iN3o8ptQ8cFVZTEmyQRV","I Kissed A Girl","One Of The Boys","Katy Perry","2008-06-17",179640,80,"false","0t5bpv5d1tikekonhdawod2ht","2022-04-10T15:23:17Z","pop","Capitol Records",0.702,0.76,5,-3.174,1,0.0684,0.00226,0,0.132,0.696,129.996,4
"186","spotify:track:3iJTbZDSnZ676y5qObWDm0","Since U Been Gone","Since U Been Gone","Kelly Clarkson","2005-01-01",188960,50,"false","0t5bpv5d1tikekonhdawod2ht","2022-04-10T15:23:21Z","christmas","RCA Records Label",0.664,0.741,0,-5.391,1,0.0343,0.00169,0.0502,0.113,0.409,131.006,4
"187","spotify:track:2V4bv1fNWfTcyRJKmej6Sj","Cooler Than Me - Single Mix","31 Minutes to Takeoff","Mike Posner;Gigamesh","2010-08-09",213293,83,"false","0t5bpv5d1tikekonhdawod2ht","2022-04-10T15:26:20Z","nu disco,french house","J Records",0.768,0.82,7,-4.63,0,0.0474,0.179,0,0.689,0.625,129.965,4
"188","spotify:track:456WNXWhDwYOSf5SpTuqxd","Dog Days Are Over","Lungs (Deluxe Version)","Florence + The Machine","2009",252818,85,"false","0t5bpv5d1tikekonhdawod2ht","2022-04-10T15:26:30Z","baroque pop","Universal-Island Records Ltd.",0.501,0.809,7,-5.264,1,0.0938,0.0338,0.00602,0.119,0.258,149.964,4
"189","spotify:track:6ic8OlLUNEATToEFU3xmaH","Gimme More","Blackout","Britney Spears","2007-10-25",251244,88,"true","0t5bpv5d1tikekonhdawod2ht","2022-04-10T15:26:54Z","pop","Jive",0.788,0.844,2,-3.131,1,0.0334,0.25,0.000678,0.0723,0.382,113.324,4
"190","spotify:track:5ZdzNVOmCSp5HFLk0EgvJS","Dirty Little Secret","Move Along","The All-American Rejects","2005-07-12",193653,62,"false","0t5bpv5d1tikekonhdawod2ht","2022-04-10T15:26:58Z","pop punk,emo","Interscope",0.469,0.955,10,-4.253,1,0.0432,0.000343,1.35e-06,0.548,0.462,143.853,4
"191","spotify:track:4omisSlTk6Dsq2iQD7MA07","Sk8er Boi","Let Go","Avril Lavigne","2002-08-26",204000,1,"false","0t5bpv5d1tikekonhdawod2ht","2022-04-10T15:27:02Z","","Arista",0.487,0.9,0,-4.417,1,0.0482,6.79e-05,0,0.358,0.484,149.937,4
"192","spotify:track:0JiY190vktuhSGN6aqJdrt","So What","Funhouse (Expanded Edition)","P!nk","2008-10-24",215160,80,"true","0t5bpv5d1tikekonhdawod2ht","2022-04-10T15:27:05Z","","LaFace Records",0.534,0.87,11,-3.078,0,0.0425,0.000334,0,0.241,0.462,126.019,4
"193","spotify:track:0HPD5WQqrq7wPWR7P7Dw1i","TiK ToK","Animal (Expanded Edition)","Kesha","2010-01-01",199693,88,"false","0t5bpv5d1tikekonhdawod2ht","2022-04-10T15:27:10Z","","RCA Records Label",0.755,0.837,2,-2.718,0,0.142,0.0991,0,0.289,0.714,120.028,4
"194","spotify:track:4KTtYhxFtFL7mBwnjkKfLm","Glamorous","The Dutchess","Fergie;Ludacris","2006-09-13",246573,76,"true","0t5bpv5d1tikekonhdawod2ht","2022-04-10T15:27:16Z","southern hip hop","Will I Am / Fergie LP1",0.81,0.755,0,-6.408,1,0.199,0.291,0,0.0857,0.625,130.991,4
"195","spotify:track:4fixebDZAVToLbUCuEloa2","Womanizer","Circus (Deluxe Version)","Britney Spears","2008-12-02",224034,84,"false","0t5bpv5d1tikekonhdawod2ht","2022-04-10T15:27:22Z","pop","Jive",0.724,0.695,11,-5.226,1,0.0622,0.073,0,0.0889,0.235,139,4
"196","spotify:track:1vrd6UOGamcKNGnSHJQlSt","Love Story","Fearless","Taylor Swift","2008-11-11",235266,72,"false","0t5bpv5d1tikekonhdawod2ht","2022-04-10T15:27:27Z","","Taylor Swift",0.618,0.741,2,-3.95,1,0.031,0.17,0,0.0822,0.296,118.984,4
"197","spotify:track:05qq6mwIbG1ZsQhlMKyDwN","Raise Your Glass","Greatest Hits...So Far!!!","P!nk","2010-11-12",203266,51,"true","0t5bpv5d1tikekonhdawod2ht","2022-04-10T15:27:35Z","","LaFace Records",0.7,0.708,7,-4.952,1,0.0869,0.00624,0,0.031,0.619,122.029,4
"198","spotify:track:0iGckQFyv6svOfAbAY9aWJ","Hot N Cold","One Of The Boys","Katy Perry","2008-06-17",220226,82,"false","0t5bpv5d1tikekonhdawod2ht","2022-04-10T15:27:42Z","pop","Capitol Records",0.706,0.842,7,-3.956,1,0.0417,7.73e-05,0,0.0688,0.861,132.032,4
"199","spotify:track:3kMrazSvILsgcwtidZd1Qd","Bulletproof","La Roux","La Roux","2009",205733,78,"false","0t5bpv5d1tikekonhdawod2ht","2022-04-10T15:27:47Z","","Polydor Records",0.674,0.882,3,-2.771,0,0.0477,0.000441,6.62e-05,0.068,0.682,123.017,4
"200","spotify:track:6SKwQghsR8AISlxhcwyA9R","Marry You","Doo-Wops & Hooligans","Bruno Mars","2010-05-11",230192,85,"false","0t5bpv5d1tikekonhdawod2ht","2022-04-10T15:27:55Z","","Elektra (NEK)",0.621,0.82,10,-4.865,1,0.0367,0.332,0,0.104,0.452,144.905,4
"201","spotify:track:2VOomzT6VavJOGBeySqaMc","Disturbia","Good Girl Gone Bad: Reloaded","Rihanna","2008-06-02",238626,86,"false","0t5bpv5d1tikekonhdawod2ht","2022-04-10T15:27:59Z","","Def Jam Recordings",0.707,0.814,11,-4.509,0,0.0577,0.0861,0,0.168,0.717,124.921,4
"202","spotify:track:0eqH0ALoDQevq59YcQ53KE","Hollaback Girl","Love. Angel. Music. Baby.","Gwen Stefani","2004-11-12",199853,77,"true","0t5bpv5d1tikekonhdawod2ht","2022-04-10T15:28:05Z","","Interscope",0.926,0.916,10,-2.221,0,0.0929,0.35,6.01e-06,0.0234,0.904,110.009,4
"203","spotify:track:2TfSHkHiFO4gRztVIkggkE","Sugar, We're Goin Down","From Under The Cork Tree","Fall Out Boy","2005-05-03",229093,83,"false","0t5bpv5d1tikekonhdawod2ht","2022-04-10T15:28:08Z","emo,pop punk","Island Records",0.494,0.842,7,-4.784,1,0.0843,0.00579,0,0.122,0.574,162.011,4
"204","spotify:track:0IktbUcnAGrvD03AWnz3Q8","Lucky","We Sing. We Dance. We Steal Things.","Jason Mraz;Colbie Caillat","2008-05-01",189613,77,"false","0t5bpv5d1tikekonhdawod2ht","2022-04-10T15:28:17Z","soft pop,acoustic pop","Atlantic Records/ATG",0.625,0.414,0,-8.7,1,0.0369,0.294,0,0.151,0.669,130.088,4
"205","spotify:track:3ydfhgIZIc2j39NLIhpJpq","Fuck You","The Lady Killer (Deluxe)","CeeLo Green","2010-11-09",223694,65,"true","0t5bpv5d1tikekonhdawod2ht","2022-04-10T15:28:26Z","","Radiculture/Elektra",0.693,0.879,0,-3.988,1,0.0578,0.193,0,0.124,0.753,127.457,4
"206","spotify:track:1lkvpmrCaXK8QtliFDcHBO","Bubbly","Coco","Colbie Caillat","2007-01-01",196226,76,"false","0t5bpv5d1tikekonhdawod2ht","2022-04-10T15:28:29Z","","Universal Records",0.688,0.477,9,-6.684,1,0.036,0.594,0,0.115,0.257,127.866,4
"207","spotify:track:4bPQs0PHn4xbipzdPfn6du","I Write Sins Not Tragedies","A Fever You Can't Sweat Out","Panic! At The Disco","2005-09-27",186634,80,"true","0t5bpv5d1tikekonhdawod2ht","2022-04-10T15:28:33Z","emo","Decaydance Records / Fueled By Ramen",0.569,0.83,9,-4.106,0,0.14,0.0807,0,0.114,0.609,170.094,4
"208","spotify:track:2CEgGE6aESpnmtfiZwYlbV","Dynamite","The Rokstarr Hits Collection","Taio Cruz","2010-01-01",202613,78,"false","0t5bpv5d1tikekonhdawod2ht","2022-04-10T15:28:37Z","","Universal-Island Records Ltd.",0.751,0.781,4,-3.724,1,0.0862,0.0039,0,0.036,0.814,119.977,4
"209","spotify:track:49FYlytm3dAAraYgpoJZux","Umbrella","Good Girl Gone Bad: Reloaded","Rihanna;JAŸ-Z","2008-06-02",275986,89,"false","0t5bpv5d1tikekonhdawod2ht","2022-04-10T15:28:41Z","hip hop,east coast hip hop,rap","Def Jam Recordings",0.585,0.828,1,-4.603,1,0.124,0.00906,0,0.0426,0.584,174.034,4
"210","spotify:track:6ldwfK0yWgTAlmIfuQkTYN","I'm a Slave 4 U","Britney (Digital Deluxe Version)","Britney Spears","2001-10-31",203600,75,"false","0t5bpv5d1tikekonhdawod2ht","2022-04-10T15:28:46Z","pop","Jive",0.847,0.843,5,-3.579,0,0.106,0.415,0.000134,0.107,0.963,110.027,4
"211","spotify:track:5R9a4t5t5O0IsznsrKPVro","Single Ladies (Put a Ring on It)","I AM...SASHA FIERCE","Beyoncé","2008-11-17",193213,71,"false","0t5bpv5d1tikekonhdawod2ht","2022-04-10T15:28:50Z","","Music World Music/Columbia",0.426,0.584,1,-5.293,1,0.296,0.0383,0,0.188,0.272,193.437,4
"212","spotify:track:0eGsygTp906u18L0Oimnem","Mr. Brightside","Hot Fuss","The Killers","2004-06-15",222075,11,"false","0t5bpv5d1tikekonhdawod2ht","2022-04-10T15:29:04Z","alternative rock","Universal Music Group",0.351,0.928,1,-3.71,1,0.0759,0.00113,0,0.0988,0.239,148.03,4
"213","spotify:track:6MjiVEJy1YVuJNFu72OH61","Bad Romance","Bad Romance","Lady Gaga","2009-01-01",294640,1,"false","0t5bpv5d1tikekonhdawod2ht","2022-04-10T15:29:07Z","art pop,pop","Universal Music",0.695,0.919,0,-3.769,1,0.0381,0.00264,4.1e-05,0.062,0.717,119.002,4
"214","spotify:track:0O45fw2L5vsWpdsOdXwNAR","SexyBack (feat. Timbaland)","FutureSex/LoveSounds","Justin Timberlake;Timbaland","2006-09-12",242733,88,"true","0t5bpv5d1tikekonhdawod2ht","2022-04-10T15:29:12Z","","Jive",0.967,0.583,7,-5.562,0,0.0789,0.0584,0,0.0519,0.964,117,4
"215","spotify:track:10ViidwjGLCfVtGPfdcszR","Home","Up From Below","Edward Sharpe & The Magnetic Zeros","2009-07-13",306320,1,"false","0t5bpv5d1tikekonhdawod2ht","2022-04-10T15:29:33Z","","Rough Trade",0.545,0.59,2,-6.693,1,0.0327,0.32,0.000389,0.124,0.127,111.739,4
"216","spotify:track:2ygMBIctKIAfbEBcT9065L","Pump It","Monkey Business","Black Eyed Peas","2005-01-01",213066,87,"true","0t5bpv5d1tikekonhdawod2ht","2022-04-10T15:29:40Z","","Interscope",0.648,0.931,1,-3.15,0,0.181,0.00937,0,0.752,0.744,153.649,4
"217","spotify:track:0ByMNEPAPpOR5H69DVrTNy","Don't Stop The Music","Good Girl Gone Bad: Reloaded","Rihanna","2008-06-02",267080,90,"false","0t5bpv5d1tikekonhdawod2ht","2022-04-10T15:29:44Z","","Def Jam Recordings",0.834,0.669,6,-5.582,0,0.0637,0.0341,7.18e-05,0.0535,0.547,122.669,4
"218","spotify:track:6RX5iL93VZ5fKmyvNXvF1r","Irreplaceable","B'Day Deluxe Edition","Beyoncé","2007-05-29",227853,75,"false","0t5bpv5d1tikekonhdawod2ht","2022-04-10T15:29:55Z","","Columbia",0.447,0.694,7,-4.637,0,0.382,0.0293,5.46e-06,0.167,0.509,175.868,4
"219","spotify:track:1QV6tiMFM6fSOKOGLMHYYg","Poker Face","The Fame","Lady Gaga","2008-01-01",237200,88,"true","0t5bpv5d1tikekonhdawod2ht","2022-04-10T15:29:59Z","art pop,pop","Streamline/Interscope",0.851,0.806,4,-4.618,1,0.0787,0.119,1.72e-06,0.121,0.774,119.001,4
"220","spotify:track:1peT7rhuRsVvJVSSd0iXXp","Beautiful Girls","Pure... 2000s Party","Sean Kingston","2014-08-29",241666,48,"false","0t5bpv5d1tikekonhdawod2ht","2022-04-10T15:30:07Z","","Sony Music Entertainment",0.543,0.642,4,-6.532,1,0.0887,0.138,0,0.243,0.743,117.923,4
"221","spotify:track:0CAfXk7DXMnon4gLudAp7J","Low (feat. T-Pain)","Mail on Sunday","Flo Rida;T-Pain","2008-03-17",231400,88,"false","0t5bpv5d1tikekonhdawod2ht","2022-04-10T15:30:44Z","","Poe Boy/Atlantic",0.918,0.609,10,-5.64,0,0.0791,0.0928,0,0.139,0.304,128.008,4
"222","spotify:track:4lLtanYk6tkMvooU0tWzG8","Grenade","Doo-Wops & Hooligans","Bruno Mars","2010-05-11",222091,84,"false","0t5bpv5d1tikekonhdawod2ht","2022-04-10T15:30:49Z","","Elektra (NEK)",0.704,0.558,2,-7.273,0,0.0542,0.148,0,0.107,0.245,110.444,4
"223","spotify:track:0UaMYEvWZi0ZqiDOoHU3YI","Lose Control (feat. Ciara & Fat Man Scoop)","The Cookbook","Missy Elliott;Ciara;Fatman Scoop","2005-07-04",226863,74,"true","0t5bpv5d1tikekonhdawod2ht","2022-04-10T15:30:53Z","hip hop","Atlantic Records/ATG",0.904,0.813,4,-7.105,0,0.121,0.0311,0.00697,0.0471,0.81,125.461,4
"224","spotify:track:3Zwu2K0Qa5sT6teCCHPShP","Thnks fr th Mmrs","Infinity On High","Fall Out Boy","2007-01-01",203506,83,"false","0t5bpv5d1tikekonhdawod2ht","2022-04-10T15:31:03Z","emo,pop punk","Island Records",0.46,0.892,10,-5.046,0,0.0619,0.0051,0,0.106,0.59,154.844,4
"225","spotify:track:6dgWWAs5yhWPOtvE1zuoQ1","Big Girls Don't Cry (Personal)","The Dutchess","Fergie","2006-09-13",268120,77,"false","0t5bpv5d1tikekonhdawod2ht","2022-04-10T15:31:08Z","","Will I Am / Fergie LP1",0.707,0.642,7,-4.271,1,0.0337,0.204,0,0.0925,0.249,113.083,4
"226","spotify:track:24kGngQeXHt0uhffKpq0zj","Don't Cha","PCD (Revised International Version)","The Pussycat Dolls;Busta Rhymes","2005-01-01",272080,1,"false","0t5bpv5d1tikekonhdawod2ht","2022-04-10T15:31:19Z","east coast hip hop,old school hip hop,hip hop","Universal Music Group",0.875,0.631,1,-3.475,1,0.099,0.00542,2.54e-06,0.127,0.549,120.002,4
"227","spotify:track:2cMTIlktg3M9mXYqCPqw1J","Milkshake","Tasty","Kelis","2003-12-05",182626,6,"false","0t5bpv5d1tikekonhdawod2ht","2022-04-10T15:31:36Z","","Virgin Records",0.881,0.774,1,-6.068,1,0.0439,0.00986,0.0346,0.206,0.759,112.968,4
"228","spotify:track:4vp2J1l5RD4gMZwGFLfRAu","I Gotta Feeling","THE E.N.D. (THE ENERGY NEVER DIES)","Black Eyed Peas","2009-01-01",289133,9,"false","0t5bpv5d1tikekonhdawod2ht","2022-04-10T15:31:40Z","","Interscope",0.743,0.766,0,-6.375,1,0.0265,0.0873,0,0.509,0.61,127.96,4
"229","spotify:track:0a7BloCiNzLDD9qSQHh5m7","Dance, Dance","From Under The Cork Tree","Fall Out Boy","2005-05-03",180266,81,"false","0t5bpv5d1tikekonhdawod2ht","2022-04-10T15:31:49Z","emo,pop punk","Island Records",0.621,0.961,11,-3.198,0,0.154,0.00523,0,0.0854,0.449,114.451,4
"230","spotify:track:60jzFy6Nn4M0iD1d94oteF","Rude Boy","Rated R","Rihanna","2009-11-20",222920,82,"true","0t5bpv5d1tikekonhdawod2ht","2022-04-10T15:31:57Z","","Def Jam Recordings",0.563,0.75,11,-4.496,1,0.127,0.113,0,0.0788,0.812,173.909,4
"231","spotify:track:03yc0G2OoH1Eeyu7Piy8fK","I'm Yours","I'm Yours","Jason Mraz","2008-02-12",243494,59,"false","0t5bpv5d1tikekonhdawod2ht","2022-04-10T15:32:19Z","soft pop,acoustic pop","Atlantic Records/ATG",0.693,0.43,11,-9.395,1,0.0442,0.565,0,0.0928,0.731,151.001,4
"232","spotify:track:2wLMMcXV6sRtLijfLZP9oR","Sweet Dreams","I AM...SASHA FIERCE","Beyoncé","2008-11-14",208066,42,"false","0t5bpv5d1tikekonhdawod2ht","2022-04-10T15:32:38Z","","Music World Music/Columbia",0.693,0.825,1,-5.986,1,0.111,0.0896,1.85e-05,0.0618,0.788,121.953,4
"233","spotify:track:7xRNsqOQOgWbHV1nbXnfXN","Boom Boom Pow","THE E.N.D. (THE ENERGY NEVER DIES)","Black Eyed Peas","2009-01-01",251440,3,"true","0t5bpv5d1tikekonhdawod2ht","2022-04-10T15:32:42Z","","Interscope",0.867,0.857,9,-5.892,1,0.0663,0.13,0.00171,0.13,0.402,130.048,4
"234","spotify:track:7w87IxuO7BDcJ3YUqCyMTT","Pumped Up Kicks","Torches","Foster The People","2011-05-23",239600,90,"false","0t5bpv5d1tikekonhdawod2ht","2022-04-10T15:32:47Z","","Columbia",0.733,0.71,5,-5.849,0,0.0292,0.145,0.115,0.0956,0.965,127.975,4
"235","spotify:track:0k2GOhqsrxDTAbFFSdNJjT","Temperature","The Trinity","Sean Paul","2005-09-27",216320,88,"false","0t5bpv5d1tikekonhdawod2ht","2022-04-10T15:32:51Z","dancehall","VP Records",0.951,0.6,0,-4.675,0,0.0685,0.106,0,0.0712,0.822,125.04,4
"236","spotify:track:2Mpj1Ul5OFPyyP4wB62Rvi","Survivor","Survivor","Destiny's Child","2001-05-01",254026,73,"false","0t5bpv5d1tikekonhdawod2ht","2022-04-10T15:33:02Z","","Columbia",0.514,0.911,1,-2.027,0,0.41,0.0559,0,0.775,0.619,161.109,4
"237","spotify:track:2KrN3MCNztKcSleZgHEj83","Little Lion Man","Sigh No More","Mumford & Sons","2009-01-01",245173,72,"true","0t5bpv5d1tikekonhdawod2ht","2022-04-10T15:33:25Z","folk,indie folk,folk rock","Universal-Island Records Ltd.",0.517,0.492,5,-8.05,1,0.0272,0.0275,3.19e-05,0.0873,0.455,138.585,4
"238","spotify:track:5GorCbAP4aL0EJ16frG2hd","Boulevard of Broken Dreams","Greatest Hits: God's Favorite Band","Green Day","2017-11-17",262333,76,"true","0t5bpv5d1tikekonhdawod2ht","2022-04-10T15:34:45Z","punk,pop punk","Reprise",0.496,0.682,8,-4.095,1,0.0294,0.00552,2.94e-05,0.0589,0.474,167.06,4
"239","spotify:track:7kwiwQhWRBSP1PJv4ZFJUK","Chop Suey!","Toxicity","System Of A Down","2001-09-04",210240,2,"false","0t5bpv5d1tikekonhdawod2ht","2022-04-10T15:34:51Z","nu metal,metal,alternative metal,rap metal,rock","American",0.42,0.929,7,-3.899,0,0.121,0.000353,0.000747,0.122,0.3,127.204,4
"240","spotify:track:7j31rVgGX9Q2blT92VBEA0","Teenagers","The Black Parade","My Chemical Romance","2006-10-20",161920,85,"false","0t5bpv5d1tikekonhdawod2ht","2022-04-10T15:35:18Z","emo,pop punk","Reprise",0.463,0.857,4,-3.063,1,0.0632,0.0506,0,0.184,0.856,111.647,4
"241","spotify:track:6TfBA04WJ3X1d1wXhaCFVT","You're Gonna Go Far, Kid","Rise And Fall, Rage And Grace","The Offspring","2008-06-17",177826,85,"true","0t5bpv5d1tikekonhdawod2ht","2022-04-10T15:35:30Z","punk,skate punk","Concord Records",0.55,0.917,0,-3.159,1,0.0638,0.00428,0,0.197,0.601,126.115,4
"242","spotify:track:3mcG2NI5G5vhrQtRda1YnA","The Middle","Bleed American (Deluxe Edition)","Jimmy Eat World","2001",168253,8,"false","0t5bpv5d1tikekonhdawod2ht","2022-04-10T15:35:34Z","emo,pop punk","Interscope",0.629,0.897,2,-3.401,1,0.0483,0.0424,0,0.263,0.93,161.944,4
"243","spotify:track:1HNE2PX70ztbEl6MLxrpNL","In Too Deep","All Killer, No Filler","Sum 41","2001-01-01",207093,80,"false","0t5bpv5d1tikekonhdawod2ht","2022-04-10T15:36:01Z","pop punk,punk,skate punk","Island Records",0.569,0.843,9,-5.875,1,0.0503,0.000189,0,0.0607,0.76,116.045,4
"244","spotify:track:6otiaV2fagE3s8IvP6WkwG","I'm Just a Kid","No Pads, No Helmets...Just Balls (15th Anniversary Tour Edition)","Simple Plan","2002-03-19",198333,79,"false","0t5bpv5d1tikekonhdawod2ht","2022-04-10T15:36:10Z","pop punk,punk,emo","Rhino Atlantic",0.527,0.834,1,-5.531,1,0.0447,0.00107,0.000102,0.0993,0.422,110.065,4
"245","spotify:track:0J69x3mqm7U6tBPKsjpsWR","Dear Maria, Count Me In","So Wrong, It's Right","All Time Low","2007-09-25",182826,4,"false","0t5bpv5d1tikekonhdawod2ht","2022-04-10T15:36:14Z","pop punk,emo,punk","Hopeless Records",0.465,0.896,2,-3.126,1,0.0795,0.00725,0,0.206,0.569,181.014,4
"246","spotify:track:24Gxm7Eh7tO83E26LG0CsY","Hero","Escape","Enrique Iglesias","2001-01-01",264600,63,"false","0t5bpv5d1tikekonhdawod2ht","2022-04-10T15:37:30Z","latin pop,latin","Interscope",0.568,0.652,7,-5.616,1,0.0399,0.145,1.08e-05,0.107,0.146,151.975,4
"247","spotify:track:3GpbwCm3YxiWDvy29Uo3vP","Right Round","R.O.O.T.S. (Route of Overcoming the Struggle)","Flo Rida;Kesha","2009-03-23",204640,88,"false","0t5bpv5d1tikekonhdawod2ht","2022-04-10T15:37:51Z","","Poe Boy/Atlantic",0.72,0.672,7,-6.852,1,0.0551,0.009,0,0.232,0.705,124.986,4
"248","spotify:track:6Ksb7nVVaNWKyuLzPfdyZD","Go Girl","The Boatlift - Clean","Pitbull;Trina;Young Bo","2007-11-27",229613,43,"false","0t5bpv5d1tikekonhdawod2ht","2022-04-10T15:38:12Z","","The Orchard",0.986,0.62,8,-6.491,1,0.257,0.134,1.03e-05,0.101,0.804,114.993,4
"249","spotify:track:32yIEFS62uS5ryhr2Xlooj","Hotel Room Service","Hotel Room Service","Pitbull","2009-06-11",238506,63,"false","0t5bpv5d1tikekonhdawod2ht","2022-04-10T15:38:36Z","","Mr.305/Polo Grounds Music/J Records",0.849,0.599,6,-8.164,1,0.227,0.00301,0.000249,0.0763,0.761,126.003,4
"250","spotify:track:4r8lRYnoOGdEi6YyI5OC1o","Bye Bye Bye","No Strings Attached","*NSYNC","2000-03-21",200560,74,"false","0t5bpv5d1tikekonhdawod2ht","2022-04-10T15:38:39Z","","Jive",0.614,0.928,8,-4.806,0,0.0516,0.0408,0.00104,0.0845,0.879,172.656,4
"251","spotify:track:5lUTzPuiloBHm1qEaJcJfF","Candyman","Back To Basics","Christina Aguilera","2006-08-14",194213,68,"false","0t5bpv5d1tikekonhdawod2ht","2022-04-10T15:38:49Z","","RCA Records Label",0.686,0.789,8,-4.713,0,0.23,0.0125,0.0147,0.142,0.72,172.976,4
"252","spotify:track:1i1OuCNhNf7JwrlWlFZFu1","That's Not My Name","We Started Nothing","The Ting Tings","2007",310573,64,"false","0t5bpv5d1tikekonhdawod2ht","2022-04-10T15:39:06Z","alternative dance","Columbia",0.755,0.901,9,-3.152,1,0.0893,0.0451,0.0373,0.363,0.959,145.042,4
"253","spotify:track:5ZzXJzw8RI3gXGpgkzm1vl","Check On It (feat. Slim Thug)","Check On It (feat. Slim Thug)","Beyoncé;Slim Thug","2006-01-14",211186,46,"false","0t5bpv5d1tikekonhdawod2ht","2022-04-10T15:39:09Z","southern hip hop,crunk","Sony Urban Music/Columbia",0.7,0.887,7,-3.887,1,0.218,0.0805,0,0.376,0.883,166.104,4
"254","spotify:track:7jOuIhMrkiKj7bvYhRqaym","Low (feat. T-Pain)","Low (feat. T-Pain)","Flo Rida;T-Pain","2008-03-01",230000,54,"false","0t5bpv5d1tikekonhdawod2ht","2022-04-10T15:39:24Z","","Atlantic Records",0.87,0.693,10,-4.571,0,0.0593,0.0624,0,0.153,0.37,128.029,4
"255","spotify:track:1V4jC0vJ5525lEF1bFgPX2","Shots","Party Rock","LMFAO;Lil Jon","2009-01-01",222133,75,"true","0t5bpv5d1tikekonhdawod2ht","2022-04-10T15:39:30Z","crunk","Will I Am / A&M",0.825,0.856,1,-1.912,1,0.0476,0.00851,1.4e-06,0.127,0.207,128.016,4
"256","spotify:track:20jYtEun4dUdYZ9foaOC48","My Humps","Monkey Business","Black Eyed Peas","2005-01-01",326960,82,"false","0t5bpv5d1tikekonhdawod2ht","2022-04-10T15:39:35Z","","Interscope",0.802,0.682,1,-5.924,0,0.222,0.111,1.39e-05,0.109,0.586,123.95,4
"257","spotify:track:6UEfyhyfhYQsyipxOd95Ie","The Ketchup Song (Aserejé) - Spanglish Version","Hijas del Tomate","Las Ketchup","2002",213973,72,"false","0t5bpv5d1tikekonhdawod2ht","2022-04-10T15:40:34Z","","Sony Music Publishing Spain",0.607,0.923,1,-6.777,1,0.0948,0.0193,1.1e-06,0.0924,0.868,184.819,4
"258","spotify:track:6a8GbQIlV8HBUW3c6Uk9PH","I Know You Want Me (Calle Ocho)","Pitbull Starring In Rebelution","Pitbull","2009-10-23",237120,62,"false","0t5bpv5d1tikekonhdawod2ht","2022-04-10T15:40:41Z","","Mr.305/Polo Grounds Music/J Records",0.825,0.743,2,-5.995,1,0.149,0.0142,2.12e-05,0.237,0.8,127.045,4
"259","spotify:track:66TRwr5uJwPt15mfFkzhbi","Crank That (Soulja Boy)","souljaboytellem.com","Soulja Boy","2007-01-01",221933,80,"false","0t5bpv5d1tikekonhdawod2ht","2022-04-10T15:40:50Z","","Collipark / Interscope",0.733,0.74,0,-2.18,1,0.0905,0.513,0,0.0468,0.799,140.2,4
"260","spotify:track:45hOioMDJktr86iKDHC8gr","Girlfriend","The Best Damn Thing (Expanded Edition)","Avril Lavigne","2007-04-17",216600,83,"true","0t5bpv5d1tikekonhdawod2ht","2022-04-10T15:41:44Z","","RCA Records Label",0.56,0.959,7,-2.433,1,0.102,0.000722,0.000221,0.209,0.669,163.983,4
"261","spotify:track:27L8sESb3KR79asDUBu8nW","Stacy's Mom","Welcome Interstate Managers","Fountains Of Wayne","2003-01-01",197986,79,"false","0t5bpv5d1tikekonhdawod2ht","2022-04-10T15:41:48Z","power pop","S-Curve Records",0.774,0.75,11,-4.927,0,0.0412,0.00207,1.78e-05,0.0808,0.927,118.015,4
"262","spotify:track:6JY1IdkZGeIcPegKxjSKeb","Since U Been Gone","Breakaway","Kelly Clarkson","2004",188960,82,"false","0t5bpv5d1tikekonhdawod2ht","2022-04-10T15:41:55Z","christmas","RCA Records Label",0.662,0.739,9,-5.354,0,0.0322,0.00206,0.0603,0.113,0.382,130.999,4
"263","spotify:track:3ZHfX6kbiY7JVsB63lLOLu","The Only Exception","Brand New Eyes","Paramore","2009-09-25",267653,74,"false","0t5bpv5d1tikekonhdawod2ht","2022-04-10T15:42:01Z","pop punk,emo","Fueled By Ramen/Atlantic",0.452,0.563,4,-6.607,1,0.0272,0.144,0,0.143,0.209,137.715,3
"264","spotify:track:59kTVUKhpcFw9zMLPSbFvH","Nine in the Afternoon","Pretty. Odd.","Panic! At The Disco","2008-03-24",192893,66,"false","0t5bpv5d1tikekonhdawod2ht","2022-04-10T15:42:11Z","emo","Decaydance/Fueled By Ramen/ATL",0.249,0.804,10,-3.233,1,0.0502,0.0201,0,0.262,0.389,155.066,4
"265","spotify:track:1mea3bSkSGXuIRvnydlB5b","Viva La Vida","Viva La Vida or Death and All His Friends","Coldplay","2008-06-06",242373,90,"false","0t5bpv5d1tikekonhdawod2ht","2022-04-10T15:42:39Z","","Parlophone UK",0.486,0.617,5,-7.115,0,0.0287,0.0954,3.23e-06,0.109,0.417,138.015,4
"266","spotify:track:1NhPKVLsHhFUHIOZ32QnS2","Secrets","Waking Up","OneRepublic","2009-01-01",224693,51,"false","0t5bpv5d1tikekonhdawod2ht","2022-04-10T15:42:44Z","","Mosley / Interscope",0.516,0.764,2,-6.223,1,0.0366,0.0717,0,0.115,0.376,148.021,4
"267","spotify:track:0mUyMawtxj1CJ76kn9gIZK","Bad Day","Daniel Powter","Daniel Powter","2005-02-22",233640,80,"false","0t5bpv5d1tikekonhdawod2ht","2022-04-10T15:42:52Z","","Warner Records",0.599,0.785,3,-4.013,1,0.0309,0.448,0.00336,0.151,0.52,140.046,4
"268","spotify:track:4OyzSXRSadNQt5EMwASdap","Todo Cambió","Todo Cambio","Camila","2006",193826,77,"false","0t5bpv5d1tikekonhdawod2ht","2022-04-10T15:43:23Z","latin pop","Columbia",0.452,0.523,5,-6.453,1,0.0625,0.563,0,0.233,0.363,173.85,3
"269","spotify:track:02XnQdf7sipaKBBHixz3Zp","Paparazzi","The Fame","Lady Gaga","2008-01-01",208306,87,"true","0t5bpv5d1tikekonhdawod2ht","2022-04-10T15:44:49Z","art pop,pop","Streamline/Interscope",0.762,0.692,5,-3.973,0,0.0437,0.112,0,0.094,0.397,114.903,4
"270","spotify:track:0ZUo4YjG4saFnEJhdWp9Bt","Before He Cheats","Some Hearts","Carrie Underwood","2005-11-14",199939,82,"false","0t5bpv5d1tikekonhdawod2ht","2022-04-10T15:45:32Z","country","Arista",0.519,0.749,6,-3.318,0,0.0405,0.271,0,0.119,0.29,147.905,4
"271","spotify:track:3GCL1PydwsLodcpv0Ll1ch","You Belong With Me","Fearless","Taylor Swift","2008-11-11",231133,74,"false","0t5bpv5d1tikekonhdawod2ht","2022-04-10T15:45:37Z","","Taylor Swift",0.687,0.783,6,-4.44,1,0.0386,0.162,1.35e-05,0.114,0.443,129.964,4
"272","spotify:track:7tawDKBYV9059X92D6dr7R","Clumsy","The Dutchess","Fergie","2006-09-13",240426,0,"false","0t5bpv5d1tikekonhdawod2ht","2022-04-10T15:46:59Z","","Will I Am / Fergie LP1",0.731,0.563,2,-4.046,1,0.131,0.191,0.00042,0.296,0.452,184.009,4
"273","spotify:track:1ADciGUxOaUbBFd0rpYx7d","You And I","Born This Way (International Special Edition Version)","Lady Gaga","2011-05-23",307360,63,"false","0t5bpv5d1tikekonhdawod2ht","2022-04-10T15:47:16Z","art pop,pop","Interscope",0.521,0.701,2,-5.238,1,0.0458,0.0892,0,0.0876,0.518,127.082,4
"274","spotify:track:2qxXypNXOJZ5qUFdpzJ56n","Remembering Sunday","So Wrong, It's Right","All Time Low;Juliet Simms","2007-09-25",256733,64,"false","0t5bpv5d1tikekonhdawod2ht","2022-04-10T15:49:26Z","pop punk,emo,punk","Hopeless Records",0.45,0.602,6,-4.801,0,0.0264,0.15,0,0.141,0.316,170.043,3
"275","spotify:track:35zGjsxI020C2NPKp2fzS7","It's Gonna Be Me","No Strings Attached","*NSYNC","2000-03-21",191040,62,"false","0t5bpv5d1tikekonhdawod2ht","2022-04-10T15:51:35Z","","Jive",0.644,0.874,0,-4.666,0,0.0801,0.0459,2.24e-06,0.0584,0.882,165.09,4
"276","spotify:track:7FDV5ELOJHCGLe52AnttEd","Angel","Hot Shot","Shaggy;Rayvon","2000-08-08",235133,83,"false","0t5bpv5d1tikekonhdawod2ht","2022-04-10T15:53:04Z","reggae","Geffen",0.74,0.766,6,-2.939,1,0.178,0.116,0,0.0406,0.807,170.531,4
"277","spotify:track:0DiWol3AO6WpXZgp0goxAV","One More Time","Discovery","Daft Punk","2001-03-12",320357,85,"false","0t5bpv5d1tikekonhdawod2ht","2022-04-10T15:53:16Z","french house,electronic,electro","Daft Life Ltd./ADA France",0.613,0.697,2,-8.618,1,0.133,0.0194,0,0.332,0.476,122.746,4
"278","spotify:track:0LyZGZEZcFqpeF8bAfx3v0","Move Bitch","Ludacris Presents Disturbing Tha Peace: Golden Grain","Ludacris;Mystikal;I-20","2002-01-01",272293,56,"true","0t5bpv5d1tikekonhdawod2ht","2022-04-10T15:54:28Z","southern hip hop,crunk,gangster rap,old school hip hop","RAL (Rush Associated Label)",0.777,0.751,1,-5.692,1,0.133,0.245,0,0.1,0.191,177.894,4
"279","spotify:track:5D2mYZuzcgjpchVY1pmTPh","Candy Shop","The Massacre","50 Cent;Olivia","2005-03-03",209106,84,"true","0t5bpv5d1tikekonhdawod2ht","2022-04-10T15:57:18Z","old school hip hop,east coast hip hop","Aftermath/Shady",0.613,0.574,11,-7.961,1,0.467,0.0253,3.13e-05,0.38,0.755,125.18,5
"280","spotify:track:1vxw6aYJls2oq3gW0DujAo","Crazy","St. Elsewhere","Gnarls Barkley;CeeLo Green;Danger Mouse","2007-12-01",177933,83,"false","0t5bpv5d1tikekonhdawod2ht","2022-04-10T15:58:17Z","","WM UK",0.866,0.537,8,-5.786,1,0.0335,0.053,0.0156,0.0866,0.643,111.987,4
"281","spotify:track:3FAclTFfvUuQYnEsptbK8w","Back To Black","Back To Black (Deluxe Edition)","Amy Winehouse","2006",241293,79,"true","0t5bpv5d1tikekonhdawod2ht","2022-04-10T15:59:48Z","","Universal-Island Records Ltd.",0.434,0.422,7,-13.964,0,0.0375,0.134,2.05e-05,0.0861,0.377,123.201,4
"282","spotify:track:6ucR4KfvsBFWCMVFDvyKKl","Apologize","Shock Value","Timbaland;OneRepublic","2007-04-02",184400,77,"false","0t5bpv5d1tikekonhdawod2ht","2022-04-10T16:00:10Z","","Interscope/Blackground Records",0.653,0.603,8,-6.017,1,0.0278,0.0292,0,0.097,0.101,118.016,4
"283","spotify:track:0G71WvIkF2K6HViJeFvOcM","See You Again","Hannah Montana 2 / Meet Miley Cyrus","Miley Cyrus","2007-01-01",190453,0,"false","0t5bpv5d1tikekonhdawod2ht","2022-04-10T16:00:19Z","","Walt Disney Records",0.692,0.911,9,-5.098,0,0.177,0.0149,7.34e-05,0.112,0.801,138.975,4
"284","spotify:track:2hdy9Wt9qp7M7d0U3ossu2","If U Seek Amy","Circus (Deluxe Version)","Britney Spears","2008-12-02",216519,77,"false","0t5bpv5d1tikekonhdawod2ht","2022-04-10T16:01:13Z","pop","Jive",0.717,0.587,4,-7.296,0,0.0339,0.0192,0,0.0523,0.544,129.954,4
"285","spotify:track:2oENJa1T33GJ0w8dC167G4","Fire Burning","Tomorrow","Sean Kingston","2009-09-07",239986,78,"false","0t5bpv5d1tikekonhdawod2ht","2022-04-10T16:01:17Z","","Epic/Beluga Heights",0.839,0.804,1,-2.513,1,0.0329,0.0192,0,0.331,0.888,122.973,4
"286","spotify:track:5x5JM1BSB6vollcIzDocqT","The Climb","The Time Of Our Lives (International Version)","Miley Cyrus","2009-01-01",234520,78,"false","0t5bpv5d1tikekonhdawod2ht","2022-04-10T16:01:35Z","","Hollywood Records",0.336,0.602,4,-6.354,1,0.0325,0.0635,0,0.141,0.299,161.01,4
"287","spotify:track:7xkQdy0cy5ymoWT7nedvLz","Whatcha Say","Jason Derulo (International)","Jason Derulo","2010-02-24",221253,81,"false","0t5bpv5d1tikekonhdawod2ht","2022-04-10T16:01:40Z","","Beluga Heights/Warner Records",0.615,0.711,11,-5.507,1,0.0779,0.0444,0,0.145,0.711,144.036,4
"288","spotify:track:7pu8AhGUxHZSCWTkQ2eb5M","Bad Reputation","Bad Reputation (Expanded Edition)","Joan Jett & the Blackhearts","1981-01-23",169186,16,"false","0t5bpv5d1tikekonhdawod2ht","2022-12-25T21:15:49Z","rock","Legacy Recordings",0.378,0.974,6,-4.055,1,0.194,0.00192,0.0139,0.0588,0.824,203.715,4
"289","spotify:track:0LzeivEHO16a8eBQGlpVkE","Love Shack - Edit; 2019 Remaster","Cosmic Thing (30th Anniversary Expanded Edition)","The B-52's","1989-06-27",262566,58,"false","0t5bpv5d1tikekonhdawod2ht","2022-12-25T21:16:39Z","new wave,post-punk","Rhino/Warner Records",0.704,0.828,5,-7.304,0,0.0514,0.11,0,0.747,0.866,133.496,4
"290","spotify:track:3lFGBrRWUxpTfhhq6lGBRw","Baila Esta Cumbia","La Leyenda (Version Super Deluxe)","Selena","2010-01-01",161906,70,"false","0t5bpv5d1tikekonhdawod2ht","2022-12-25T21:17:23Z","tejano,cumbia,música mexicana,grupera","Capitol Latin",0.711,0.801,0,-4.58,1,0.125,0.517,8.37e-06,0.0987,0.78,182.917,4
"291","spotify:track:7bZtI85x9Vw2t6EkvILqkr","Bidi Bidi Bom Bom - 1994 Version","Amor Prohibido","Selena","1994",210626,0,"false","0t5bpv5d1tikekonhdawod2ht","2022-12-25T21:17:38Z","tejano,cumbia,música mexicana,grupera","EMI Latin (LAT)",0.58,0.525,10,-11.505,1,0.0445,0.337,2.64e-06,0.101,0.907,180.019,4
"292","spotify:track:4jDmJ51x1o9NZB5Nxxc7gY","Careless Whisper","Ladies And Gentlemen... The Best Of George Michael","George Michael","1998-11-09",300106,9,"false","0t5bpv5d1tikekonhdawod2ht","2022-12-25T21:20:03Z","","Sony Music Entertainment",0.574,0.628,2,-8.815,0,0.036,0.13,0,0.271,0.803,153.119,4
"293","spotify:track:54X78diSLoUDI3joC2bjMz","Purple Rain","Purple Rain","Prince","1984-06-25",520786,8,"false","0t5bpv5d1tikekonhdawod2ht","2022-12-25T21:20:48Z","funk,funk rock","Rhino/Warner Records",0.367,0.452,10,-10.422,1,0.0307,0.0353,0.00228,0.689,0.189,113.066,4
"294","spotify:track:2dCmGcEOQrMQhMMS8Vj7Ca","Super Freak","Street Songs (Deluxe Edition)","Rick James","1981-04-07",205466,77,"false","0t5bpv5d1tikekonhdawod2ht","2022-12-25T21:21:26Z","funk,motown","Motown",0.838,0.794,9,-8.245,0,0.0531,0.22,0,0.0575,0.962,132.446,4
"295","spotify:track:4gitetlGHZ9LfuJhwUhEhF","Physical - Remastered 2021","Physical (Deluxe Edition)","Olivia Newton-John","2021-10-22",225992,9,"false","0t5bpv5d1tikekonhdawod2ht","2022-12-25T21:22:29Z","","Primary Wave",0.84,0.728,4,-8.473,0,0.0436,0.127,0.00114,0.114,0.74,124.066,4
"296","spotify:track:3ibAzRj9JnowdoLkyllk3n","Holiday","Madonna","Madonna","1983-07-27",370426,71,"false","0t5bpv5d1tikekonhdawod2ht","2022-12-25T21:22:46Z","","Warner Records",0.813,0.699,7,-8.656,1,0.0458,0.0251,0.0134,0.0527,0.732,117.549,4
"297","spotify:track:594M0rqYMOo8BhMGEdoi5C","Tearin' up My Heart - Radio Edit","'N Sync","*NSYNC","1997-05-26",211000,66,"false","0t5bpv5d1tikekonhdawod2ht","2022-12-25T21:26:32Z","","RCA Records Label",0.686,0.915,7,-4.447,1,0.0364,0.0028,7.16e-06,0.233,0.796,110.054,4
"298","spotify:track:3XVozq1aeqsJwpXrEZrDJ9","Ice Ice Baby","Vanilla Ice Is Back! - Hip Hop Classics","Vanilla Ice","2008-11-04",254466,75,"false","0t5bpv5d1tikekonhdawod2ht","2022-12-25T21:27:27Z","","X-Ray Records",0.979,0.792,2,-2.784,1,0.0388,0.0025,7.71e-06,0.102,0.583,116.012,4
"299","spotify:track:7eheoW4hxrH51ww2QePVwF","Gonna Make You Sweat (Everybody Dance Now) (feat. Freedom Williams)","Super Hits","C & C Music Factory;Freedom Williams","2000-02-28",244093,70,"false","0t5bpv5d1tikekonhdawod2ht","2022-12-25T21:28:18Z","hip house","Columbia/Legacy",0.557,0.798,6,-7.405,1,0.0935,0.000851,0.665,0.183,0.793,112.117,4
"300","spotify:track:5EL8hqM8YQJHKKnzGdahly","Dreaming Of You","Dreaming Of You","Selena","1995",314866,72,"false","0t5bpv5d1tikekonhdawod2ht","2022-12-25T21:29:18Z","tejano,cumbia,música mexicana,grupera","EMI Latin (LAT)",0.553,0.458,8,-10.796,1,0.0381,0.325,9.71e-05,0.0583,0.247,165.807,4
"301","spotify:track:0gsl92EMIScPGV1AU35nuD","All By Myself","Falling into You","Céline Dion","1996-03-11",312306,76,"false","0t5bpv5d1tikekonhdawod2ht","2022-12-25T21:31:16Z","variété française","Columbia",0.344,0.325,11,-10.005,0,0.0287,0.35,0.0223,0.0686,0.0775,118.515,4
"302","spotify:track:3LmvfNUQtglbTrydsdIqFU","We Belong Together","The Emancipation of Mimi","Mariah Carey","2005-04-12",201400,76,"false","0t5bpv5d1tikekonhdawod2ht","2022-12-25T21:32:46Z","christmas","Island Records",0.833,0.467,0,-7.89,1,0.0619,0.0339,0,0.09,0.767,139.971,4
"303","spotify:track:3XVBdLihbNbxUwZosxcGuJ","If I Ain't Got You","The Diary Of Alicia Keys","Alicia Keys","2003-12-02",228706,86,"false","0t5bpv5d1tikekonhdawod2ht","2022-12-25T21:32:55Z","r&b,neo soul","J Records",0.609,0.444,7,-9.129,1,0.106,0.603,6.86e-06,0.104,0.166,118.402,3
"304","spotify:track:2V8KvnD5LVeeDChMWEkSzC","Nothin' But A Good Time - Remastered 2006","Open Up And Say...Ahh! (20th Anniversary Edition)","Poison","1988-03-21",224866,73,"false","0t5bpv5d1tikekonhdawod2ht","2022-12-25T21:35:25Z","glam metal,glam rock","Capitol Records",0.576,0.974,1,-2.785,1,0.0829,0.0199,0,0.348,0.53,129.088,4
"305","spotify:track:7snQQk1zcKl8gZ92AnueZW","Sweet Child O' Mine","Appetite For Destruction","Guns N' Roses","1987-07-21",356066,92,"false","0t5bpv5d1tikekonhdawod2ht","2022-12-25T21:35:34Z","rock,glam metal,hard rock,classic rock","Guns N Roses P&D",0.445,0.952,6,-5.321,1,0.0522,0.09,0.0843,0.112,0.624,125.304,4
"306","spotify:track:1kIu9zpYtWjgrLlsactlna","Jump (Original Mix)","Break Out (1983 Version - Expanded Edition)","The Pointer Sisters","1983-04-01",262560,65,"false","0t5bpv5d1tikekonhdawod2ht","2022-12-25T21:38:22Z","disco","RCA/Legacy",0.846,0.826,10,-7.909,0,0.098,0.0867,0,0.12,0.813,134.454,4
"307","spotify:track:4caiYv89C9GZdDD1RzshWd","It's Raining Men - Single Version","Dance Hits - 80s & 90s","The Weather Girls","2008-04-29",211533,51,"false","0t5bpv5d1tikekonhdawod2ht","2022-12-25T21:38:42Z","","SBCMG",0.66,0.927,5,-5.867,0,0.156,0.461,5.73e-05,0.699,0.458,136.247,4
"308","spotify:track:6gQUbFwwdYXlKdmqRoWKJe","Dude (Looks Like A Lady)","Permanent Vacation","Aerosmith","1987-01-01",265773,72,"false","0t5bpv5d1tikekonhdawod2ht","2022-12-25T21:41:11Z","classic rock,rock","Aerosmith P&D - Geffen",0.54,0.982,4,-2.962,0,0.0458,0.435,3.37e-05,0.0457,0.91,126.294,4
"309","spotify:track:6OnfBiiSc9RGKiBKKtZXgQ","We Built This City","Knee Deep In The Hoopla","Starship","1985-09-10",296080,80,"false","0t5bpv5d1tikekonhdawod2ht","2022-12-25T21:41:32Z","","Rhino",0.661,0.908,5,-4.897,1,0.039,0.052,0,0.0708,0.656,144.091,4
"310","spotify:track:3EvpaRZkKWxsgDIO2zMH7g","Heaven Is A Place On Earth - Promo 7"" Edit","Heaven On Earth (Deluxe Edition)","Belinda Carlisle","1987",233666,71,"false","0t5bpv5d1tikekonhdawod2ht","2022-12-25T21:41:57Z","","Geffen",0.605,0.902,4,-5.804,1,0.0385,0.0171,1.31e-06,0.124,0.692,122.866,4
"311","spotify:track:0B5kY9i9bmP7554oU4jRoO","Funkytown - Single Version","'80s Pop #1's","Lipps Inc.","2007-01-01",245413,58,"false","0t5bpv5d1tikekonhdawod2ht","2022-12-25T21:42:40Z","disco","Universal Music Group International",0.906,0.564,0,-9.29,1,0.0568,0.000928,0.65,0.108,0.229,122.632,4
"312","spotify:track:0cGG2EouYCEEC3xfa0tDFV","Tainted Love","Non-Stop Erotic Cabaret","Soft Cell","1981",153800,77,"false","0t5bpv5d1tikekonhdawod2ht","2022-12-25T21:43:26Z","synthpop,new wave","EMI",0.5,0.501,0,-8.284,0,0.0376,0.462,0,0.26,0.623,144.438,4
"313","spotify:track:2DyHhPyCZgZzNXn1IrtsTu","Any Way You Want It","The Essential Journey","Journey","2001-10-16",201866,59,"false","0t5bpv5d1tikekonhdawod2ht","2022-12-25T21:44:48Z","aor,classic rock","Columbia",0.519,0.934,7,-7.137,1,0.0471,0.000312,0.00457,0.137,0.586,138.162,4
"314","spotify:track:7N3PAbqfTjSEU1edb2tY8j","Jump - 2015 Remaster","1984 (Remastered)","Van Halen","1984-01-04",241599,81,"false","0t5bpv5d1tikekonhdawod2ht","2022-12-25T21:46:48Z","glam metal,classic rock,rock,hard rock","Rhino/Warner Records",0.572,0.835,0,-6.219,1,0.0317,0.171,0.000377,0.0702,0.795,129.981,4
"315","spotify:track:62LJFaYihsdVrrkgUOJC05","Kiss","Parade - Music from the Motion Picture Under the Cherry Moon","Prince","1986-03-31",226240,79,"false","0t5bpv5d1tikekonhdawod2ht","2022-12-25T21:47:32Z","funk,funk rock","Warner Records",0.898,0.271,7,-12.238,1,0.091,0.0135,0.00138,0.0461,0.742,111.485,4
"316","spotify:track:6jBCehpNMkwFVF3dz4nLIW","It's Tricky","Raising Hell","Run–D.M.C.","1986-05-15",183750,70,"false","0t5bpv5d1tikekonhdawod2ht","2022-12-25T21:49:15Z","old school hip hop,east coast hip hop,hip hop","Arista",0.965,0.857,11,-8.458,0,0.17,0.00131,0,0.0726,0.951,127.656,4
"317","spotify:track:5JwK7v6XhG0YgqDuCgzOy8","And She Was","Little Creatures","Talking Heads","1985-07-10",219200,66,"false","0t5bpv5d1tikekonhdawod2ht","2022-12-25T21:59:03Z","new wave,post-punk","Warner Records",0.763,0.629,9,-9.947,1,0.0322,0.013,0.0585,0.0756,0.973,126.477,4
"318","spotify:track:0GONea6G2XdnHWjNZd6zt3","Summer Of '69","Reckless (30th Anniversary / Deluxe Edition)","Bryan Adams","1984-11-05",216053,87,"false","0t5bpv5d1tikekonhdawod2ht","2022-12-25T22:03:52Z","","A&M",0.509,0.834,2,-6.205,1,0.0386,0.0183,0,0.0732,0.774,139.13,4
"319","spotify:track:1ChulFMnwxoD74Me8eX2TU","You Spin Me Round (Like a Record)","Evolution: The Hits","Dead Or Alive","2003-05-19",195146,73,"false","0t5bpv5d1tikekonhdawod2ht","2022-12-25T22:12:39Z","hi-nrg,synthpop","Epic",0.554,0.963,6,-3.762,0,0.035,0.000244,0.0702,0.431,0.918,128.175,4
"320","spotify:track:18AXbzPzBS8Y3AkgSxzJPb","In the Air Tonight - 2015 Remaster","Face Value (Deluxe Editon)","Phil Collins","1981-01-01",336453,85,"false","0t5bpv5d1tikekonhdawod2ht","2022-12-26T15:07:12Z","soft rock","Rhino",0.446,0.239,0,-13.945,1,0.0316,0.551,4.1e-06,0.0697,0.298,189.507,4
"321","spotify:track:2He3NOyqtLNE3RQPpeDdSb","Groove Is in the Heart","World Clique","Deee-Lite","1990-08-07",231786,75,"false","0t5bpv5d1tikekonhdawod2ht","2022-12-26T15:18:48Z","","Elektra Records",0.694,0.881,1,-4.053,0,0.0701,0.0153,0.0196,0.0851,0.924,121.554,4
"322","spotify:track:0cELvuwJW1acISUHYB6suj","Emotions","Emotions","Mariah Carey","1991-09-17",248012,68,"false","0t5bpv5d1tikekonhdawod2ht","2022-12-26T15:20:53Z","christmas","Columbia",0.74,0.752,9,-7.008,0,0.0359,0.0409,0.00125,0.0233,0.939,114.851,4
"323","spotify:track:45Ia1U4KtIjAPPU7Wv1Sea","Are You Gonna Go My Way","Are You Gonna Go My Way","Lenny Kravitz","1993-03-09",211933,77,"false","0t5bpv5d1tikekonhdawod2ht","2022-12-26T15:25:41Z","","Virgin Records",0.619,0.67,11,-10.322,0,0.0353,0.00165,0.0109,0.331,0.777,129.269,4
"324","spotify:track:32Gf5A7Hr8RdgggXG0Fdks","Have You Ever Really Loved A Woman? - From ""Don Juan DeMarco"" Soundtrack","18 Til I Die","Bryan Adams","1996-06-04",291666,75,"false","0t5bpv5d1tikekonhdawod2ht","2022-12-26T15:26:42Z","","A&M",0.57,0.478,7,-10.185,1,0.0322,0.536,1.33e-05,0.0931,0.358,145.517,3
"325","spotify:track:71EHOyEOhNx1SzTebRRyng","Weak","It's About Time","SWV","1992-10-27",291906,72,"false","0t5bpv5d1tikekonhdawod2ht","2022-12-26T15:29:14Z","new jack swing,r&b","RCA Records Label",0.693,0.533,2,-10.954,0,0.0402,0.107,0,0.0695,0.568,127.661,4
"326","spotify:track:0SMkzFGJOBFDI9KfYD55L0","There She Goes","The La's (Deluxe Edition)","The La's","1990",162160,70,"false","0t5bpv5d1tikekonhdawod2ht","2022-12-26T15:37:43Z","britpop,madchester,jangle pop","UMC (Universal Music Catalogue)",0.536,0.854,7,-6.907,1,0.0298,0.0129,0.743,0.156,0.905,122.733,4
"327","spotify:track:6GG73Jik4jUlQCkKg9JuGO","The Middle","Bleed American","Jimmy Eat World","2001-07-17",165853,85,"false","0t5bpv5d1tikekonhdawod2ht","2022-12-26T18:29:12Z","emo,pop punk","Interscope",0.643,0.849,2,-5.428,1,0.0526,0.0371,0,0.058,0.903,162.152,4
"328","spotify:track:6I9VzXrHxO9rA9A5euc8Ak","Toxic","In The Zone","Britney Spears","2003-11-13",198800,89,"false","0t5bpv5d1tikekonhdawod2ht","2022-12-26T18:35:09Z","pop","Jive",0.774,0.838,5,-3.914,0,0.114,0.0249,0.025,0.242,0.924,143.04,4
"329","spotify:track:1gZ7i4qxXkHZb1r6eioaAP","Don't Cha","PCD","The Pussycat Dolls;Busta Rhymes","2005-01-01",272080,71,"false","0t5bpv5d1tikekonhdawod2ht","2022-12-26T18:38:53Z","east coast hip hop,old school hip hop,hip hop","Pussycat Dolls",0.88,0.637,1,-3.493,1,0.0893,0.0051,2.37e-06,0.0959,0.568,119.979,4
"330","spotify:track:0d28khcov6AiegSCpG5TuT","Feel Good Inc.","Demon Days","Gorillaz;De La Soul","2005-05-23",222640,92,"false","0t5bpv5d1tikekonhdawod2ht","2022-12-26T18:40:25Z","jazz rap,east coast hip hop","Parlophone UK",0.818,0.705,6,-6.679,1,0.177,0.00836,0.00233,0.613,0.772,138.559,4
"331","spotify:track:2gam98EZKrF9XuOkU13ApN","Promiscuous","Loose","Nelly Furtado;Timbaland","2006-01-01",242293,91,"false","0t5bpv5d1tikekonhdawod2ht","2022-12-26T18:41:15Z","","Mosley / Geffen",0.808,0.97,10,-6.098,0,0.0504,0.0573,6.17e-05,0.154,0.868,114.328,4
"332","spotify:track:4wH4dJgrsxONID6KS2tDQM","Maneater","Loose","Nelly Furtado","2006-01-01",258893,88,"false","0t5bpv5d1tikekonhdawod2ht","2022-12-26T18:41:29Z","","Mosley / Geffen",0.796,0.778,6,-4.81,1,0.0397,0.0258,0.000386,0.121,0.789,132.724,4
"333","spotify:track:5YJtMNWKe55yr49cyJgxva","Everytime We Touch","Everytime We Touch (Premium Edition)","Cascada","2010-02-12",197124,80,"false","0t5bpv5d1tikekonhdawod2ht","2022-12-26T18:42:39Z","europop,eurodance,nightcore","Zoo Digital",0.633,0.976,8,-5.362,1,0.0519,0.00281,1.29e-05,0.382,0.493,142.027,4
"334","spotify:track:66ZcOcouenzZEnzTJvoFmH","The Sweet Escape","The Sweet Escape","Gwen Stefani;Akon","2006-01-01",246466,82,"false","0t5bpv5d1tikekonhdawod2ht","2022-12-26T18:43:58Z","","Interscope",0.756,0.769,1,-3.502,1,0.0344,0.191,0,0.178,0.73,119.961,4
"335","spotify:track:7e8utCy2JlSB8dRHKi49xM","Fluorescent Adolescent","Favourite Worst Nightmare (Standard Version)","Arctic Monkeys","2007-04-24",173493,76,"false","0t5bpv5d1tikekonhdawod2ht","2022-12-26T18:45:02Z","indie,garage rock","Domino/Warner Records",0.646,0.813,6,-5.29,0,0.0288,0.00178,2.26e-05,0.144,0.821,112.115,4
"336","spotify:track:1ixbwbeBi5ufN4noUKmW5a","Paper Planes","Kala","M.I.A.","2007-08-20",205200,82,"false","0t5bpv5d1tikekonhdawod2ht","2022-12-26T18:46:56Z","","XL Recordings",0.447,0.848,2,-6.175,1,0.222,0.033,7.46e-05,0.65,0.485,172.253,4
"337","spotify:track:5jzX4dWVQeBTtfBaXnMRt5","DONTTRUSTME","WANT","3OH!3","2008-07-07",192573,77,"true","0t5bpv5d1tikekonhdawod2ht","2022-12-26T18:47:50Z","","Photo Finish/Atlantic",0.791,0.713,5,-3.742,0,0.254,0.0163,0,0.189,0.514,130.012,4
"338","spotify:track:0OPyDgTRuIdCJ9B4bYSths","Hotel Room Service","Pitbull Starring In Rebelution","Pitbull","2009-08-31",237600,74,"false","0t5bpv5d1tikekonhdawod2ht","2022-12-26T18:48:03Z","","Mr.305/Polo Grounds Music/J Records",0.85,0.631,1,-8.401,1,0.227,0.00684,0.000406,0.0679,0.738,126.002,4
"339","spotify:track:7uKcScNXuO3MWw6LowBjW1","1, 2 Step (feat. Missy Elliott)","Goodies","Ciara;Missy Elliott","2004-09-27",203786,80,"false","0t5bpv5d1tikekonhdawod2ht","2023-03-18T19:36:06Z","hip hop","So So Def",0.944,0.511,5,-10.96,0,0.161,0.042,0.00107,0.0379,0.842,113.046,4
"340","spotify:track:4U45aEWtQhrm8A5mxPaFZ7","Vienna","The Stranger (Legacy Edition)","Billy Joel","1977",214240,86,"false","allisonslater23","2022-08-08T04:45:54Z","soft rock","Columbia/Legacy",0.532,0.495,10,-6.662,1,0.0343,0.659,0,0.0754,0.308,124.936,4
"341","spotify:track:2TVxnKdb3tqe1nhQWwwZCO","Tiny Dancer","Madman Across The Water","Elton John","1971-11-05",377093,83,"false","allisonslater23","2022-08-08T04:46:12Z","","EMI",0.414,0.428,0,-11.097,1,0.0278,0.382,0.000243,0.148,0.282,145.075,4
"342","spotify:track:51pshtuYkgUQnt5huMPbKL","The Spins","K.I.D.S.","Mac Miller","2010-08-13",195873,9,"true","allisonslater23","2022-08-08T04:46:32Z","","Rostrum Records",0.794,0.766,9,-3.894,0,0.0377,0.0135,0,0.0785,0.55,127.007,4
"343","spotify:track:06u5LrUpbosQlQ1QJFhPpG","Drew Barrymore","Ctrl","SZA","2017-06-09",231412,75,"true","allisonslater23","2022-08-08T04:47:25Z","r&b","Top Dawg Entertainment/RCA Records",0.577,0.523,0,-5.538,0,0.0429,0.491,0,0.147,0.29,134.93,4
"344","spotify:track:2X485T9Z5Ly0xyaghN73ed","Let It Happen","Currents","Tame Impala","2015-07-17",467586,88,"false","allisonslater23","2022-08-08T04:47:46Z","neo-psychedelic,indie","Universal Music Australia Pty. Ltd.",0.602,0.881,1,-5.875,0,0.0443,0.00462,0.0266,0.111,0.577,125.012,4
"345","spotify:track:2O9O26335YYVckmRgPKY3s","Alive","Ice On The Dune","Empire Of The Sun","2013-01-01",204546,81,"false","allisonslater23","2026-07-19T02:13:49Z","","EMI Recorded Music Australia Pty Ltd",0.524,0.882,5,-3.038,1,0.0367,0.108,1.1e-06,0.071,0.399,119.94,4
"346","spotify:track:6XkuklKiHYVTlVvWlTgQYP","Erase Me - Main","Man On The Moon II: The Legend Of Mr. Rager","Kid Cudi;Kanye West","2010-11-09",192253,71,"true","allisonslater23","2022-08-10T21:18:37Z","rap","Kid Cudi/Universal Records",0.687,0.631,9,-5.612,1,0.129,0.063,0,0.108,0.853,186.071,4
"347","spotify:track:2aPTvyE09vUCRwVvj0I8WK","Sundress","Sundress","A$AP Rocky","2018-11-20",158205,84,"true","allisonslater23","2022-08-10T21:18:05Z","rap","A$AP Worldwide/Polo Grounds Music/RCA Records",0.721,0.707,6,-6.364,1,0.0595,0.181,3.68e-06,0.143,0.743,125.005,4
"348","spotify:track:1sihSJEXrJJgyaLd4DeZYq","This Is the Life","Tourist History","Two Door Cinema Club","2010-02-17",210733,0,"false","allisonslater23","2022-08-08T04:50:36Z","indie,indie rock","Glassnote Entertainment Group LLC",0.457,0.806,4,-5.434,1,0.107,5.33e-05,0.0124,0.0869,0.388,136.016,4
"349","spotify:track:1DunhgeZSEgWiIYbHqXl0c","Latch","Settle (Deluxe)","Disclosure;Sam Smith","2013-06-03",255866,70,"false","allisonslater23","2022-08-08T04:47:55Z","house,soft pop","Universal-Island Records Ltd.",0.73,0.735,1,-5.451,1,0.0923,0.0176,0.000189,0.089,0.541,121.985,4
"350","spotify:track:56XhZKFVFeylLeAELp6pdE","Best Day Ever","Best Day Ever (5th Anniversary Remastered Edition)","Mac Miller","2016-06-03",159119,0,"true","allisonslater23","2022-08-08T04:48:14Z","","Rostrum Records",0.223,0.572,9,-4.531,1,0.0461,0.0401,0,0.216,0.0681,175.028,4
"351","spotify:track:4EDijkJdHBZZ0GwJ12iTAj","Stargirl Interlude","Starboy","The Weeknd;Lana Del Rey","2016-11-25",111640,77,"false","allisonslater23","2022-08-08T04:47:59Z","","The Weeknd/Lyric",0.638,0.474,5,-12.7,0,0.124,0.351,0.191,0.105,0.441,179.771,4
"352","spotify:track:3sNVsP50132BTNlImLx70i","Bound 2","Yeezus","Kanye West","2013-06-18",229146,85,"true","allisonslater23","2022-08-08T04:49:01Z","rap","Rock The World/IDJ/Kanye/LP6",0.367,0.665,1,-2.821,1,0.0465,0.145,0,0.113,0.31,148.913,4
"353","spotify:track:2nMeu6UenVvwUktBCpLMK9","Young And Beautiful","Young And Beautiful","Lana Del Rey","2013-01-01",236053,91,"false","allisonslater23","2022-08-08T04:49:41Z","","Polydor Records",0.324,0.416,11,-8.92,0,0.0368,0.262,3.69e-05,0.11,0.151,113.986,4
"354","spotify:track:5L95vS64rG1YMIFm1hLjyZ","Rollercoaster","Strange Desire","Bleachers","2014-07-14",188866,68,"false","allisonslater23","2022-08-08T04:50:05Z","","RCA Records Label",0.421,0.79,10,-6.227,1,0.0538,0.00205,0.000309,0.148,0.279,162.024,4
"355","spotify:track:316r1KLN0bcmpr7TZcMCXT","The Sound","I like it when you sleep, for you are so beautiful yet so unaware of it","The 1975","2016-02-26",248880,64,"false","allisonslater23","2022-08-08T04:50:21Z","","The 1975 Artist Deal P/S",0.646,0.938,0,-4.735,1,0.0754,0.0875,6.52e-06,0.447,0.545,120.708,4
"356","spotify:track:6K4t31amVTZDgR3sKmwUJJ","The Less I Know The Better","Currents","Tame Impala","2015-07-17",216320,91,"true","allisonslater23","2022-08-08T04:50:25Z","neo-psychedelic,indie","Universal Music Australia Pty. Ltd.",0.64,0.74,4,-4.083,1,0.0284,0.0115,0.00678,0.167,0.785,116.879,4
"357","spotify:track:0UV5zxRMz6AO4ZwUOZNIKI","Where'd All the Time Go?","Shame, Shame (Deluxe Edition)","Dr. Dog","2010-11-02",234800,84,"false","allisonslater23","2022-08-08T04:50:48Z","","Anti/Epitaph",0.454,0.82,2,-4.193,1,0.0567,0.132,0.000969,0.115,0.575,166.303,4
"358","spotify:track:37y7iDayfwm3WXn5BiAoRk","Dark Red","Dark Red","Steve Lacy","2017-02-20",173104,5,"false","allisonslater23","2022-08-08T04:50:56Z","","Three Quarter",0.603,0.783,6,-4.023,1,0.062,0.449,7.96e-06,0.119,0.775,172.041,4
"359","spotify:track:64rqvMhAPLLEag310IG3z9","Greek Tragedy - Oliver Nelson TikTok Remix","Greek Tragedy (Oliver Nelson TikTok Remix)","The Wombats;Oliver Nelson","2021-01-15",306428,65,"false","allisonslater23","2022-08-08T04:51:03Z","indie,nu disco","14th Floor Records",0.736,0.764,8,-6.736,0,0.0482,0.222,0.00154,0.192,0.404,112.033,4
"360","spotify:track:0aOluBqXYd0rFSCsgDyAWX","Take Me to Church","Hozier","Hozier","2014-10-07",241688,62,"false","allisonslater23","2022-08-08T04:51:15Z","","Columbia",0.575,0.664,4,-5.303,0,0.0481,0.637,0,0.116,0.437,129.07,4
"361","spotify:track:2QjOHCTQ1Jl3zawyYOpxh6","Sweater Weather","I Love You.","The Neighbourhood","2013-04-22",240400,95,"false","allisonslater23","2022-08-08T04:51:26Z","","Columbia",0.612,0.807,10,-2.81,1,0.0336,0.0495,0.0177,0.101,0.398,124.053,4
"362","spotify:track:0awZwmlC6pxH65KTZpadmX","Freakin' Out On the Interstate","Freakin' Out On The Interstate (Acoustic Version [Live])","Briston Maroney","2020-07-10",251906,74,"false","allisonslater23","2022-08-08T04:52:03Z","","Canvasback/ATL",0.45,0.794,4,-5.015,1,0.0538,0.388,0,0.303,0.362,143.861,4
"363","spotify:track:0qRR9d89hIS0MHRkQ0ejxX","Rich Girl","Bigger Than Both Of Us","Daryl Hall & John Oates","1976-08-01",142786,83,"false","allisonslater23","2022-08-08T04:52:08Z","yacht rock,soft rock","RCA Records Label",0.573,0.683,5,-6.644,1,0.176,0.461,0,0.0935,0.817,169.519,4
"364","spotify:track:7BY005dacJkbO6EPiOh2wb","House Of The Rising Sun","The Animals","The Animals","1964-01-01",271280,78,"false","allisonslater23","2022-08-08T04:52:51Z","classic rock","ABKCO Music & Records, Inc.",0.295,0.584,9,-6.696,0,0.0345,0.000385,0.218,0.0996,0.228,117.2,3
"365","spotify:track:0WgBb7XgdtbUW0GlYel9mH","Consideration","ANTI","Rihanna;SZA","2016-01-28",161066,0,"true","allisonslater23","2022-08-08T04:54:03Z","r&b","Roc Nation / Rihanna",0.883,0.584,7,-2.102,0,0.0465,0.0392,4.39e-06,0.0869,0.784,144.975,4
"366","spotify:track:2D4dV2KXDTszzJ3p3cFqhA","Less Than Zero","Dawn FM","The Weeknd","2022-01-06",211814,78,"false","allisonslater23","2022-08-08T04:54:16Z","","XO / Republic Records",0.535,0.791,0,-5.55,1,0.0327,0.00096,0.000155,0.0788,0.5,142.981,4
"367","spotify:track:7clUVcSOtkNWa58Gw5RfD4","Speed of Sound","X&Y","Coldplay","2005-06-07",287906,76,"false","allisonslater23","2022-08-08T04:55:23Z","","Parlophone Records Limited",0.514,0.898,11,-6.765,0,0.0577,0.00488,0.0345,0.0746,0.353,123.067,4
"368","spotify:track:4wCmqSrbyCgxEXROQE6vtV","Somebody That I Used To Know","Making Mirrors","Gotye;Kimbra","2011-01-01",244973,81,"false","allisonslater23","2022-08-08T04:55:26Z","","Samples & Seconds / Republic",0.864,0.495,0,-7.036,1,0.037,0.591,0.000133,0.0992,0.72,129.062,4
"369","spotify:track:0VF7YLIxSQKyNiFL3X6MmN","Stargazing","Chip Chrome & The Mono-Tones (Deluxe)","The Neighbourhood","2020-12-11",217026,72,"false","allisonslater23","2022-08-08T04:55:51Z","","Columbia",0.512,0.483,0,-7.798,1,0.0298,0.00304,0.0011,0.12,0.367,160.009,4
"370","spotify:track:58ge6dfP91o9oXMzq3XkIS","505","Favourite Worst Nightmare (Standard Version)","Arctic Monkeys","2007-04-24",253586,86,"false","allisonslater23","2022-08-08T04:55:53Z","indie,garage rock","Domino/Warner Records",0.52,0.852,0,-5.866,1,0.0543,0.00237,5.79e-05,0.0733,0.234,140.267,4
"371","spotify:track:4k6Uh1HXdhtusDW5y8Gbvy","Bad Habit","Gemini Rights","Steve Lacy","2022-07-15",232114,88,"true","allisonslater23","2022-08-08T04:56:00Z","","L-M Records/RCA Records",0.686,0.494,1,-7.093,1,0.0355,0.613,5.8e-05,0.402,0.7,168.946,4
"372","spotify:track:5kBYMymc2d3h164QqEHwRL","Small Talk","Indiana","Briston Maroney","2019-05-17",198808,65,"false","allisonslater23","2022-08-08T04:56:03Z","","Canvasback/ATL",0.613,0.64,0,-7.637,1,0.0338,0.286,0,0.15,0.441,129.853,4
"373","spotify:track:3GZD6HmiNUhxXYf8Gch723","Lost","channel ORANGE","Frank Ocean","2012-07-10",234093,86,"true","allisonslater23","2022-08-08T04:56:11Z","","Red Zone Entertainment / IDJ",0.913,0.603,8,-4.892,1,0.226,0.0272,0.000503,0.167,0.497,123.061,4
"374","spotify:track:3NRql0A1Ef4RCvT473iqgD","Hell N Back","Hell N Back","Bakar","2019-08-15",213573,74,"true","allisonslater23","2022-08-08T04:56:14Z","","Black Butter",0.633,0.684,10,-4.314,0,0.591,0.314,8.95e-05,0.112,0.725,209.688,4
"375","spotify:track:3OM6qQmdFV6uy61GIqpRtf","AMAZING","WHO CARES?","Rex Orange County","2022-03-11",209200,72,"false","allisonslater23","2022-08-08T04:57:15Z","bedroom pop","Rex Orange County",0.719,0.461,8,-8.191,1,0.0454,0.279,0,0.0875,0.548,123.915,4
"376","spotify:track:3xKsf9qdS1CyvXSMEid6g8","Pink + White","Blonde","Frank Ocean","2016-08-20",184516,89,"false","allisonslater23","2022-08-08T04:57:31Z","","Boys Don't Cry",0.545,0.545,9,-7.362,1,0.107,0.667,5.48e-05,0.417,0.549,159.94,3
"377","spotify:track:52ojopYMUzeNcudsoz7O9D","New Person, Same Old Mistakes","Currents","Tame Impala","2015-07-17",363240,87,"false","allisonslater23","2022-08-08T04:57:34Z","neo-psychedelic,indie","Universal Music Australia Pty. Ltd.",0.47,0.809,8,-6.74,1,0.0495,0.272,0.00671,0.0491,0.49,151.836,4
"378","spotify:track:2enPRFda84VE2wtI8c86Uf","Always Forever","Static","Cults","2013-10-15",223750,80,"false","allisonslater23","2022-08-08T04:57:43Z","","Columbia",0.174,0.742,8,-5.93,1,0.0485,0.00181,0.281,0.198,0.36,163.378,4
"379","spotify:track:2dBwB667LHQkLhdYlwLUZK","Summertime Sadness","Born To Die - The Paradise Edition","Lana Del Rey","2012-11-12",265427,70,"false","allisonslater23","2022-08-10T01:27:01Z","","Polydor Records",0.565,0.654,1,-6.826,0,0.0335,0.0542,1.8e-06,0.122,0.235,111.968,4
"380","spotify:track:5iSEsR6NKjlC9SrIJkyL3k","Pursuit Of Happiness (Nightmare)","Man On The Moon: The End Of Day","Kid Cudi;MGMT;Ratatat","2009-09-15",295293,72,"true","allisonslater23","2022-08-10T21:05:52Z","indie","Kid Cudi/Universal Records",0.629,0.606,0,-8.951,1,0.0412,0.484,1e-04,0.298,0.288,115.275,4
"381","spotify:track:5O2P9iiztwhomNh8xkR9lJ","Night Changes","FOUR (Deluxe)","One Direction","2014-11-17",226597,90,"false","allisonslater23","2022-08-10T21:05:56Z","","Syco Music",0.672,0.52,8,-7.747,1,0.0353,0.859,0,0.115,0.37,120.001,4
"382","spotify:track:1fidCEsYlaVE3pHwKCvpFZ","Am I Wrong","Black Star Elephant","Nico & Vinz","2014",245866,83,"false","allisonslater23","2022-08-10T21:06:25Z","","Warner Records",0.729,0.675,8,-6.003,1,0.0312,0.175,1.58e-06,0.55,0.779,119.968,4
"383","spotify:track:3Fzlg5r1IjhLk2qRw667od","Dancing in the Moonlight","Onka's Big Moka","Toploader","2000",232693,84,"false","allisonslater23","2022-08-10T21:17:50Z","","Sony Soho Square",0.632,0.856,10,-3.463,1,0.0348,0.0624,0,0.347,0.867,119.397,4
"384","spotify:track:79MSEdtXuudhGhC5AtG07g","Break from Toronto","PARTYNEXTDOOR","PARTYNEXTDOOR","2013-07-01",99213,3,"true","allisonslater23","2022-08-10T21:18:00Z","dark r&b,r&b,trap soul","OVO Sound",0.596,0.678,9,-5.18,1,0.0335,0.0199,0.004,0.418,0.259,117.066,4
"385","spotify:track:0hNhlwnzMLzZSlKGDCuHOo","Space Song","Depression Cherry","Beach House","2015-08-28",320466,1,"false","allisonslater23","2022-08-10T21:19:24Z","dream pop","Sub Pop Records",0.508,0.788,0,-7.288,0,0.0296,0.233,0.13,0.144,0.586,147.06,4
"386","spotify:track:3YJJjQPAbDT7mGpX3WtQ9A","Good Days","Good Days","SZA","2020-12-25",279203,73,"true","allisonslater23","2022-08-10T21:19:45Z","r&b","Top Dawg Entertainment/RCA Records",0.436,0.655,1,-8.37,0,0.0583,0.499,8.1e-06,0.688,0.412,121.002,4
"387","spotify:track:6Ius4TC0L3cN74HT7ENE6e","Wet Dreamz","2014 Forest Hills Drive","J. Cole","2014-12-09",239320,5,"true","allisonslater23","2022-08-10T21:19:54Z","rap","Roc Nation/Columbia",0.517,0.705,6,-8.205,0,0.364,0.0751,0,0.128,0.584,175.906,4
"388","spotify:track:5p7GiBZNL1afJJDUrOA6C8","Hurt Feelings","Swimming","Mac Miller","2018-08-03",245640,70,"true","allisonslater23","2022-08-10T21:20:34Z","","Warner Records",0.69,0.462,8,-8.054,1,0.13,0.343,0.00218,0.113,0.325,157.655,4
"389","spotify:track:2lzbKVKSUVeb01ytbHA8PS","Stand By Me","Stand By Me [Original Motion Picture Soundtrack]","Ben E. King","1986-11-04",174800,45,"false","allisonslater23","2022-08-10T21:20:48Z","doo-wop","Atlantic Records",0.668,0.271,9,-10.321,1,0.0379,0.5,2.53e-06,0.233,0.694,119.08,4
"390","spotify:track:6m9qPYXmhge2QhBLfFKnVF","Same Drugs","Coloring Book","Chance the Rapper","2016-05-27",257775,61,"false","allisonslater23","2022-08-10T21:21:11Z","","Chance the Rapper",0.461,0.293,6,-9.52,1,0.0555,0.947,9.95e-06,0.0936,0.531,180.297,4
"391","spotify:track:1SKPmfSYaPsETbRHaiA18G","Somewhere Only We Know","Hopes And Fears","Keane","2004-05-10",237146,89,"false","allisonslater23","2022-08-10T21:21:43Z","","Universal-Island Records Ltd.",0.448,0.665,9,-4.203,1,0.026,0.06,2.55e-05,0.0828,0.304,172.004,4
"392","spotify:track:2Y6CA1HAZjwPxBL8EZjwUW","Dance With Somebody","Give Me Fire","Mando Diao","2009-01-01",317866,0,"false","allisonslater23","2022-08-10T21:22:16Z","swedish pop","Vertigo Berlin",0.555,0.841,1,-5.353,0,0.0981,0.00462,1.12e-05,0.257,0.534,150.27,4
"393","spotify:track:38zsOOcu31XbbYj9BIPUF1","Your Song","Elton John","Elton John","1970-04-10",241786,82,"false","allisonslater23","2022-08-10T21:22:25Z","","UMC (Universal Music Catalogue)",0.552,0.315,3,-11.028,1,0.0299,0.828,5.52e-06,0.101,0.324,128.187,4
"394","spotify:track:0wXuerDYiBnERgIpbb3JBR","Redbone","""Awaken, My Love!""","Childish Gambino","2016-12-02",326933,5,"true","allisonslater23","2022-08-10T21:22:46Z","","Glassnote Entertainment Group LLC",0.743,0.344,1,-11.174,1,0.118,0.169,0.00879,0.103,0.577,160.15,4
"395","spotify:track:31tf1qEai5o5f4r66Kd0pU","Me and Your Mama","""Awaken, My Love!""","Childish Gambino","2016-12-02",379226,2,"false","allisonslater23","2022-08-10T21:23:00Z","","Glassnote Entertainment Group LLC",0.554,0.433,5,-12.628,1,0.0341,0.0116,0.0449,0.0667,0.237,117.996,3
"396","spotify:track:1cKHdTo9u0ZymJdPGSh6nq","I Was Never There","My Dear Melancholy,","The Weeknd;Gesaffelstein","2018-03-30",241066,85,"false","allisonslater23","2022-08-10T21:23:06Z","","The Weeknd/Lyric",0.323,0.737,10,-4.008,1,0.0335,0.14,0.000162,0.163,0.156,112.923,4
"397","spotify:track:2yg7MXp8nSPaf61HVkhEr3","The Void","Man On The Moon III: The Chosen","Kid Cudi","2020-12-11",325413,54,"true","allisonslater23","2022-08-10T21:23:13Z","","Republic Records",0.464,0.459,7,-8.736,0,0.0314,0.365,0.28,0.117,0.0786,142.017,4
"398","spotify:track:5A1FmxbYVRZKy4nc16MAue","Sex on Fire","Only By The Night","Kings of Leon","2008-09-23",203346,74,"false","allisonslater23","2022-08-10T21:23:45Z","","RCA Records Label",0.542,0.905,9,-5.653,1,0.054,0.00172,0.0104,0.136,0.374,153.398,4
"399","spotify:track:2DpJ9T2RVRanZcYFHKOAfA","Put Your Head On My Shoulder","Put Your Head On My Shoulder: The Very Best Of Paul Anka","Paul Anka","2000-10-03",154733,72,"false","allisonslater23","2022-08-10T21:24:06Z","adult standards","RCA Records Label",0.547,0.335,4,-9.2,0,0.0307,0.747,0,0.101,0.474,115.838,3
"400","spotify:track:703BT1NQsfIwPFv8MXQ47m","Dreams","Rumours","Fleetwood Mac","1977-02-04",254453,1,"false","allisonslater23","2022-08-10T21:24:32Z","yacht rock,classic rock,soft rock","Warner Bros.",0.823,0.338,0,-15.899,1,0.0413,0.139,0.00129,0.5,0.785,120.473,4
"401","spotify:track:5VlTQnZO89Ioku8ssdbqJk","Dead Man Walking","Dead Man Walking","Brent Faiyaz","2020-09-18",247079,65,"true","allisonslater23","2022-08-10T21:24:38Z","r&b","Lost Kids",0.505,0.267,9,-13.763,0,0.05,0.279,0,0.096,0.439,143.929,4
"402","spotify:track:3jYRpwbctfqB77uU7T7K3U","Caught Up In You","Special Forces","38 Special","1982-01-01",279333,70,"false","allisonslater23","2022-08-10T21:24:45Z","southern rock,classic rock,aor","A&M",0.425,0.681,1,-8.604,0,0.0316,0.0229,0.000219,0.0543,0.933,131.011,4
"403","spotify:track:3WMj8moIAXJhHsyLaqIIHI","Something in the Orange","Something in the Orange","Zach Bryan","2022-04-22",228013,87,"false","allisonslater23","2022-08-10T21:24:54Z","country,red dirt","Warner Records",0.369,0.192,4,-12.151,0,0.04,0.555,8.35e-06,0.0954,0.148,175.212,3
"404","spotify:track:3M0lSi5WW79CXQamgSBIjx","Swim","Chase Atlantic","Chase Atlantic","2017-10-04",228786,87,"true","allisonslater23","2022-08-10T21:25:39Z","","Warner Records",0.666,0.542,8,-6.429,1,0.0392,0.27,0,0.0765,0.0771,120.134,4
"405","spotify:track:5Ohxk2dO5COHF1krpoPigN","Sign of the Times","Harry Styles","Harry Styles","2017-05-12",340706,94,"false","allisonslater23","2022-08-10T21:25:42Z","","Columbia",0.516,0.595,5,-4.63,1,0.0313,0.0275,0,0.109,0.222,119.972,4
"406","spotify:track:7x46YkKAwp3yZpaa72n5Mu","Stubborn Love","The Lumineers (Deluxe Edition)","The Lumineers","2012",279000,2,"false","allisonslater23","2022-08-10T21:25:50Z","folk pop,indie folk","Decca (UMO)",0.596,0.544,0,-11.759,1,0.0362,0.604,0.0176,0.262,0.262,115.023,4
"407","spotify:track:1yf97yL1ll8FYXC27c9VTw","Trees","Vessel","Twenty One Pilots","2013-01-08",267386,66,"false","allisonslater23","2022-08-10T21:27:11Z","","Fueled By Ramen",0.584,0.833,6,-5.9,1,0.041,0.00359,3.44e-05,0.169,0.324,140.013,4
"408","spotify:track:7749bzxCJXbVHGIZxnOPSg","Rose","Carnival","Briston Maroney","2018-11-16",371292,44,"true","allisonslater23","2022-08-10T21:27:55Z","","Canvasback",0.426,0.337,4,-8.405,1,0.0358,0.83,0.00148,0.124,0.167,154.501,4
"409","spotify:track:7vRia9rlEuTDQxkfXIKySi","It's Not The Same Anymore","Pony","Rex Orange County","2019-10-25",386177,64,"false","allisonslater23","2022-08-10T21:28:29Z","bedroom pop","Rex Orange County",0.666,0.317,5,-10.644,1,0.0327,0.873,3.74e-05,0.111,0.359,117.676,4
"410","spotify:track:5bzf1xrbqr1ttjAJuRz2xY","Cleopatra","Cleopatra","The Lumineers","2016-04-08",201413,2,"false","allisonslater23","2022-08-10T21:30:45Z","folk pop,indie folk","Decca (UMO)",0.536,0.775,8,-6.765,1,0.0394,0.228,0.000142,0.0947,0.485,151.39,4
"411","spotify:track:02tvc9CFnTyHuSRlGeNv9w","Corduroy Dreams","Bcos U Will Never B Free","Rex Orange County","2016-11-07",206974,1,"true","allisonslater23","2022-08-10T21:31:08Z","bedroom pop","Rex Orange County",0.608,0.305,4,-14.037,1,0.053,0.653,0,0.103,0.222,113.818,4
"412","spotify:track:64lsIF5pw0sJY0gV5kz0RN","Can I Call You Tonight?","Fuzzybrain","Dayglow","2019-11-14",278769,2,"false","allisonslater23","2022-08-10T21:31:34Z","indie rock","Very Nice Records",0.641,0.842,9,-7.27,1,0.0292,0.132,0.91,0.419,0.5,129.98,4
"413","spotify:track:1YakuHfzKxjnseCEeVQtrY","Don't Wanna Fall In Love","Smyle (Extended)","KYLE","2015-10-02",232368,2,"true","allisonslater23","2022-08-10T21:32:01Z","","KYLE",0.486,0.616,0,-6.9,1,0.277,0.0149,0,0.356,0.601,132.151,4
"414","spotify:track:4EpZ4eYuZOwPSSwyqpdHnJ","Sunflower","Sunflower","Rex Orange County","2017-03-22",252230,2,"true","allisonslater23","2022-08-10T21:32:12Z","bedroom pop","Rex Orange County",0.384,0.765,6,-4.463,1,0.0579,0.646,0.00352,0.522,0.567,129.903,4
"415","spotify:track:5XFoaqV1Z8XaLJidchVWhh","love.","The Boy Who Flew To The Moon (Vol. 1)","Kid Cudi","2022-07-08",328573,70,"true","allisonslater23","2022-08-10T21:32:52Z","","Universal Records",0.574,0.736,5,-4.743,1,0.0465,0.146,1.66e-05,0.407,0.344,138.501,4
"416","spotify:track:0ujsBQIHVikzdQOekiu5gS","Enter Galactic (Love Connection Part I)","Man On The Moon: The End Of Day (Deluxe)","Kid Cudi","2009-01-01",260200,58,"true","allisonslater23","2022-08-10T21:32:56Z","","Kid Cudi/Universal Records",0.75,0.707,10,-7.936,0,0.0393,0.106,0.00102,0.449,0.794,120.004,4
"417","spotify:track:1kwnxJNVl7cwcU98RvMBaR","Surf","Circles","Mac Miller","2020-01-17",330506,71,"false","allisonslater23","2022-08-10T21:32:59Z","","Warner Records",0.828,0.182,1,-13.066,0,0.166,0.754,0.0706,0.15,0.231,147.279,4
"418","spotify:track:47Bg6IrMed1GPbxRgwH2aC","Best Friend","Best Friend","Rex Orange County","2017-01-25",262231,3,"true","allisonslater23","2022-08-10T21:33:08Z","bedroom pop","Rex Orange County",0.575,0.714,6,-5.247,1,0.0596,0.395,0,0.115,0.32,144.982,4
"419","spotify:track:5FSt6K70gANsecaAtXFVbR","When Will I See You Again","When Will I See You Again","Shakka","2014-10-19",217999,3,"false","allisonslater23","2022-08-10T21:33:26Z","","Westbourne Productions Ltd",0.593,0.893,6,-5.811,1,0.132,0.301,0,0.135,0.63,150.085,4
"420","spotify:track:0X5mtNbqxbiTYkwj0CQc2f","Crash My Car","Dreamland","COIN","2020-02-21",188306,1,"false","allisonslater23","2022-08-10T21:33:32Z","","The Committee for Sound & Mind",0.244,0.645,5,-5.863,1,0.0456,0.00178,0.00574,0.301,0.529,183.577,5
"421","spotify:track:5EV4bGHxVN0kHpcAFvgnTt","Dance, Baby!","Roy Pablo","boy pablo","2017-05-19",198000,61,"false","allisonslater23","2022-08-10T21:33:34Z","bedroom pop","777 Music",0.602,0.601,9,-8.521,1,0.0411,0.037,0.0046,0.312,0.856,122.017,4
"422","spotify:track:6kOG6Upp2stc1POrhmRcQ4","Chattanooga","Miracle","Briston Maroney","2020-02-28",209506,26,"false","allisonslater23","2022-08-11T00:34:22Z","","Canvasback/ATL",0.56,0.544,9,-8.17,1,0.043,0.0108,0.000114,0.106,0.385,131.059,4
"423","spotify:track:4sNG6zQBmtq7M8aeeKJRMQ","Brazil","What Do You Think About the Car?","Declan McKenna","2017-04-21",252305,83,"false","allisonslater23","2022-08-11T20:55:45Z","","Columbia",0.687,0.617,4,-5.213,1,0.0287,0.0941,1.27e-05,0.0898,0.665,121.079,4
"424","spotify:track:5Az8KU81g2aLBbJN67F2CI","Mind Over Matter","Mind Over Matter","Young the Giant","2014-01-17",244693,76,"false","allisonslater23","2022-08-11T20:55:50Z","","Fueled By Ramen",0.466,0.763,0,-4.448,1,0.0318,0.000501,0,0.0973,0.293,154.914,4
"425","spotify:track:3pyyGVqWvRMq43qtJBzxe0","Kids","Kids","Current Joys","2015-03-08",269142,3,"false","allisonslater23","2022-08-11T20:55:57Z","lo-fi indie","Current Joys",0.828,0.66,6,-9.669,1,0.0337,0.508,0.403,0.0755,0.904,113.45,4
"426","spotify:track:74f0dpqHhTeTJzs4pmZ1yq","Pool House","When We Were Friends","The Backseat Lovers","2019-01-27",269411,71,"false","allisonslater23","2022-08-11T20:55:59Z","","The Backseat Lovers",0.594,0.355,7,-11.184,1,0.0305,0.0478,0.000109,0.0559,0.327,134.097,4
"427","spotify:track:6Nle9hKrkL1wQpwNfEkxjh","Chanel","Chanel","Frank Ocean","2017-03-10",210285,80,"true","allisonslater23","2022-08-11T20:56:05Z","","Blonded",0.776,0.503,0,-5.732,0,0.237,0.874,0,0.112,0.473,110.134,4
"428","spotify:track:6HJxxqHWMdidwTVZmZWeHU","New Flesh","Wild Heart","Current Joys","2013-01-02",167986,3,"false","allisonslater23","2022-08-11T20:56:29Z","lo-fi indie","Current Joys",0.62,0.594,9,-16.066,1,0.0383,0.887,0.5,0.0917,0.698,165.861,4
"429","spotify:track:57RA3JGafJm5zRtKJiKPIm","Are You Bored Yet? (feat. Clairo)","Nothing Happens","Wallows;Clairo","2019-03-22",178000,81,"false","allisonslater23","2022-08-11T20:56:39Z","indie,bedroom pop","Atlantic Records",0.682,0.683,8,-6.444,0,0.0287,0.156,2.32e-05,0.273,0.64,120.023,4
"430","spotify:track:5zUQZjVB6bfewBXWqsP9PY","Here","Know-It-All","Alessia Cara","2015-11-13",199453,81,"false","allisonslater23","2022-08-11T21:25:28Z","","EP Entertainment, LLC / Def Jam",0.376,0.822,0,-3.974,1,0.104,0.0783,0,0.0841,0.327,120.498,4
"431","spotify:track:0Fs9cdPDhptWEDJmiCbkEW","She Knows (feat. Amber Coffman & Cults)","Born Sinner (Deluxe Version)","J. Cole;Cults;Amber Coffman","2013-06-18",296520,77,"true","allisonslater23","2022-08-19T06:17:06Z","rap,dubstep,dub","Roc Nation LLC",0.766,0.74,1,-10.363,1,0.0807,0.0193,0.0784,0.229,0.183,118.008,4
"432","spotify:track:5lT5IZWW3JQErXELJpQgJ9","Slow Down","Paradise EP","Chase Atlantic","2016-12-20",212093,3,"true","allisonslater23","2022-08-27T04:09:20Z","","Chase Atlantic Records",0.477,0.788,10,-4.46,1,0.0362,0.0183,1.78e-06,0.294,0.255,129.967,4
"433","spotify:track:4vl2zwXsTmAxgu9iY0g6UK","I Don't Want to Be","Chariot","Gavin DeGraw","2003-07-21",217760,69,"false","allisonslater23","2022-09-01T17:49:25Z","","J Records",0.423,0.862,0,-5.13,0,0.0695,0.00806,0,0.133,0.462,154.756,4
"434","spotify:track:6GGmABM6AMwMzEhK7szqJT","Pink Dolphin Sunset (feat. Tee)","Alone At Prom","Tory Lanez;Tee","2021-12-10",212450,70,"false","allisonslater23","2022-09-17T04:31:23Z","","One Umbrella Records",0.772,0.457,7,-8.359,1,0.0365,0.00193,1.71e-06,0.0739,0.527,111.997,4
"435","spotify:track:6kcHg7XL6SKyPNd78daRBL","Sweet Talk","saintmotelevision","Saint Motel","2016-10-21",192040,65,"false","allisonslater23","2022-09-17T04:31:33Z","","Elektra (NEK)",0.67,0.843,1,-4.311,1,0.0454,0.0392,0,0.225,0.713,117.01,4
"436","spotify:track:2fXwCWkh6YG5zU1IyvQrbs","Broken Clocks","Ctrl","SZA","2017-06-09",231257,81,"true","allisonslater23","2022-09-17T04:31:42Z","r&b","Top Dawg Entertainment/RCA Records",0.692,0.684,6,-7.364,1,0.155,0.131,0,0.156,0.406,112.912,4
"437","spotify:track:2P4OICZRVAQcYAV2JReRfj","Waiting For Love","Stories","Avicii","2015-10-02",230613,86,"false","allisonslater23","2022-09-26T22:50:53Z","edm","Pophouse Entertainment Group",0.579,0.736,6,-3.863,0,0.0527,0.31,0,0.198,0.613,127.999,4
"438","spotify:track:70wYA8oYHoMzhRRkARoMhU","When You Were Young","Sam's Town","The Killers","2006-09-27",220426,82,"false","allisonslater23","2022-09-26T23:37:43Z","alternative rock","Island Records",0.467,0.988,11,-3.313,1,0.112,0.000152,0.0484,0.28,0.321,130.433,4
"439","spotify:track:5vollujufHY0jMZxx77VWr","All These Things That I've Done","Hot Fuss","The Killers","2004",301866,79,"false","allisonslater23","2022-09-26T23:37:49Z","alternative rock","Island Records",0.539,0.702,6,-7.291,1,0.0436,0.00245,2.37e-05,0.117,0.206,118.106,4
"440","spotify:track:7cX4PJz1old9fyFI8RlfgW","Read My Mind","Sam's Town","The Killers","2006-09-27",246840,75,"false","allisonslater23","2022-09-26T23:38:00Z","alternative rock","Island Records",0.543,0.917,1,-3.391,1,0.0444,0.00572,7.76e-05,0.104,0.329,132.246,4
"441","spotify:track:6Pgmqg15yVexuOgtzuxwoX","Dancing in My Room","Dancing in My Room","347aidan","2020-10-26",180138,69,"true","allisonslater23","2022-09-26T23:38:50Z","","Columbia",0.98,0.413,8,-11.052,0,0.101,0.671,7.95e-05,0.17,0.764,119.993,4
"442","spotify:track:2ZWlPOoWh0626oTaHrnl2a","Ivy","Blonde","Frank Ocean","2016-08-20",249191,86,"true","allisonslater23","2022-09-26T23:39:35Z","","Boys Don't Cry",0.575,0.386,9,-9.584,0,0.037,0.785,0.000289,0.229,0.466,116.408,4
"443","spotify:track:6xGruZOHLs39ZbVccQTuPZ","Glimpse of Us","Glimpse of Us","Joji","2022-06-10",233456,8,"false","allisonslater23","2022-09-28T19:06:50Z","","88rising Music/Warner Records",0.44,0.317,8,-9.258,1,0.0531,0.891,4.78e-06,0.141,0.268,169.914,3
"444","spotify:track:1Dp7ASSZVVOPJ85VdLpjOX","Seventeen Going Under","Seventeen Going Under","Sam Fender","2021-07-07",302360,66,"true","allisonslater23","2022-10-02T19:10:54Z","","Polydor Records",0.477,0.873,1,-4.946,1,0.0355,0.00471,0.00589,0.0813,0.611,161.948,4
"445","spotify:track:75ZvA4QfFiZvzhj2xkaWAh","I Fall Apart","Stoney (Deluxe)","Post Malone","2016-12-09",223346,78,"true","allisonslater23","2022-10-12T13:06:18Z","","Mercury Records/Republic Owned",0.556,0.538,8,-5.408,0,0.0382,0.0689,0,0.196,0.291,143.946,4
"446","spotify:track:0zo4aX57COch7Wh3NRImTM","Heartbeat","Camp","Childish Gambino","2011-11-15",269840,8,"true","allisonslater23","2022-10-12T13:36:36Z","","Glassnote Entertainment Group LLC",0.8,0.545,1,-7.002,0,0.127,0.00369,0.000461,0.0445,0.294,119.954,4
"447","spotify:track:1ip2IGDWMrUmlaepEbWlL8","Love Me Like You Do - From ""Fifty Shades Of Grey""","Fifty Shades Of Grey (Original Motion Picture Soundtrack)","Ellie Goulding","2015-02-10",250266,60,"false","allisonslater23","2022-10-18T21:37:40Z","","Fifty Shades of Grey",0.252,0.659,5,-5.903,0,0.0626,0.251,0,0.112,0.27,189.588,4
"448","spotify:track:6PGoSes0D9eUDeeAafB2As","LOVE. FEAT. ZACARI.","DAMN.","Kendrick Lamar;Zacari","2017-04-14",213400,85,"false","allisonslater23","2022-10-20T22:25:05Z","hip hop,west coast hip hop","Aftermath",0.8,0.585,10,-7.343,1,0.0924,0.264,0,0.153,0.779,126.058,4
"449","spotify:track:1BECwm5qkaBwlbfo4kpYx8","Death of a Bachelor","Death of a Bachelor","Panic! At The Disco","2016-01-15",203506,70,"false","allisonslater23","2022-10-24T05:31:39Z","emo","Decaydance/Fueled By Ramen",0.462,0.538,0,-5.527,1,0.059,0.0137,0,0.429,0.405,139.256,4
"450","spotify:track:34ZAzO78a5DAVNrYIGWcPm","Shirt","Shirt","SZA","2022-10-28",181830,64,"true","allisonslater23","2022-10-31T22:04:58Z","r&b","Top Dawg Entertainment/RCA Records",0.824,0.453,3,-9.604,0,0.0968,0.146,0.0273,0.0896,0.552,119.959,4
"451","spotify:track:6lt40iqr6BYucHN0WVken7","If I Can Dream (Bonus Track) - Stereo Mix","Elvis 30 #1 Hits (Expanded Edition)","Elvis Presley","2022-02-18",189373,50,"false","allisonslater23","2023-02-03T01:20:12Z","rockabilly,rock and roll","RCA/Legacy",0.228,0.687,0,-6.792,1,0.0395,0.406,0.000699,0.146,0.434,189.75,3
"452","spotify:track:444vevlQjTnKioLLncteGv","Something Real","AUSTIN","Post Malone","2023-07-28",205287,63,"true","allisonslater23","2023-07-28T14:20:56Z","","Mercury Records/Republic Records",0.433,0.777,11,-5.105,0,0.0435,0.000263,0,0.366,0.247,135.335,4
"453","spotify:track:2tznHmp70DxMyr2XhWLOW0","Cigarette Daydreams","Melophobia","Cage The Elephant","2013-10-08",208760,81,"false","allisonslater23","2024-01-06T16:23:27Z","","RCA Records Label",0.636,0.676,2,-3.442,1,0.0263,0.0807,0,0.0831,0.273,113.98,4
"454","spotify:track:2GiJYvgVaD2HtM8GqD9EgQ","Electric Love","Dopamine","BØRNS","2015-10-16",218106,83,"false","allisonslater23","2024-01-06T16:23:30Z","","UMGRI Interscope",0.611,0.797,6,-7.627,0,0.0533,0.00543,0.00137,0.26,0.518,120.041,4
"455","spotify:track:2Y8BloifAHEn6GproQgPs7","Silver Springs - 2004 Remaster","Rumours (Deluxe Edition)","Fleetwood Mac","1977-02-04",288786,69,"false","allisonslater23","2024-01-06T16:36:01Z","yacht rock,classic rock,soft rock","Rhino/Warner Records",0.348,0.576,0,-8.388,1,0.0289,0.00766,0.0462,0.276,0.428,179.014,4
"456","spotify:track:20bJBbPapGQ4bqs0YcA9xY","Just What I Am","Indicud","Kid Cudi;King Chip","2013-04-12",228026,70,"true","allisonslater23","2024-01-06T16:39:24Z","","Kid Cudi/Universal Records",0.654,0.949,1,-3.163,1,0.136,0.00222,0,0.406,0.352,140.008,4
"457","spotify:track:7w5cxTEzp1rfV3KCy0Bd5N","Home","Up from Below","Edward Sharpe & The Magnetic Zeros","2009-07-14",303200,2,"false","allisonslater23","2024-01-06T16:39:53Z","","Vagrant Records",0.542,0.589,2,-6.623,1,0.0318,0.292,0.000522,0.177,0.137,111.665,4
"458","spotify:track:09ZcYBGFX16X8GMDrvqQwt","For the First Time","Science & Faith (US Version)","The Script","2011-01-18",252853,67,"true","allisonslater23","2024-01-06T16:41:16Z","","Phonogenic",0.396,0.629,9,-4.78,1,0.0287,0.0328,0,0.183,0.358,173.794,4
"459","spotify:track:5fVZC9GiM4e8vu99W0Xf6J","How to Save a Life","How To Save A Life","The Fray","2005-09-13",262533,88,"false","allisonslater23","2024-01-06T16:41:20Z","","Epic",0.64,0.743,10,-4.08,1,0.0379,0.269,0,0.101,0.361,122.035,4
"460","spotify:track:0FDzzruyVECATHXKHFs9eJ","A Sky Full of Stars","Ghost Stories","Coldplay","2014-05-16",267866,90,"false","allisonslater23","2024-01-06T16:41:55Z","","Parlophone UK",0.545,0.675,6,-6.474,1,0.0279,0.00617,0.00197,0.209,0.162,124.97,4
"461","spotify:track:0BCPKOYdS2jbQ8iyB56Zns","Clocks","A Rush of Blood to the Head","Coldplay","2002-08-27",307879,88,"false","allisonslater23","2024-01-06T16:42:00Z","","Parlophone Records Limited",0.577,0.749,5,-7.215,0,0.0279,0.599,0.0115,0.183,0.255,130.97,4
"462","spotify:track:4wzt5Rrk3W98pHXAqutuJw","Talk","X&Y","Coldplay","2005-06-07",311291,71,"false","allisonslater23","2024-01-06T16:42:05Z","","Parlophone Records Limited",0.415,0.554,7,-10.839,0,0.0334,0.00541,0.00202,0.155,0.163,120.318,4
"463","spotify:track:7LVHVU3tWfcxj5aiPFEW4Q","Fix You","X&Y","Coldplay","2005-06-07",295533,87,"false","allisonslater23","2024-01-06T16:42:18Z","","Parlophone Records Limited",0.209,0.417,3,-8.74,1,0.0338,0.164,0.00196,0.113,0.124,138.178,4
"464","spotify:track:4Fv6wNYUixnYkj3Dgfrls8","Tumblr Girls (feat. Christoph Andersson)","These Things Happen","G-Eazy;Christoph Andersson","2014-06-23",255680,82,"true","allisonslater23","2024-01-06T17:17:03Z","nu disco,french house","BPG/RVG/RCA Records",0.49,0.373,8,-9.762,1,0.26,0.101,0.000105,0.128,0.346,121.889,4
"465","spotify:track:2iUmqdfGZcHIhS3b9E9EWq","Everybody Talks","Picture Show","Neon Trees","2012-01-01",177280,83,"true","allisonslater23","2024-01-16T21:25:55Z","","Mercury Records",0.471,0.924,8,-3.906,1,0.0584,0.00301,0,0.313,0.716,154.962,4
"466","spotify:track:7wBrglFVTNCcW6IhdgBkm1","Paradise","Mylo Xyloto","Coldplay","2011-10-19",278719,51,"false","allisonslater23","2024-01-16T21:56:42Z","","Parlophone UK",0.449,0.585,5,-6.761,1,0.0268,0.0509,8.75e-05,0.0833,0.212,139.631,4
"467","spotify:track:3yrSvpt2l1xhsV9Em88Pul","Brown Eyed Girl","Blowin' Your Mind!","Van Morrison","1967-09",183306,17,"false","allisonslater23","2024-10-09T13:36:27Z","","Columbia/Legacy",0.491,0.583,7,-10.964,1,0.0376,0.185,0,0.406,0.908,150.566,4
"468","spotify:track:0bfvHnWWOeU1U5XeKyVLbW","Can't Take My Eyes off You","Solo","Frankie Valli","1967",203680,85,"false","allisonslater23","2024-10-09T13:36:32Z","doo-wop","Rhino",0.581,0.78,4,-7.053,1,0.0567,0.508,1.07e-05,0.0799,0.561,123.711,4
"469","spotify:track:3KzgdYUlqV6TOG7JCmx2Wg","Beyond the Sea","That's All","Bobby Darin","1959",172480,73,"false","allisonslater23","2024-10-09T13:36:39Z","big band,adult standards,swing music,doo-wop","Rhino Atlantic",0.521,0.516,2,-7.456,0,0.0369,0.723,0,0.257,0.569,136.483,4
"470","spotify:track:7i6r9KotUPQg3ozKKgEPIN","Seven Nation Army","Elephant","The White Stripes","2003-04-01",231733,7,"false","allisonslater23","2024-10-09T13:36:45Z","garage rock,blues rock,rock,alternative rock","Third Man Records",0.726,0.463,0,-7.828,1,0.0799,0.00817,0.447,0.255,0.321,123.881,4
"471","spotify:track:5z8DiKSG4EwxmO6gUi12rZ","Another Saturday Night","Ain't That Good News","Sam Cooke","1964-03-01",160000,2,"false","allisonslater23","2024-10-09T13:37:28Z","motown,soul,classic soul","ABKCO Music and Records, Inc.",0.776,0.659,9,-7.767,1,0.051,0.434,0,0.0868,0.969,123.094,4
"472","spotify:track:4iVzgmqhxypCb6CYYnznLc","Winter Winds","Sigh No More","Mumford & Sons","2009-10-02",219628,0,"false","allisonslater23","2024-10-09T13:37:34Z","folk,indie folk,folk rock","Glassnote Entertainment Group LLC",0.322,0.5,7,-7.205,1,0.0318,0.238,0,0.172,0.406,125.338,3
"473","spotify:track:7IxVWmdabNVhfLBV3JD0nJ","The Cave","Sigh No More","Mumford & Sons","2009-10-02",217986,1,"false","allisonslater23","2024-10-09T13:37:44Z","folk,indie folk,folk rock","Glassnote Entertainment Group LLC",0.595,0.506,4,-9.682,1,0.0388,0.0464,0.000138,0.107,0.346,141.981,4
"474","spotify:track:6Qyc6fS4DsZjB2mRW9DsQs","Iris","Dizzy up the Girl","The Goo Goo Dolls","1998",289533,96,"false","allisonslater23","2024-10-17T14:45:41Z","","Warner Records",0.315,0.715,11,-8.072,0,0.0362,0.00125,7.97e-06,0.0942,0.497,155.925,3
"475","spotify:track:2DNXgvkyv35vTWvdgjs7qn","Someone New","Hozier (Expanded Edition)","Hozier","2014-09-19",222813,76,"false","allisonslater23","2024-12-09T11:04:16Z","","Columbia",0.443,0.533,7,-5.956,1,0.0473,0.429,3.66e-06,0.332,0.596,183.791,4
"476","spotify:track:3HfhB8sYqLlVmpBPb7cc2x","Walking On A Dream","Walking On A Dream","Empire Of The Sun","2008-01-01",198440,3,"false","allisonslater23","2024-12-09T11:04:21Z","","Capitol Records",0.87,0.699,5,-5.541,0,0.0459,0.245,6.76e-06,0.0588,0.727,126.967,4
"477","spotify:track:7MlDNspYwfqnHxORufupwq","Sex, Drugs, Etc.","Pineapple Sunrise","Beach Weather","2023-03-03",196784,86,"false","allisonslater23","2024-12-09T11:04:24Z","","8123 / Arista Records",0.57,0.842,4,-5.085,0,0.0381,0.0136,0.00876,0.524,0.47,143.975,4
"478","spotify:track:4iZxeyibg6w4EFCOoAQ6Eh","What You Know","Tourist History","Two Door Cinema Club","2010-02-17",191400,81,"false","allisonslater23","2024-12-09T11:04:35Z","indie,indie rock","Glassnote - VMG",0.556,0.763,6,-3.952,0,0.0413,0.000728,6.79e-06,0.071,0.814,138.984,4
"479","spotify:track:7H7NyZ3G075GqPx2evsfeb","Chamber Of Reflection","Salad Days","Mac DeMarco","2014-04-01",231723,66,"false","allisonslater23","2024-12-09T11:04:54Z","indie,lo-fi indie","Captured Tracks",0.538,0.557,11,-8.678,1,0.0914,0.262,0.914,0.102,0.506,131.03,4
"480","spotify:track:5TgEJ62DOzBpGxZ7WRsrqb","Work Song","Hozier (Expanded Edition)","Hozier","2014-09-19",229715,79,"false","allisonslater23","2024-12-09T11:04:57Z","","Columbia",0.531,0.363,10,-7.672,1,0.0608,0.749,0,0.112,0.259,121.412,4
"481","spotify:track:4dyx5SzxPPaD8xQIid5Wjj","Young Folks","Writer's Block","Peter Bjorn and John","2006-01-01",276693,83,"false","allisonslater23","2024-12-09T11:04:59Z","indie","Universal Music AB",0.699,0.812,0,-6.005,1,0.0377,0.0164,0.000763,0.105,0.662,138.185,4
"482","spotify:track:3bnVBN67NBEzedqQuWrpP4","Tear in My Heart","Blurryface","Twenty One Pilots","2015-05-15",188493,78,"false","allisonslater23","2024-12-09T11:05:01Z","","Fueled By Ramen",0.655,0.632,2,-4.802,1,0.0489,0.0189,0,0.0722,0.447,120.113,4
"483","spotify:track:5e9TFTbltYBg2xThimr0rU","The Chain - 2004 Remaster","Rumours (Super Deluxe)","Fleetwood Mac","1977-02-04",270213,89,"false","allisonslater23","2025-05-25T15:11:00Z","yacht rock,classic rock,soft rock","Rhino/Warner Records",0.545,0.67,9,-8.81,1,0.0496,0.009,0.000822,0.0451,0.481,151.553,4
"484","spotify:track:5XRHGXut00SrJUFmcn2lQF","All The Right Moves","Waking Up","OneRepublic","2009-01-01",238000,43,"false","allisonslater23","2025-05-25T15:11:25Z","","Mosley / Interscope",0.529,0.948,0,-3.527,1,0.0474,0.258,9.35e-06,0.283,0.65,146.024,4
"485","spotify:track:5VSCgNlSmTV2Yq5lB40Eaw","Love Me Again","Tribute","John Newman","2013-01-01",239894,72,"false","allisonslater23","2025-05-25T15:11:32Z","","Universal-Island Records Ltd.",0.495,0.894,2,-4.814,0,0.0441,0.00453,0.000596,0.103,0.213,126.03,4
"486","spotify:track:4sK96UnGx3NjBaqvfTG2dm","Too Close","The Lateness Of The Hour","Alex Clare","2011",256560,64,"false","allisonslater23","2025-05-25T15:11:44Z","","Universal-Island Records Ltd.",0.584,0.712,11,-4.311,0,0.0395,0.0112,1.05e-06,0.114,0.286,126.043,4
"487","spotify:track:0LtOwyZoSNZKJWHqjzADpW","Feels Like We Only Go Backwards","Lonerism","Tame Impala","2012-01-01",192960,81,"false","allisonslater23","2025-08-31T17:02:09Z","neo-psychedelic,indie","Modular",0.303,0.9,2,-2.352,0,0.0574,0.0277,0.635,0.11,0.491,149.508,4
"488","spotify:track:1170VohRSx6GwE6QDCHPPH","Kilby Girl","When We Were Friends","The Backseat Lovers","2019-01-27",282205,80,"false","allisonslater23","2025-08-31T17:02:13Z","","The Backseat Lovers",0.329,0.444,1,-9.973,1,0.0417,0.0578,0.0352,0.113,0.225,162.279,4
"489","spotify:track:3HlK8txWAdtKMrbsqX40pl","Freaking Out the Neighborhood","2","Mac DeMarco","2012-10-16",173888,60,"false","allisonslater23","2025-08-31T17:02:27Z","indie,lo-fi indie","Captured Tracks",0.565,0.832,8,-5.751,0,0.108,0.0638,0.0288,0.386,0.847,143.303,4
"490","spotify:track:7ASFZh1D0DPZro7UXUKGmd","Loving Is Easy","Loving is Easy","Rex Orange County;Benny Sings","2017-10-11",155720,70,"true","allisonslater23","2025-08-31T17:02:29Z","bedroom pop","Rex Orange County",0.756,0.609,3,-7.927,1,0.0544,0.217,0.00482,0.0959,0.537,117.024,4
"491","spotify:track:1qbmS6ep2hbBRaEZFpn7BX","Man I Need","Man I Need","Olivia Dean","2025-08-15",184000,95,"false","allisonslater23","2025-08-31T17:02:53Z","pop soul","PLG - Capitol",0.808,0.593,1,-7.27,1,0.0714,0.488,0.000451,0.0933,0.688,119.008,4
"492","spotify:track:3ld1FzyNgpZwGn4h9cOXrq","Love Me Not (feat. Rex Orange County)","Love Me Not (feat. Rex Orange County)","Ravyn Lenae;Rex Orange County","2024-10-08",188198,85,"false","allisonslater23","2025-08-31T17:03:45Z","alternative r&b,indie soul,bedroom pop","Atlantic Records",0.796,0.698,0,-6.947,1,0.0312,0.148,0,0.129,0.794,114.014,4
"493","spotify:track:0TFTAtCYhp2tQ9KcJIZb55","undressed","I Barely Know Her","sombr","2025-08-22",182088,88,"false","allisonslater23","2025-08-31T17:03:58Z","","Warner Records",0.642,0.887,0,-3.883,1,0.0406,0.137,0,0.0829,0.888,115.999,4
"494","spotify:track:1PyaesWoAa7Xz7TEbyyvcz","she got a thing about her","she got a thing about her","Thomas Day","2025-07-11",138653,68,"true","allisonslater23","2025-08-31T17:04:35Z","","Arista Records",0.66,0.822,1,-4.257,0,0.0445,0.294,0,0.339,0.891,119.91,4
"495","spotify:track:19kHhX6f6EfLU7rcO3RqjO","Back On 74","Volcano","Jungle","2023-08-11",209482,82,"false","allisonslater23","2025-08-31T17:04:58Z","","Caiola Records",0.62,0.761,10,-7.282,0,0.175,0.207,0.000147,0.269,0.194,146.003,4
"496","spotify:track:3eP13S8D5m2cweMEg3ZDed","Virginia Beach","For All The Dogs","Drake","2023-10-06",251094,77,"true","allisonslater23","2025-09-04T16:39:17Z","rap","OVO/Republic",0.402,0.514,1,-7.322,0,0.0471,0.106,0,0.181,0.2,120.009,4
"497","spotify:track:3rQfYDjgpRy5LFlClpPQW9","Dancing with Myself - 2001 Remaster","Anthology","Billy Idol;Generation X","2003-02-28",227400,72,"false","allisonslater23","2026-07-19T02:14:07Z","","Chrysalis Records",0.392,0.886,4,-6.981,1,0.061,5.83e-05,0.274,0.219,0.755,176.625,4
"498","spotify:track:2J051fjLklkoPbzOoTAACZ","Sally, When The Wine Runs Out","Kansas Anymore (The Longest Goodbye)","ROLE MODEL","2025-02-14",218660,82,"true","allisonslater23","2026-09-03T11:15:33Z","","Interscope Records",0.678,0.814,1,-6.065,1,0.0294,0.015,0,0.104,0.857,119.974,4
"499","spotify:track:3PwiD0JaTDiBMWDUW2hXNX","Confidence","Chiaroscuro","Ocean Alley","2018-03-09",253076,72,"false","allisonslater23","2026-09-07T00:00:43Z","surf rock","Ocean Alley",0.589,0.558,11,-9.602,0,0.0513,0.0624,0,0.105,0.573,140.789,4
"500","spotify:track:3w3y8KPTfNeOKPiqUTakBh","Locked out of Heaven","Unorthodox Jukebox","Bruno Mars","2012-12-07",233478,94,"false","31uc4qncqwiw36tkufpe7zbo537y","2023-05-31T18:41:24Z","","Atlantic Records",0.726,0.698,5,-4.165,1,0.0431,0.049,0,0.309,0.867,143.994,4
"501","spotify:track:32OlwWuMpZ6b0aN2RZOeMS","Uptown Funk (feat. Bruno Mars)","Uptown Special","Mark Ronson;Bruno Mars","2015-01-12",269658,90,"false","31uc4qncqwiw36tkufpe7zbo537y","2023-05-31T18:41:34Z","","Columbia",0.856,0.609,0,-7.223,1,0.0824,0.00801,8.15e-05,0.0344,0.928,114.988,4
"502","spotify:track:7pBzCp7qNLlsH6rzEFkSwN","FREAKED OUT","FREAKED OUT","Fat Papi;prodshushy","2026-06-04",158117,90,"true","31uc4qncqwiw36tkufpe7zbo537y","2026-07-09T17:25:43Z","","broke",0.688,0.571,9,-8.797,0,0.074,0.265,0,0.209,0.398,170.007,4
"503","spotify:track:2tpWsVSb9UEmDRxAl1zhX1","Counting Stars","Native","OneRepublic","2013-01-01",257265,91,"false","31uc4qncqwiw36tkufpe7zbo537y","2023-05-31T18:49:33Z","","Mosley / Interscope",0.663,0.706,1,-4.972,0,0.0383,0.0654,0,0.118,0.474,122.013,4
"504","spotify:track:4r6eNCsrZnQWJzzvFh4nlg","Firework","Teenage Dream","Katy Perry","2010-01-01",227893,78,"false","31uc4qncqwiw36tkufpe7zbo537y","2023-05-31T18:49:40Z","pop","Capitol Records",0.638,0.831,8,-5.039,1,0.049,0.142,0,0.113,0.649,124.071,4
"505","spotify:track:79BY6QNQu7FeL6DnaKu5wT","Take Me (To The Moon)","Take Me (To The Moon)","Ian Asher;D A N N Y","2026-06-05",158629,84,"false","31uc4qncqwiw36tkufpe7zbo537y","2026-07-09T19:00:26Z","","broke",0.553,0.796,1,-5.589,0,0.0451,0.0764,0.167,0.377,0.0999,175.158,4
"506","spotify:track:4nVBt6MZDDP6tRVdQTgxJg","Story of My Life","Midnight Memories (Deluxe)","One Direction","2013-11-25",245490,87,"false","31uc4qncqwiw36tkufpe7zbo537y","2023-07-24T03:56:57Z","","Syco Music",0.6,0.663,3,-5.802,1,0.0477,0.225,0,0.119,0.286,121.07,4
"507","spotify:track:50tTFMbM8n9Ztbngn9tV6q","Im Sorry Mom","Im Sorry Mom","Marino","2026-06-12",107000,82,"true","31uc4qncqwiw36tkufpe7zbo537y","2026-08-05T22:54:19Z","","broke",0.789,0.667,5,-5.504,1,0.0658,0.237,0,0.0853,0.831,119.942,4
"508","spotify:track:0Qh38w01QRXK6KHIv0e3hb","What About Us","Beautiful Trauma","P!nk","2017-10-13",269595,81,"false","31uc4qncqwiw36tkufpe7zbo537y","2023-10-17T02:39:35Z","","RCA Records Label",0.491,0.588,1,-6.177,1,0.0506,0.0281,2.01e-06,0.0906,0.193,113.608,4
"509","spotify:track:3CRDbSIZ4r5MsZ0YwxuEkn","Stressed Out","Blurryface","Twenty One Pilots","2015-05-15",202333,90,"false","31uc4qncqwiw36tkufpe7zbo537y","2023-10-17T02:39:55Z","","Fueled By Ramen",0.734,0.637,4,-5.677,0,0.141,0.0462,2.29e-05,0.0602,0.648,169.977,4
"510","spotify:track:69UOKg0ctcOcYNfyH0BKt9","Do You Mind - Remix","Do You Mind (Remix)","Kyla;DJ Paleface;Crazy Cousinz","2009-07-06",209055,86,"false","31uc4qncqwiw36tkufpe7zbo537y","2026-08-05T22:56:01Z","uk funky,funky house","Isekai / broke",0.277,0.949,10,-4.574,0,0.0689,0.184,0.00361,0.0678,0.857,189.44,3
"511","spotify:track:4Pd6KvXa6DVEA5Wr41k9Dw","think you're someone new","think you're someone new","Ian Asher;Arden Jones","2026-01-30",150583,78,"true","31uc4qncqwiw36tkufpe7zbo537y","2026-02-16T20:13:06Z","","broke",0.695,0.917,9,-6.365,1,0.0419,0.0391,0.0145,0.404,0.331,131.844,3
"512","spotify:track:2iUXsYOEPhVqEBwsqP70rE","Youngblood","Youngblood (Deluxe)","5 Seconds of Summer","2018-06-15",203417,84,"false","31uc4qncqwiw36tkufpe7zbo537y","2023-10-17T02:40:02Z","","Capitol",0.597,0.854,7,-5.114,0,0.463,0.0169,0,0.124,0.152,120.276,4
"513","spotify:track:2HgDumIk9acxBvCvgahJEO","Get Down","Get Down","Uhfwea","2025-08-08",111540,41,"true","31uc4qncqwiw36tkufpe7zbo537y","2025-08-27T04:49:49Z","","Medallion Music",0.888,0.821,0,-5.017,0,0.0862,0.117,1.77e-06,0.0857,0.807,124.979,4
"514","spotify:track:6aDsgHPZsMztSbZernzlF8","Someday","Human (Deluxe)","OneRepublic","2021-08-27",187888,68,"false","31uc4qncqwiw36tkufpe7zbo537y","2023-10-18T18:45:46Z","","Mosley Music/Interscope Records",0.576,0.679,0,-7.237,1,0.034,0.0311,0,0.323,0.213,121.005,4
"515","spotify:track:18XlJEroUwFo0tLZxscgXE","Lost","JORDI (Deluxe)","Maroon 5","2021-06-11",172597,65,"false","31uc4qncqwiw36tkufpe7zbo537y","2023-10-18T18:45:48Z","pop","Interscope Records*",0.766,0.706,7,-6.553,0,0.16,0.223,0.00028,0.064,0.766,142.989,4
"516","spotify:track:09AvsbivV1FQBRAEBJh7UL","High","So Far So Good","The Chainsmokers","2022-06-08",175163,63,"true","31uc4qncqwiw36tkufpe7zbo537y","2023-10-18T18:46:03Z","","Disruptor Records/Columbia",0.601,0.787,0,-6.178,1,0.031,0.0492,0,0.142,0.525,134.981,4
"517","spotify:track:4kbj5MwxO1bq9wjT5g9HaA","Shut Up and Dance","TALKING IS HARD","WALK THE MOON","2014-12-02",199080,89,"false","31uc4qncqwiw36tkufpe7zbo537y","2023-11-12T19:28:19Z","","RCA Records Label",0.578,0.866,1,-3.804,1,0.0619,0.00701,0,0.257,0.619,128.038,4
"518","spotify:track:1gv4xPanImH17bKZ9rOveR","Raise Your Glass","Raise Your Glass","P!nk","2010-10-05",202960,80,"true","31uc4qncqwiw36tkufpe7zbo537y","2023-11-12T19:28:21Z","","LaFace Records",0.7,0.709,7,-5.006,1,0.0838,0.0048,0,0.029,0.624,122.019,4
"519","spotify:track:0KAiuUOrLTIkzkpfpn9jb9","Drive By","California 37","Train","2012-04-17",195973,82,"false","31uc4qncqwiw36tkufpe7zbo537y","2023-11-12T19:28:25Z","soft pop","Columbia",0.765,0.837,1,-3.113,0,0.032,0.00107,1.06e-05,0.0801,0.721,122.028,4
"520","spotify:track:3dDyI2Mbw4RFIfXMGAeOzp","TAKE ME","TAKE ME","D A N N Y","2026-05-22",129029,60,"false","31uc4qncqwiw36tkufpe7zbo537y","2026-07-09T19:00:54Z","","broke",0.545,0.839,2,-4.053,1,0.0496,0.00951,0.407,0.133,0.175,178.78,4
"521","spotify:track:6DRZmJa38MaMNthwG3fCBD","two","two","bbno$","2024-10-04",135212,70,"true","31uc4qncqwiw36tkufpe7zbo537y","2025-09-06T00:13:54Z","","bbno$$",0.862,0.878,1,-5.175,1,0.0805,0.00768,1.63e-05,0.331,0.883,128.059,4
"522","spotify:track:72gv4zhNvRVdQA0eOenCal","Symphony (feat. Zara Larsson)","What Is Love? (Deluxe Edition)","Clean Bandit;Zara Larsson","2018-11-30",212733,84,"false","31uc4qncqwiw36tkufpe7zbo537y","2023-11-12T19:28:34Z","","Atlantic Records UK",0.715,0.605,0,-5.128,0,0.0428,0.239,1.41e-05,0.189,0.454,122.956,4
"523","spotify:track:2vwlzO0Qp8kfEtzTsCXfyE","Wrecking Ball","Bangerz (Deluxe Version)","Miley Cyrus","2013-10-04",221366,85,"false","31uc4qncqwiw36tkufpe7zbo537y","2023-11-12T19:28:40Z","","RCA Records Label",0.53,0.422,5,-6.262,1,0.0342,0.407,0,0.107,0.349,119.964,4
"524","spotify:track:0nrRP2bk19rLc0orkWPQk2","Wake Me Up","True","Avicii","2013-09-16",247426,89,"false","31uc4qncqwiw36tkufpe7zbo537y","2023-11-12T19:28:42Z","edm","Pophouse Entertainment Group",0.532,0.783,2,-5.697,1,0.0523,0.0038,0.0012,0.161,0.643,124.08,4
"525","spotify:track:6yARPLK0PV4heEyh7pVMGz","Part Of Me","Teenage Dream: The Complete Confection","Katy Perry","2012-01-01",216160,76,"false","31uc4qncqwiw36tkufpe7zbo537y","2023-11-16T05:06:15Z","pop","Capitol Records",0.666,0.922,5,-4.645,1,0.0352,0.000348,0,0.0867,0.758,130.007,4
"526","spotify:track:3avYqdwHKEq8beXbeWCKqJ","Last Friday Night (T.G.I.F.)","Teenage Dream","Katy Perry","2010-01-01",230733,82,"false","31uc4qncqwiw36tkufpe7zbo537y","2023-11-16T05:06:17Z","pop","Capitol Records",0.652,0.81,3,-3.789,0,0.0406,0.00129,2.91e-05,0.667,0.732,126.022,4
"527","spotify:track:6KOEK6SeCEZOQkLj5M1PxH","California Gurls","Teenage Dream","Katy Perry;Snoop Dogg","2010-01-01",234653,80,"false","31uc4qncqwiw36tkufpe7zbo537y","2023-11-16T05:06:19Z","pop,g-funk,west coast hip hop,gangster rap,old school hip hop,hip hop,rap","Capitol Records",0.789,0.753,0,-3.71,1,0.0537,0.0038,0,0.18,0.403,125.007,4
"528","spotify:track:6RtPijgfPKROxEzTHNRiDp","Rude","Don't Kill the Magic","MAGIC!","2014-06-25",224849,89,"false","31uc4qncqwiw36tkufpe7zbo537y","2023-11-16T05:06:27Z","","Latium Records/RCA Records",0.773,0.758,1,-4.993,1,0.0381,0.0422,0,0.305,0.925,144.033,4
"529","spotify:track:4gbVRS8gloEluzf0GzDOFc","Maps","V","Maroon 5","2014-09-02",189960,87,"false","31uc4qncqwiw36tkufpe7zbo537y","2023-11-16T05:06:36Z","pop","Interscope Records*",0.742,0.713,1,-5.522,0,0.0303,0.0205,0,0.059,0.879,120.032,4
"530","spotify:track:5jzKL4BDMClWqRguW5qZvh","Teenage Dream","Teenage Dream","Katy Perry","2010-01-01",227741,79,"false","31uc4qncqwiw36tkufpe7zbo537y","2023-11-16T05:06:37Z","pop","Capitol Records",0.719,0.798,10,-4.582,1,0.0361,0.0162,2.34e-06,0.134,0.591,120.012,4
"531","spotify:track:0wI7QkCcs8FUQE1OkXUIqd","Scars To Your Beautiful","Know-It-All","Alessia Cara","2015-11-13",230240,83,"false","31uc4qncqwiw36tkufpe7zbo537y","2023-11-16T05:06:41Z","","EP Entertainment, LLC / Def Jam",0.319,0.739,0,-5.74,1,0.272,0.0285,0,0.111,0.449,194.169,4
"532","spotify:track:76hfruVvmfQbw0eYn1nmeC","Cake By The Ocean","DNCE","DNCE","2016-11-18",219146,87,"true","31uc4qncqwiw36tkufpe7zbo537y","2023-11-16T05:06:47Z","","Joseph Jonas/Republic Records",0.774,0.753,4,-5.446,0,0.0517,0.152,0,0.0371,0.896,119.002,4
"533","spotify:track:0lHAMNU8RGiIObScrsRgmP","Titanium (feat. Sia)","Nothing but the Beat 2.0","David Guetta;Sia","2011-08-24",245040,78,"false","31uc4qncqwiw36tkufpe7zbo537y","2023-11-20T17:17:54Z","edm","Parlophone (France)",0.604,0.788,0,-3.673,0,0.103,0.0678,0.153,0.127,0.301,126.06,4
"534","spotify:track:2s1sdSqGcKxpPr5lCl7jAV","Chandelier","1000 Forms Of Fear (Deluxe Version)","Sia","2015-05-04",216120,75,"false","31uc4qncqwiw36tkufpe7zbo537y","2023-11-20T17:18:03Z","","Monkey Puzzle Records/RCA Records",0.399,0.787,1,-2.88,1,0.0499,0.0197,6.07e-05,0.0685,0.572,117.089,5
"535","spotify:track:4cluDES4hQEUhmXj6TXkSo","What Makes You Beautiful","Up All Night","One Direction","2012-05-25",199986,89,"false","31uc4qncqwiw36tkufpe7zbo537y","2024-02-13T05:33:30Z","","Syco Music UK",0.726,0.787,4,-2.494,1,0.0737,0.009,0,0.0596,0.888,124.99,4
"536","spotify:track:2iuZJX9X9P0GKaE93xcPjk","Sugar","V","Maroon 5","2014-09-02",235493,85,"true","31uc4qncqwiw36tkufpe7zbo537y","2024-02-13T05:33:36Z","pop","Interscope Records*",0.748,0.788,1,-7.055,1,0.0334,0.0591,0,0.0863,0.884,120.076,4
"537","spotify:track:6lanRgr6wXibZr8KgzXxBl","a thousand years","a thousand years","Christina Perri","2011-10-18",285120,88,"false","31uc4qncqwiw36tkufpe7zbo537y","2024-04-06T20:46:55Z","soft pop","Atlantic Records",0.421,0.407,10,-7.445,1,0.0267,0.309,0.000961,0.11,0.161,139.028,3
"538","spotify:track:0AS63m1wHv9n4VVRizK6Hc","Mercy","Illuminate (Deluxe)","Shawn Mendes","2017-04-20",208733,85,"false","31uc4qncqwiw36tkufpe7zbo537y","2024-04-12T13:51:53Z","","Island Records",0.554,0.662,11,-4.957,0,0.0821,0.126,0,0.111,0.338,148.122,4
"539","spotify:track:65fpYBrI8o2cfrwf2US4gq","Rewrite The Stars","The Greatest Showman (Original Motion Picture Soundtrack)","Zac Efron;Zendaya","2017-12-08",217440,76,"false","31uc4qncqwiw36tkufpe7zbo537y","2024-05-22T16:29:05Z","musicals","Atlantic Records",0.684,0.619,10,-7.005,1,0.0386,0.0716,0,0.122,0.284,125.046,4
"540","spotify:track:0oagwWkGlBoACUuKvTmqZV","A Million Dreams","A Million Dreams","P!nk","2018-10-24",273640,72,"false","31uc4qncqwiw36tkufpe7zbo537y","2024-05-22T16:29:22Z","","Atlantic Records",0.312,0.499,7,-6.282,1,0.0397,0.272,0,0.0901,0.191,148.173,4
"541","spotify:track:1V6gIisPpYqgFeWbMLI0bA","Heart Attack","Demi","Demi Lovato","2013-01-01",210840,85,"false","31uc4qncqwiw36tkufpe7zbo537y","2024-05-22T16:33:22Z","","Hollywood Records",0.504,0.785,8,-4.802,1,0.104,0.0738,0,0.239,0.502,173.968,4
"542","spotify:track:6hkOqJ5mE093AQf2lbZnsG","The One That Got Away","Teenage Dream","Katy Perry","2010-01-01",227333,76,"false","31uc4qncqwiw36tkufpe7zbo537y","2024-06-05T22:44:20Z","pop","Capitol Records",0.689,0.795,1,-4.021,0,0.0356,0.000812,1.07e-06,0.156,0.876,133.968,4
"543","spotify:track:7JJmb5XwzOO8jgpou264Ml","There's Nothing Holdin' Me Back","Illuminate (Deluxe)","Shawn Mendes","2017-04-20",199440,92,"false","31uc4qncqwiw36tkufpe7zbo537y","2024-06-07T07:05:13Z","","Island Records",0.866,0.811,11,-4.063,0,0.0553,0.375,0,0.078,0.969,121.995,4
"544","spotify:track:0azC730Exh71aQlOt9Zj3y","This Is What You Came For","This Is What You Came For","Calvin Harris;Rihanna","2016-04-29",221900,82,"false","31uc4qncqwiw36tkufpe7zbo537y","2024-07-10T14:09:17Z","edm","Columbia",0.631,0.927,9,-2.787,0,0.0332,0.199,0.119,0.148,0.465,123.962,4
"545","spotify:track:5YqltLsjdqFtvqE7Nrysvs","We Are Never Ever Getting Back Together (Taylor's Version)","Red (Taylor's Version)","Taylor Swift","2021-11-12",193146,75,"false","31uc4qncqwiw36tkufpe7zbo537y","2024-07-10T14:11:05Z","","Taylor Swift",0.567,0.686,7,-6.139,1,0.175,0.0317,1.86e-06,0.0732,0.716,172.014,4
"546","spotify:track:789CxjEOtO76BVD1A9yJQH","Stay","Unapologetic (Edited Version)","Rihanna;Mikky Ekko","2012-01-01",240706,77,"false","31uc4qncqwiw36tkufpe7zbo537y","2024-07-17T05:51:28Z","","Def Jam Recordings",0.621,0.31,9,-10.164,0,0.0283,0.945,6.12e-05,0.117,0.125,111.881,4
"547","spotify:track:6FZDfxM3a3UCqtzo5pxSLZ","Without Me","Manic","Halsey","2020-01-17",201660,87,"true","31uc4qncqwiw36tkufpe7zbo537y","2024-07-17T15:12:33Z","","Capitol Records",0.752,0.488,6,-7.05,1,0.0705,0.293,9.2e-06,0.0936,0.533,136.07,4
"548","spotify:track:1nInOsHbtotAmEOQhtvnzP","Stronger (What Doesn't Kill You)","Stronger (Deluxe Version)","Kelly Clarkson","2011-10-24",221946,81,"false","31uc4qncqwiw36tkufpe7zbo537y","2024-07-21T14:50:07Z","christmas","RCA Records Label",0.562,0.939,0,-4.282,1,0.0475,0.046,0,0.112,0.684,116.044,4
"549","spotify:track:37f4ITSlgPX81ad2EvmVQr","Fight Song","Wildfire","Rachel Platten","2016-01-01",204013,76,"false","31uc4qncqwiw36tkufpe7zbo537y","2024-07-21T14:50:18Z","","Columbia",0.564,0.714,7,-4.987,1,0.129,0.0549,0,0.155,0.33,175.924,4
"550","spotify:track:5jsw9uXEGuKyJzs0boZ1bT","Stitches","Handwritten","Shawn Mendes","2015-04-14",206880,90,"false","31uc4qncqwiw36tkufpe7zbo537y","2024-07-28T14:51:29Z","","Island Records",0.752,0.754,1,-6.684,1,0.0615,0.0151,0,0.0486,0.755,149.789,4
"551","spotify:track:7xoUc6faLbCqZO6fQEYprd","One Last Time","My Everything (Deluxe)","Ariana Grande","2014-08-22",197266,88,"false","31uc4qncqwiw36tkufpe7zbo537y","2024-07-28T14:51:33Z","pop","Universal Records",0.628,0.593,8,-5.036,1,0.0323,0.093,1.65e-06,0.096,0.104,125.025,4
"552","spotify:track:009ImBOrIUlWgla8U05RAC","Unconditionally","PRISM","Katy Perry","2013-01-01",228878,81,"false","31uc4qncqwiw36tkufpe7zbo537y","2024-07-28T14:51:35Z","pop","Capitol Records (CAP)",0.432,0.725,7,-4.862,1,0.0431,0.00273,0,0.208,0.353,128.902,4
"553","spotify:track:6rmXhRIemCTPyMYZRDN7Qg","Black Magic","Get Weird (Expanded Edition)","Little Mix","2015-11-06",211786,79,"false","31uc4qncqwiw36tkufpe7zbo537y","2024-07-28T14:51:38Z","","Syco Music",0.776,0.875,4,-5.535,1,0.0575,0.0343,0,0.314,0.849,111.988,4
"554","spotify:track:1DqdF42leyFIzqNDv9CjId","Dynamite","Rokstarr","Taio Cruz","2010-01-01",203866,76,"false","31uc4qncqwiw36tkufpe7zbo537y","2024-07-28T14:51:44Z","","Universal-Island Records Ltd.",0.754,0.804,4,-3.177,1,0.0853,0.00332,0,0.0329,0.818,119.968,4
"555","spotify:track:3gbBpTdY8lnQwqxNCcf795","Pompeii","Bad Blood","Bastille","2013-01-01",214147,76,"false","31uc4qncqwiw36tkufpe7zbo537y","2024-07-30T05:10:33Z","","EMI (Virgin)",0.679,0.715,9,-6.383,1,0.0407,0.0755,0,0.271,0.571,127.435,4
"556","spotify:track:5jE48hhRu8E6zBDPRSkEq7","All About That Bass","Title (Deluxe)","Meghan Trainor","2015-01-12",191488,72,"true","31uc4qncqwiw36tkufpe7zbo537y","2024-08-30T05:56:13Z","","Epic",0.807,0.887,9,-3.726,1,0.0503,0.0573,2.87e-06,0.124,0.961,134.052,4
"557","spotify:track:6Z8R6UsFuGXGtiIxiD8ISb","Safe And Sound","In A Tidal Wave Of Mystery (Deluxe Edition)","Capital Cities","2013",192789,16,"false","31uc4qncqwiw36tkufpe7zbo537y","2024-10-23T04:39:02Z","","Capital Cities",0.655,0.819,0,-4.852,1,0.0316,0.000176,0.00374,0.104,0.766,117.956,5
"558","spotify:track:3OzCF9i6Ey7EkkAYJztmKp","Bad At Love","hopeless fountain kingdom (Deluxe Plus)","Halsey","2017-06-02",181279,85,"false","31uc4qncqwiw36tkufpe7zbo537y","2024-12-28T20:09:56Z","","Astralwerks (ASW)",0.675,0.751,0,-3.539,1,0.0296,0.0604,0,0.0893,0.612,118.384,4
"559","spotify:track:1dEy9Pl81QopSxNsPxXQxv","Stay","Unapologetic (Deluxe)","Rihanna;Mikky Ekko","2012-12-11",240706,69,"false","31uc4qncqwiw36tkufpe7zbo537y","2025-01-16T04:05:12Z","","Def Jam Recordings",0.621,0.31,9,-10.164,0,0.0283,0.945,6.12e-05,0.117,0.125,111.881,4
"560","spotify:track:190jyVPHYjAqEaOGmMzdyk","Beauty And A Beat","Believe (Deluxe Edition)","Justin Bieber;Nicki Minaj","2012-06-15",227986,90,"false","31uc4qncqwiw36tkufpe7zbo537y","2025-02-01T17:53:00Z","","RBMG/Def Jam",0.602,0.843,0,-4.831,1,0.0593,0.000688,5.27e-05,0.0682,0.526,128.003,4
"561","spotify:track:4jbmgIyjGoXjY01XxatOx6","Dark Horse","PRISM","Katy Perry;Juicy J","2013-01-01",215672,86,"false","31uc4qncqwiw36tkufpe7zbo537y","2025-02-24T03:19:07Z","pop,crunk","Capitol Records (CAP)",0.647,0.585,6,-6.123,1,0.0512,0.00314,0,0.165,0.353,131.934,4
"562","spotify:track:2bL2gyO6kBdLkNSkxXNh6x","Animals","V","Maroon 5","2014-09-02",231013,88,"false","31uc4qncqwiw36tkufpe7zbo537y","2025-02-24T03:19:10Z","pop","Interscope Records*",0.279,0.742,4,-6.46,0,0.0898,0.000185,0,0.593,0.328,189.868,4
"563","spotify:track:0w5Bdu51Ka25Pf3hojsKHh","Hard Times","After Laughter","Paramore","2017-05-12",182693,82,"false","31uc4qncqwiw36tkufpe7zbo537y","2025-05-05T04:14:31Z","pop punk,emo","Fueled By Ramen",0.695,0.818,5,-5.379,0,0.0334,0.00647,4.87e-06,0.0219,0.916,119.965,4
"564","spotify:track:2K87XMYnUMqLcX3zvtAF4G","Drag Me Down","Made In The A.M. (Deluxe Edition)","One Direction","2015-11-13",192112,81,"false","31uc4qncqwiw36tkufpe7zbo537y","2025-09-06T00:12:56Z","","Syco Music",0.731,0.703,0,-5.672,0,0.0368,0.111,0,0.0657,0.595,138.111,4
"565","spotify:track:0tBbt8CrmxbjRP0pueQkyU","Wolves","Wolves","Selena Gomez;Marshmello","2017-10-25",197993,80,"false","31uc4qncqwiw36tkufpe7zbo537y","2025-09-06T00:13:05Z","edm","Selena Gomez PS",0.725,0.804,11,-4.614,0,0.0422,0.124,0,0.204,0.31,124.996,4
"566","spotify:track:1oHNvJVbFkexQc0BpQp7Y4","Starships","Pink Friday ... Roman Reloaded","Nicki Minaj","2011-01-01",210626,79,"true","31uc4qncqwiw36tkufpe7zbo537y","2025-09-06T00:13:09Z","","Nicki Minaj/Cash Money",0.747,0.716,11,-2.457,0,0.0751,0.135,0,0.251,0.751,125.006,4
"567","spotify:track:7EQGXaVSyEDsCWKmUcfpLk","Die Young","Warrior (Expanded Edition)","Kesha","2012-11-30",211920,84,"false","31uc4qncqwiw36tkufpe7zbo537y","2025-09-06T00:13:13Z","","Kemosabe Records/RCA Records",0.711,0.7,1,-4.805,0,0.046,0.00498,0.000125,0.215,0.801,128.001,4
"568","spotify:track:2yPoXCs7BSIUrucMdK5PzV","Umbrella","Good Girl Gone Bad","Rihanna;JAŸ-Z","2007-01-01",275986,81,"false","31uc4qncqwiw36tkufpe7zbo537y","2025-09-06T00:13:17Z","hip hop,east coast hip hop,rap","Def Jam Recordings",0.585,0.828,1,-4.603,1,0.124,0.00906,0,0.0426,0.584,174.034,4
"569","spotify:track:7DnAm9FOTWE3cUvso43HhI","Sweet but Psycho","Heaven & Hell","Ava Max","2020-09-18",187436,86,"false","31uc4qncqwiw36tkufpe7zbo537y","2025-09-06T00:13:22Z","","Atlantic Records",0.72,0.706,1,-4.719,1,0.0473,0.0684,0,0.166,0.62,133.002,4
"570","spotify:track:0SiywuOBRcynK0uKGWdCnn","Bad Romance","The Fame Monster (Deluxe Edition)","Lady Gaga","2009-11-05",294573,89,"true","31uc4qncqwiw36tkufpe7zbo537y","2025-09-21T04:59:25Z","art pop,pop","Interscope",0.695,0.921,0,-3.752,1,0.0363,0.00314,5.26e-05,0.0842,0.714,119.007,4
"571","spotify:track:1Jo0Zg7XlrA6z0mFTZVdkn","Don't Stop The Music","Good Girl Gone Bad","Rihanna","2007-01-01",267080,82,"false","31uc4qncqwiw36tkufpe7zbo537y","2025-09-21T04:59:37Z","","Def Jam Recordings",0.834,0.669,6,-5.582,0,0.0637,0.0341,7.18e-05,0.0535,0.547,122.669,4
"572","spotify:track:3cHyrEgdyYRjgJKSOiOtcS","Timber","Global Warming: Meltdown (Deluxe Version)","Pitbull;Kesha","2012",204134,88,"false","31uc4qncqwiw36tkufpe7zbo537y","2025-12-08T07:01:53Z","","Mr.305/Polo Grounds Music/RCA Records",0.581,0.963,11,-4.087,1,0.0981,0.0295,0,0.139,0.788,129.992,4
"573","spotify:track:67T6l4q3zVjC5nZZPXByU8","Whatcha Say","Jason Derulo","Jason Derulo","2010-02-24",221253,75,"false","31uc4qncqwiw36tkufpe7zbo537y","2025-12-10T06:32:32Z","","Beluga Heights/Warner Records",0.615,0.711,11,-5.507,1,0.078,0.0444,0,0.145,0.711,144.034,4
"574","spotify:track:6I3mqTwhRpn34SLVafSH7G","Ghost","Justice","Justin Bieber","2021-03-19",153190,87,"false","31uc4qncqwiw36tkufpe7zbo537y","2025-12-10T06:38:29Z","","RBMG/Def Jam",0.601,0.741,2,-5.569,1,0.0478,0.185,2.91e-05,0.415,0.441,153.96,4
"575","spotify:track:2ENexcMEMsYk0rVJigVD3i","Only Girl (In The World)","Loud","Rihanna","2010-01-01",235493,90,"false","31uc4qncqwiw36tkufpe7zbo537y","2025-12-22T03:46:11Z","","Def Jam Recordings",0.789,0.706,11,-4.233,0,0.0429,0.112,1.71e-05,0.0586,0.638,125.918,4
"576","spotify:track:1sTsuZTdANkiFd7T34H3nb","Human","Day & Age (Bonus Tracks)","The Killers","2008-11-18",245373,79,"false","22bzisjmms5lv75ieubqyx5ti","2023-12-14T03:26:46Z","alternative rock","Island Records",0.557,0.8,10,-8.477,1,0.0601,0.00132,0.0012,0.0906,0.582,135.47,4
"577","spotify:track:0VE4kBnHJUgtMf0dy6DRmW","Getaway Car","reputation","Taylor Swift","2017-11-10",233626,81,"false","22bzisjmms5lv75ieubqyx5ti","2023-12-14T03:38:38Z","","Taylor Swift",0.562,0.689,2,-6.745,1,0.127,0.00465,2.23e-06,0.0888,0.351,172.054,4
"578","spotify:track:2m1hi0nfMR9vdGC8UcrnwU","All The Small Things","Enema Of The State","blink-182","1999-06-01",167066,87,"false","22bzisjmms5lv75ieubqyx5ti","2023-12-14T03:30:39Z","pop punk,punk,skate punk,rock,emo","Geffen",0.434,0.897,0,-4.918,1,0.0488,0.0103,0,0.612,0.685,148.708,4
"579","spotify:track:3lPr8ghNDBLc2uZovNyLs9","Supermassive Black Hole","Black Holes and Revelations","Muse","2006-06-28",212439,86,"false","22bzisjmms5lv75ieubqyx5ti","2023-12-14T03:42:41Z","alternative rock,rock","Warner Records",0.668,0.921,7,-3.727,1,0.0439,0.0492,0.00517,0.0877,0.782,120,4
"580","spotify:track:3KANrKOFYyAxfjQJHkgBdb","Smile Like You Mean It","Hot Fuss","The Killers","2004",234106,75,"false","22bzisjmms5lv75ieubqyx5ti","2023-12-14T03:30:12Z","alternative rock","Island Records",0.346,0.965,3,-4.255,0,0.146,0.000461,0.012,0.214,0.384,125.043,4
"581","spotify:track:4LJhJ6DQS7NwE7UKtvcM52","What's My Age Again?","Enema Of The State","blink-182","1999-06-01",148360,83,"true","22bzisjmms5lv75ieubqyx5ti","2023-12-14T03:36:19Z","pop punk,punk,skate punk,rock,emo","Geffen",0.391,0.951,6,-7.419,1,0.0688,0.012,0.000446,0.0878,0.468,157.663,4
"582","spotify:track:30cSNer6TV8x2utjULVeQ5","SOS","A Girl Like Me","Rihanna","2006-04-10",238920,83,"false","22bzisjmms5lv75ieubqyx5ti","2023-12-14T03:28:50Z","","Def Jam Recordings",0.677,0.671,7,-4.905,1,0.0361,0.004,5.07e-05,0.413,0.527,137.046,4
"583","spotify:track:7rl7ao5pb9BhvAzPdWStxi","Telephone","The Fame Monster (Deluxe Edition)","Lady Gaga;Beyoncé","2009-08-05",220626,73,"false","22bzisjmms5lv75ieubqyx5ti","2023-12-14T03:31:51Z","art pop,pop","Interscope",0.825,0.832,5,-5.862,0,0.0403,0.00587,0.000733,0.114,0.713,122.021,4
"584","spotify:track:2E43WFS4rRc09za2r2GmZl","My Songs Know What You Did In The Dark (Light Em Up)","Save Rock And Roll","Fall Out Boy","2013-04-12",186826,80,"false","22bzisjmms5lv75ieubqyx5ti","2023-12-14T03:37:56Z","emo,pop punk","Island Records",0.557,0.924,9,-4.341,0,0.064,0.0271,3.32e-06,0.537,0.566,151.988,4
"585","spotify:track:7I7JbDv63ZJJsSi24DyJrz","Dancing With Our Hands Tied","reputation","Taylor Swift","2017-11-10",211506,71,"false","22bzisjmms5lv75ieubqyx5ti","2023-12-14T03:38:26Z","","Taylor Swift",0.624,0.691,0,-6.686,0,0.196,0.0604,1.1e-05,0.138,0.284,160.024,4
"586","spotify:track:1du4tPkvJfCIuVL6WMtqSs","Boys","Cuz I Love You (Super Deluxe)","Lizzo","2019-04-17",172630,66,"false","22bzisjmms5lv75ieubqyx5ti","2023-12-14T03:39:33Z","","Nice Life/Atlantic",0.892,0.588,1,-4.287,0,0.11,0.00319,0.000162,0.0498,0.753,120.042,4
"587","spotify:track:0k664IuFwVP557Gnx7RhIl","Juice","Cuz I Love You","Lizzo","2019-04-19",195333,71,"true","22bzisjmms5lv75ieubqyx5ti","2023-12-14T03:39:37Z","","Nice Life/Atlantic",0.767,0.889,7,-2.988,1,0.0963,0.00611,0,0.402,0.843,119.93,4
"588","spotify:track:1AozLLbKi1kIKMUbY3Xk7o","Confident - Rock Version","REVAMPED","Demi Lovato","2023-09-15",205675,47,"true","22bzisjmms5lv75ieubqyx5ti","2023-12-14T03:40:12Z","","Demi Lovato PS LP5/6 – Island",0.524,0.825,10,-3.847,0,0.101,0.00167,1.68e-05,0.217,0.317,130.098,4
"589","spotify:track:1xzi1Jcr7mEi9K2RfzLOqS","CUFF IT","RENAISSANCE","Beyoncé","2022-07-29",225388,77,"true","22bzisjmms5lv75ieubqyx5ti","2023-12-14T03:41:12Z","","Parkwood Entertainment/Columbia",0.78,0.689,7,-5.668,1,0.141,0.0368,9.69e-06,0.0698,0.642,115.042,4
"590","spotify:track:1fvD4tBLGypUG0Tg2nHHus","Evacuate the Dancefloor - Radio Edit","Evacuate The Dancefloor","Cascada","2009-08-18",206306,2,"false","22bzisjmms5lv75ieubqyx5ti","2023-12-14T03:41:48Z","europop,eurodance,nightcore","Robbins Entertainment LLC",0.76,0.694,0,-5.856,1,0.0458,0.0195,0,0.29,0.9,127.009,4
"591","spotify:track:1YaVmBh7EAeR54FIjuFcb5","Naturally","Kiss & Tell","Selena Gomez & The Scene","2009-01-01",202586,70,"false","22bzisjmms5lv75ieubqyx5ti","2023-12-14T03:43:24Z","","Hollywood Records",0.605,0.902,10,-5.406,0,0.0511,0.0185,1.01e-06,0.0534,0.875,132.612,4
"592","spotify:track:6SpLc7EXZIPpy0sVko0aoU","Misery Business","Riot!","Paramore","2007-06-12",211520,80,"false","22bzisjmms5lv75ieubqyx5ti","2023-12-14T03:46:19Z","pop punk,emo","Fueled By Ramen",0.517,0.906,1,-3.677,1,0.0735,0.00272,9.26e-06,0.113,0.731,172.977,4
"593","spotify:track:0JNdS1n0ifOP25XvhwAMgM","The Edge Of Glory","Born This Way","Lady Gaga","2011-01-01",320586,66,"false","22bzisjmms5lv75ieubqyx5ti","2023-12-14T03:47:34Z","art pop,pop","Interscope",0.582,0.772,9,-6.544,1,0.0401,0.000343,0.0191,0.11,0.36,127.957,4
"594","spotify:track:6fyzsHCwnt8oL4XgGIMrdN","Potential Breakup Song","Potential Breakup Song","Aly & AJ","2020-12-29",218333,57,"true","22bzisjmms5lv75ieubqyx5ti","2023-12-14T03:48:03Z","","Aly & AJ Music LLC",0.554,0.901,6,-4.139,0,0.0384,0.000493,0.000291,0.0867,0.537,157.987,4
"595","spotify:track:3AjyOYxBv8bByfBtG5o9dP","See You Again","Meet Miley Cyrus","Miley Cyrus","2007-06-26",190453,74,"false","22bzisjmms5lv75ieubqyx5ti","2023-12-14T03:48:26Z","","Hollywood Records",0.692,0.911,9,-5.098,0,0.177,0.015,7.71e-05,0.112,0.8,138.975,4
"596","spotify:track:7hCNBVRhHzcsRAv0TQnOzq","Runaway Baby","Doo-Wops & Hooligans","Bruno Mars","2010-05-11",148448,79,"false","22bzisjmms5lv75ieubqyx5ti","2023-12-14T03:50:15Z","","Elektra (NEK)",0.658,0.762,10,-3.028,0,0.0425,0.263,0,0.127,0.823,163.864,4
"597","spotify:track:7cdnq45E9aP2XDStHg5vd7","Cherry Bomb","The Runaways","The Runaways","1976",138706,71,"false","22bzisjmms5lv75ieubqyx5ti","2023-12-14T03:50:20Z","riot grrrl,proto-punk","Island Def Jam",0.501,0.813,11,-8.192,1,0.0639,0.0455,4.75e-05,0.131,0.495,136.59,4
"598","spotify:track:60wwxj6Dd9NJlirf84wr2c","Clarity","Clarity","Zedd;Foxes","2012-01-01",271426,85,"false","22bzisjmms5lv75ieubqyx5ti","2023-12-14T03:55:42Z","edm","Interscope",0.509,0.781,8,-3.48,1,0.072,0.0398,0,0.0749,0.176,128,4
"599","spotify:track:2z4U9d5OAA4YLNXoCgioxo","What the Hell","Goodbye Lullaby (Expanded Edition)","Avril Lavigne","2011-03-08",220706,81,"false","22bzisjmms5lv75ieubqyx5ti","2023-12-14T04:01:07Z","","Epic",0.578,0.926,6,-3.689,0,0.0548,0.00472,0.0127,0.14,0.877,149.976,4
"600","spotify:track:55h7vJchibLdUkxdlX3fK7","Treasure","Unorthodox Jukebox","Bruno Mars","2012-12-07",178560,86,"true","22bzisjmms5lv75ieubqyx5ti","2023-12-14T04:09:28Z","","Atlantic Records",0.874,0.692,5,-5.28,0,0.0431,0.0412,7.24e-05,0.324,0.937,116.017,4
"601","spotify:track:4E63weMCaNZuGPEFMnuEi8","exes","THINK LATER","Tate McRae","2023-12-08",159400,82,"true","22bzisjmms5lv75ieubqyx5ti","2023-12-14T04:13:05Z","","RCA Records Label",0.821,0.575,5,-6.57,0,0.0589,0.173,0.000242,0.114,0.611,136.962,4
"602","spotify:track:26QLJMK8G0M06sk7h7Fkse","love is embarrassing","GUTS","Olivia Rodrigo","2023-09-08",154516,77,"true","22bzisjmms5lv75ieubqyx5ti","2023-12-26T15:31:18Z","","Olivia Rodrigo PS",0.517,0.821,9,-3.504,1,0.105,0.00341,0,0.148,0.617,160.052,4
"603","spotify:track:1uigwk5hNV84zRd5YQQRTk","Pocketful of Sunshine","Pocketful Of Sunshine","Natasha Bedingfield","2007-04-27",202906,88,"false","22bzisjmms5lv75ieubqyx5ti","2024-01-07T21:48:10Z","","Epic/Phonogenic",0.721,0.88,9,-3.896,0,0.0454,0.191,0,0.0769,0.655,110.021,4
"604","spotify:track:6vc2Jq2vaGu8z326kSrw92","Your Love Is My Drug","Animal (Expanded Edition)","Kesha","2010-01-01",187133,80,"false","22bzisjmms5lv75ieubqyx5ti","2024-01-07T21:49:04Z","","RCA Records Label",0.826,0.612,1,-3.891,1,0.0982,0.00681,0,0.0889,0.756,120.057,4
"605","spotify:track:2mqaYmF0XmV8egZB6jQOtN","Man! I Feel Like A Woman!","Come On Over (Diamond Edition / Super Deluxe)","Shania Twain","1997",233414,78,"false","22bzisjmms5lv75ieubqyx5ti","2024-01-14T02:04:59Z","country","Mercury Nashville",0.69,0.74,10,-3.342,1,0.0351,0.447,0,0.0858,0.657,125.092,4
"606","spotify:track:1XnpzbOGptRwfJhZgLbmSr","Pretty Savage","THE ALBUM","BLACKPINK","2020-10-02",201122,72,"false","22bzisjmms5lv75ieubqyx5ti","2024-01-15T20:09:33Z","k-pop","YG Entertainment/Interscope Records",0.701,0.556,9,-7.42,0,0.0414,0.00886,0.000122,0.106,0.333,152.045,4
"607","spotify:track:13MF2TYuyfITClL1R2ei6e","BOOMBAYAH","SQUARE ONE","BLACKPINK","2016-08-08",240793,78,"false","22bzisjmms5lv75ieubqyx5ti","2024-01-15T20:10:13Z","k-pop","YG Entertainment",0.661,0.836,5,-3.164,0,0.059,0.00268,0,0.497,0.396,124.952,4
"608","spotify:track:1fBl642IhJOE5U319Gy2Go","Animal","Habits","Neon Trees","2010-01-01",212293,77,"false","22bzisjmms5lv75ieubqyx5ti","2024-01-25T03:09:26Z","","Mercury Records",0.482,0.833,5,-5.611,1,0.0449,0.000346,0,0.365,0.74,148.039,4
"609","spotify:track:1yjY7rpaAQvKwpdUliHx0d","Still into You","Paramore","Paramore","2013-04-05",216013,87,"false","22bzisjmms5lv75ieubqyx5ti","2024-01-25T03:12:28Z","pop punk,emo","Fueled By Ramen",0.602,0.923,5,-3.763,1,0.044,0.0098,0,0.0561,0.765,136.01,4
"610","spotify:track:27GmP9AWRs744SzKcpJsTZ","Jumpman","What A Time To Be Alive","Drake;Future","2015-09-20",205879,72,"true","22bzisjmms5lv75ieubqyx5ti","2024-01-25T03:10:28Z","rap,trap","Cash Money Records Inc.",0.852,0.553,1,-7.286,1,0.187,0.0559,0,0.332,0.656,142.079,4
"611","spotify:track:18dlAFKaajLjRgBNZZ4ThU","Not My Fault (with Megan Thee Stallion)","Mean Girls (Music From The Motion Picture)","Reneé Rapp;Megan Thee Stallion","2024-01-12",170528,64,"true","22bzisjmms5lv75ieubqyx5ti","2024-01-25T16:08:38Z","","Paramount Pictures/Interscope Records",0.811,0.792,1,-6.081,0,0.175,0.1,0,0.395,0.854,124.01,4
"612","spotify:track:6PwjJ58I4t7Mae9xfZ9l9v","Somebody Told Me","Hot Fuss","The Killers","2004",197200,87,"false","22bzisjmms5lv75ieubqyx5ti","2024-02-11T22:06:43Z","alternative rock","Island Records",0.497,0.97,10,-4.851,0,0.0836,9.04e-05,0.000674,0.101,0.689,138.081,4
"613","spotify:track:1bM50INir8voAkVoKuvEUI","OMG (feat. will.i.am)","Raymond v Raymond (Expanded Edition)","USHER;will.i.am","2010-03-30",269493,82,"false","22bzisjmms5lv75ieubqyx5ti","2024-02-11T22:11:52Z","r&b","LaFace Records",0.781,0.745,4,-5.81,0,0.0332,0.198,1.14e-05,0.36,0.326,129.998,4
"614","spotify:track:4zDfgax6Ihb0UWdour1ZEs","Zero To Hero","Hercules (Original Motion Picture Soundtrack)","Chorus - Hercules;Lillias White;Cheryl Freeman;LaChanze;Roz Ryan;Vaneese Thomas;Tawatha Agee;Disney","1997-01-01",140573,70,"false","22bzisjmms5lv75ieubqyx5ti","2024-02-23T20:41:16Z","","Walt Disney Records",0.474,0.82,0,-7.699,1,0.243,0.493,0,0.0978,0.697,164.718,4
"615","spotify:track:33RJ3P6wc0B0FIyDalhNTv","Here We Go Again","Here We Go Again","Demi Lovato","2009-01-01",226253,60,"false","22bzisjmms5lv75ieubqyx5ti","2024-02-29T14:21:14Z","","Hollywood Records",0.585,0.927,5,-5.253,1,0.04,0.00432,0,0.178,0.672,142.043,4
"616","spotify:track:3xbZU7KENdHZrX99VDNGwx","Bathwater","Return Of Saturn","No Doubt","2000",242800,58,"false","22bzisjmms5lv75ieubqyx5ti","2024-04-14T20:43:38Z","","Interscope",0.624,0.732,4,-4.931,0,0.0543,0.412,0,0.33,0.619,145.929,4
"617","spotify:track:2fPvQfGQEZOKtJ9qXeL4x8","I Can Do It With a Broken Heart","THE TORTURED POETS DEPARTMENT: THE ANTHOLOGY","Taylor Swift","2024-04-19",218004,72,"true","22bzisjmms5lv75ieubqyx5ti","2024-04-25T20:58:59Z","","Taylor Swift",0.701,0.751,0,-8.39,1,0.0502,0.123,0,0.15,0.22,129.994,4
"618","spotify:track:1wJGFGRkBnFs4DU621KdhE","Let's Get Crazy","Hannah Montana The Movie","Hannah Montana","2009-01-01",155880,44,"false","22bzisjmms5lv75ieubqyx5ti","2024-07-17T02:34:17Z","","Walt Disney Records",0.724,0.894,7,-5.168,1,0.0525,0.00183,6.23e-05,0.352,0.827,125.031,4
"619","spotify:track:5vNRhkKd0yEAg8suGBpjeY","APT.","APT.","ROSÉ;Bruno Mars","2024-10-18",169917,87,"false","22bzisjmms5lv75ieubqyx5ti","2024-10-29T14:24:11Z","k-pop","Atlantic Records",0.777,0.783,0,-4.477,0,0.26,0.0283,0,0.355,0.939,149.027,4
"620","spotify:track:5EcG8eMMlwkHRVa4aTR1qd","Breakin' Dishes","Good Girl Gone Bad","Rihanna","2007-01-01",200573,78,"false","22bzisjmms5lv75ieubqyx5ti","2025-01-12T17:58:46Z","","Def Jam Recordings",0.799,0.661,8,-4.709,0,0.0316,0.000215,0.000137,0.091,0.864,125.01,4
"621","spotify:track:4ywh217pSCJxEa3o2Z9Oke","Sugar Daddy","Sugar Daddy","Devon Cole","2024-09-20",172591,51,"false","22bzisjmms5lv75ieubqyx5ti","2025-01-18T20:54:59Z","","Arista Records",0.852,0.574,9,-6.087,1,0.0495,0.0516,3.9e-05,0.0635,0.86,120.079,4
"622","spotify:track:74wySERHHxB8Ul9A0CNBla","Lay All Your Love On Me - From 'Mamma Mia!' Original Motion Picture Soundtrack","Mamma Mia! The Movie Soundtrack","Dominic Cooper;Amanda Seyfried","2008-01-01",269440,74,"false","22bzisjmms5lv75ieubqyx5ti","2025-04-08T18:55:35Z","musicals","Polydor Records",0.705,0.738,5,-5.402,0,0.0289,0.0102,0.000189,0.308,0.504,133.027,4
"623","spotify:track:4vyQ2NdodXhtMGsaaMBqSt","M.I.A","BEAUTIFUL CHAOS","KATSEYE","2025-06-27",129683,82,"true","22bzisjmms5lv75ieubqyx5ti","2025-07-15T23:43:08Z","k-pop","HYBE/Geffen",0.736,0.893,1,-4.858,1,0.202,0.03,0.00392,0.281,0.669,128.029,4
"624","spotify:track:1ScZY21nD9PLRjJwwoZjto","Supergirl","Best Of Hannah Montana","Hannah Montana","2011-01-01",176226,25,"false","22bzisjmms5lv75ieubqyx5ti","2025-08-01T14:35:41Z","","EMI Gold",0.736,0.896,10,-3.028,1,0.0658,0.0214,0,0.0484,0.794,135.991,4
"625","spotify:track:5FeSIdgogi42tRgnnpVJED","Baby I'm a Star","Purple Rain","Prince","1984-06-25",264400,60,"false","22bzisjmms5lv75ieubqyx5ti","2026-02-10T20:20:28Z","funk,funk rock","Warner Records",0.751,0.776,2,-9.901,1,0.0741,0.0135,0.000922,0.698,0.676,137.931,4
"626","spotify:track:6xV7Be6XEvkSnighmh2Tzj","Sugar On My Tongue","DON'T TAP THE GLASS","Tyler, The Creator","2025-07-21",153332,81,"true","22bzisjmms5lv75ieubqyx5ti","2026-02-20T00:16:12Z","","Columbia",0.703,0.501,11,-7.037,1,0.101,0.0327,0,0.193,0.463,126.073,4
"627","spotify:track:7g13jf3zqlP5S68Voo5v9m","Dancing On My Own - Radio Edit","Body Talk","Robyn","2010-01-01",278080,77,"false","22bzisjmms5lv75ieubqyx5ti","2026-02-20T00:20:44Z","swedish pop","Interscope",0.573,0.926,6,-6.045,1,0.0342,0.00202,0.0117,0.127,0.219,117.047,4
"628","spotify:track:1DwscornXpj8fmOmYVlqZt","Stateside + Zara Larsson","Fancy Some More?","PinkPantheress;Zara Larsson","2025-10-10",184761,92,"false","22bzisjmms5lv75ieubqyx5ti","2026-02-20T16:05:58Z","bedroom pop","Warner Records",0.676,0.664,6,-5.919,1,0.0864,0.0725,5.65e-05,0.26,0.847,123.455,4
"629","spotify:track:7B3BwNecBhKvNwSMOOl7Gk","Fame is a Gun","Addison","Addison Rae","2025-06-06",183237,86,"false","22bzisjmms5lv75ieubqyx5ti","2026-02-24T17:28:39Z","","Columbia",0.692,0.399,3,-7.325,0,0.035,0.165,0.00109,0.1,0.411,137.976,4
"630","spotify:track:25jgQBxuUkGDdCG1WGKKN9","House Tour","Man’s Best Friend","Sabrina Carpenter","2025-08-29",169214,85,"false","22bzisjmms5lv75ieubqyx5ti","2026-03-03T16:30:16Z","pop","Island Records",0.765,0.877,6,-4.897,1,0.0844,0.13,0,0.352,0.608,117.997,4
"631","spotify:track:42VsgItocQwOQC3XWZ8JNA","FE!N (feat. Playboi Carti)","UTOPIA","Travis Scott;Playboi Carti","2023-07-28",191700,86,"true","nicolesher4","2024-02-29T16:17:35Z","rap,rage rap","Cactus Jack/Epic",0.569,0.882,3,-2.777,0,0.06,0.0316,0,0.142,0.201,148.038,4
"632","spotify:track:6TrNRd98WksT9Kkmx9uj6R","Let It Rock","In The City","Kevin Rudolf;Lil Wayne","2008-01-01",231173,74,"true","nicolesher4","2024-02-29T21:52:09Z","rap,hip hop","Cash Money",0.607,0.783,7,-4.41,1,0.0397,0.000683,0,0.0678,0.434,113.172,4
"633","spotify:track:17tDv8WA8IhqE8qzuQn707","My First Kiss (feat. Ke$ha)","Streets Of Gold","3OH!3;Kesha","2010-06-25",192440,68,"false","nicolesher4","2024-03-04T22:40:50Z","","Photo Finish",0.682,0.889,0,-4.166,1,0.0804,0.00564,0,0.36,0.827,138.021,4
"634","spotify:track:6ebkx7Q5tTxrCxKq4GYj0Y","Club Can't Handle Me (feat. David Guetta)","Only One Flo (Part 1)","Flo Rida;David Guetta","2010-11-24",234560,85,"false","nicolesher4","2024-02-29T16:18:48Z","edm","Poe Boy/Atlantic",0.616,0.869,0,-3.911,1,0.0327,0.0283,0,0.064,0.473,127.966,4
"635","spotify:track:2QtJA4gbwe1AcanB2p21aP","Stay The Night - Featuring Hayley Williams Of Paramore","Clarity (Deluxe)","Zedd;Hayley Williams","2012",217346,73,"false","nicolesher4","2024-02-29T16:17:24Z","edm,art pop","Interscope",0.596,0.738,8,-3.109,1,0.0411,0.109,0,0.0947,0.461,127.961,4
"636","spotify:track:7clyJIrLkEbXUDwj1tC9zz","Blood // Water","a modern tragedy vol. 1","grandson","2018-06-15",214520,69,"false","nicolesher4","2024-03-04T22:41:30Z","","Fueled By Ramen",0.504,0.891,6,-5.632,0,0.137,0.00163,0.00199,0.148,0.628,153.988,4
"637","spotify:track:3rgTS3933lMWoPiN6CW4qY","Kids (feat. MKLA)","Kids (feat. MKLA)","KSHMR;Stefy De Cicco;MKLA","2020-08-14",184687,65,"false","nicolesher4","2024-03-04T22:41:46Z","big room,edm,slap house,electronica,brazilian bass,stutter house","Dharma",0.744,0.866,9,-4.834,1,0.106,0.0107,0.0537,0.528,0.302,128.027,4
"638","spotify:track:1oHClQEgDmmbcEx12Kc5nZ","4 Minutes (feat. Justin Timberlake & Timbaland)","Celebration (double disc version)","Madonna;Justin Timberlake;Timbaland","2009-09-18",189693,17,"false","nicolesher4","2024-03-04T22:42:37Z","","Warner Records",0.753,0.931,2,-4.922,1,0.0653,0.00994,0.00696,0.234,0.767,113.026,4
"639","spotify:track:1JDIArrcepzWDTAWXdGYmP","I Want You To Know","True Colors","Zedd;Selena Gomez","2015-05-15",240000,72,"false","nicolesher4","2024-02-29T16:18:19Z","edm","Interscope",0.579,0.846,9,-2.876,0,0.0574,0.00537,6.88e-06,0.145,0.367,129.999,4
"640","spotify:track:44CZRkOxv7UItaAUmh8PgN","Doses & Mimosas","Year of the Caprese","Cherub","2014",323253,74,"true","nicolesher4","2024-03-04T22:43:19Z","","Columbia",0.775,0.655,5,-7.333,1,0.102,0.114,0.00016,0.035,0.346,114.503,4
"641","spotify:track:2Y0wPrPQBrGhoLn14xRYCG","Come & Go (with Marshmello)","Legends Never Die","Juice WRLD;Marshmello","2020-07-10",205484,79,"true","nicolesher4","2024-03-04T22:43:29Z","melodic rap,emo rap,edm","Grade A Productions/Interscope Records",0.625,0.814,0,-5.181,1,0.0657,0.0172,0,0.158,0.535,144.991,4
"642","spotify:track:4qEoqyPbLYnLOii6mKlIjI","Determinate - From ""Lemonade Mouth""","Lemonade Mouth","Adam Hicks;Bridgit Mendler;Naomi Scott;Hayley Kiyoko","2011-01-01",198106,69,"false","nicolesher4","2024-03-04T22:43:41Z","","Walt Disney Records",0.562,0.768,1,-5.006,0,0.0488,0.00361,0,0.0742,0.218,139.968,4
"643","spotify:track:2bLqfJjuC5syrsgDsZfGmn","The Way I Are","Shock Value","Timbaland;Keri Hilson;D.O.E.","2007-01-01",179120,89,"false","nicolesher4","2024-03-04T22:51:12Z","","Interscope/Blackground Records",0.729,0.807,6,-6.492,1,0.0936,0.181,0.75,0.319,0.765,114.742,4
"644","spotify:track:4DTrKnvkHtwQN6kBu4XXIF","She's So Gone","Lemonade Mouth","Naomi Scott","2011-01-01",186453,70,"false","nicolesher4","2024-03-04T22:43:55Z","","Walt Disney Records",0.518,0.861,11,-4.002,1,0.0673,0.0277,1.42e-06,0.249,0.457,141.986,4
"645","spotify:track:7ks6AZmFcm3Y6PGGxGSmlB","Where Them Girls At (feat. Nicki Minaj & Flo Rida)","Nothing but the Beat (Ultimate Edition)","David Guetta;Flo Rida;Nicki Minaj","2012-12-07",194840,81,"true","nicolesher4","2024-03-04T22:44:59Z","edm","Parlophone (France)",0.666,0.876,3,-3.078,1,0.0414,0.055,0,0.259,0.552,129.884,4
"646","spotify:track:5YPMEOJ58kfl56VHxTgwx3","Play Hard (feat. Ne-Yo & Akon)","Nothing but the Beat (Ultimate Edition)","David Guetta;Ne-Yo;Akon","2012-12-07",201000,81,"false","nicolesher4","2024-03-04T22:45:13Z","edm","Parlophone (France)",0.691,0.921,8,-1.702,0,0.0533,0.173,0,0.331,0.8,130.072,4
"647","spotify:track:3aGJClg6klBoSa0UZnXeMM","Does He Know?","Midnight Memories (Deluxe)","One Direction","2013-11-25",179416,62,"false","nicolesher4","2024-03-04T22:49:48Z","","Syco Music",0.675,0.874,3,-4.268,1,0.0494,0.085,0,0.0573,0.673,139.021,4
"648","spotify:track:0uXO2GrNiIb1xHT9LUdxZE","Sexy Bitch (feat. Akon)","One Love (Deluxe)","David Guetta;Akon","2009-08-21",195853,73,"true","nicolesher4","2024-03-04T22:45:41Z","edm","Parlophone (France)",0.813,0.627,11,-5.018,0,0.0486,0.0771,0.000616,0.131,0.801,130.011,4
"649","spotify:track:4dVpf9jZjcORqGTLUaeYj9","Plain Jane","Still Striving","A$AP Ferg","2017-08-18",173601,73,"true","nicolesher4","2024-03-04T22:46:06Z","rap","RCA Records Label",0.797,0.844,11,-5.482,1,0.275,0.0651,0,0.087,0.52,170.142,4
"650","spotify:track:03tqyYWC9Um2ZqU0ZN849H","No Hands (feat. Roscoe Dash & Wale)","Flockaveli","Waka Flocka Flame;Roscoe Dash;Wale","2010-10-01",263773,86,"true","nicolesher4","2024-03-04T22:48:44Z","","Asylum/Warner Records",0.76,0.595,1,-6.366,1,0.0391,0.00544,0,0.241,0.361,131.497,4
"651","spotify:track:4oorCW5bAFMnClImtdP9jS","Holiday Hills","Holiday Hills","Loud Luxury","2021-08-13",163200,49,"false","nicolesher4","2024-03-04T22:51:21Z","","Armada Music",0.662,0.743,6,-7.056,1,0.106,0.134,2.84e-05,0.365,0.488,124.958,4
"652","spotify:track:20DfkHC5grnKNJCzZQB6KC","Good Girl","Blown Away","Carrie Underwood","2012-05-01",205233,63,"false","nicolesher4","2024-03-04T22:51:40Z","country","19 Recordings Limited / Arista Nashville",0.617,0.839,0,-2.849,0,0.0655,0.0286,0,0.19,0.741,128.91,4
"653","spotify:track:7Bpx2vsWfQFBACRz4h3IqH","family ties (with Kendrick Lamar)","family ties (with Kendrick Lamar)","Baby Keem;Kendrick Lamar","2021-08-27",252069,67,"true","nicolesher4","2024-03-04T22:53:10Z","hip hop,west coast hip hop","Columbia",0.711,0.611,1,-5.453,1,0.329,0.00575,0,0.231,0.144,134.14,4
"654","spotify:track:0IuVhCflrQPMGRrOyoY5RW","she's all i wanna be","she's all i wanna be","Tate McRae","2022-02-04",206772,6,"false","nicolesher4","2024-03-04T22:53:22Z","","RCA Records Label",0.614,0.644,2,-5.372,0,0.0426,0.0134,7.07e-06,0.117,0.651,160.036,4
"655","spotify:track:5cCAZS9VhLGEDV4NCfieeg","I Wanna Go","Femme Fatale (Deluxe Version)","Britney Spears","2011-03-28",210266,70,"false","nicolesher4","2024-03-04T22:53:59Z","pop","Jive",0.696,0.546,5,-6.55,1,0.0414,0.00379,3.8e-06,0.332,0.787,130.002,4
"656","spotify:track:1gugDOSMREb34Xo0c1PlxM","She Looks So Perfect","5 Seconds Of Summer","5 Seconds of Summer","2014-06-27",202496,75,"false","nicolesher4","2024-03-04T22:54:43Z","","Capitol",0.494,0.951,9,-4.237,1,0.132,0.000569,0,0.327,0.441,160.025,4
"657","spotify:track:0UiPtG3O5NxIHDp8uy9jgM","Up All Night","Up All Night","One Direction","2012-05-25",192533,2,"false","nicolesher4","2024-03-04T22:54:49Z","","Syco Music UK",0.6,0.932,0,-2.16,1,0.0576,0.0227,0,0.527,0.569,139.048,4
"658","spotify:track:5Z9KJZvQzH6PFmb8SNkxuk","INDUSTRY BABY (feat. Jack Harlow)","MONTERO","Lil Nas X;Jack Harlow","2021-09-17",212352,79,"true","nicolesher4","2024-03-04T22:55:28Z","","Columbia",0.741,0.691,10,-7.395,0,0.0672,0.0221,0,0.0476,0.892,150.087,4
"659","spotify:track:5T7ZFtCcOgkpjxcuaeZbw0","Best Song Ever","Midnight Memories (Deluxe)","One Direction","2013-11-25",200111,80,"false","nicolesher4","2024-03-04T22:58:09Z","","Syco Music",0.652,0.877,1,-2.986,1,0.0465,0.0227,0,0.0789,0.486,118.491,4
"660","spotify:track:01TuObJVd7owWchVRuQbQw","#thatPOWER","#willpower (Deluxe)","will.i.am;Justin Bieber","2013-01-01",279506,74,"false","nicolesher4","2024-03-04T23:02:06Z","","Interscope",0.797,0.607,6,-6.096,0,0.0585,0.00112,7.52e-05,0.0748,0.399,128.01,4
"661","spotify:track:1r3myKmjWoOqRip99CmSj1","Don't Wanna Go Home","Future History (Deluxe Edition)","Jason Derulo","2011-09-16",206080,70,"false","nicolesher4","2024-03-04T23:03:06Z","","Beluga Heights/Warner Records",0.671,0.808,2,-4.861,0,0.0652,0.02,0,0.134,0.637,121.956,4
"662","spotify:track:2yLa0QULdQr0qAIvVwN6B5","...Ready For It?","reputation","Taylor Swift","2017-11-10",208186,80,"false","nicolesher4","2024-03-04T23:07:14Z","","Taylor Swift",0.613,0.764,2,-6.509,1,0.136,0.0527,0,0.197,0.417,160.015,4
"663","spotify:track:7xVLFuuYdAvcTfcP3IG3dS","Work REMIX (feat. A$AP Rocky, French Montana, Trinidad James & ScHoolboy Q)","Trap Lord","A$AP Ferg;French Montana;A$AP Rocky;Trinidad James;ScHoolboy Q","2013-08-19",283693,70,"true","nicolesher4","2024-03-04T23:07:54Z","rap","A$AP Worldwide/Polo Grounds Music",0.841,0.733,1,-5.077,1,0.142,0.0246,0,0.174,0.284,130.009,4
"664","spotify:track:5NQbUaeTEOGdD6hHcre0dZ","679 (feat. Remy Boyz)","679 (feat. Remy Boyz)","Fetty Wap;Remy Boyz","2015-06-29",196693,81,"true","nicolesher4","2024-03-04T23:08:10Z","","300 Entertainment/RGF Productions",0.618,0.717,7,-5.738,1,0.318,0.00256,0,0.625,0.603,190.05,4
"665","spotify:track:2gZUPNdnz5Y45eiGxpHGSc","POWER","My Beautiful Dark Twisted Fantasy","Kanye West","2010-11-22",292093,84,"true","nicolesher4","2024-03-04T23:09:38Z","rap","Roc-A-Fella",0.542,0.914,0,-4.747,0,0.113,0.0161,0,0.744,0.576,153.993,4
"666","spotify:track:22L7bfCiAkJo5xGSQgmiIO","All Of The Lights","My Beautiful Dark Twisted Fantasy","Kanye West","2010-11-22",299613,84,"true","nicolesher4","2024-03-04T23:09:44Z","rap","Roc-A-Fella",0.531,0.803,1,-3.284,1,0.0717,0.0796,1.71e-05,0.176,0.221,142.113,4
"667","spotify:track:7KXjTSCq5nL1LoYtL7XAwS","HUMBLE.","DAMN.","Kendrick Lamar","2017-04-14",177000,85,"true","nicolesher4","2024-03-04T23:10:42Z","hip hop,west coast hip hop","Aftermath",0.908,0.621,1,-6.638,0,0.102,0.000282,5.39e-05,0.0958,0.421,150.011,4
"668","spotify:track:6HZILIRieu8S0iqY8kIKhj","DNA.","DAMN.","Kendrick Lamar","2017-04-14",185946,81,"true","nicolesher4","2024-03-04T23:11:14Z","hip hop,west coast hip hop","Aftermath",0.638,0.523,1,-6.664,1,0.357,0.00454,0,0.0842,0.422,139.913,4
"669","spotify:track:6qAcApH8obo8eqatCKUHd9","Bad Blood (feat. Kendrick Lamar) (Taylor's Version)","1989 (Taylor's Version) [Deluxe]","Taylor Swift;Kendrick Lamar","2023-10-27",199773,65,"false","nicolesher4","2024-03-04T23:11:50Z","hip hop,west coast hip hop","Taylor Swift",0.604,0.644,2,-6.931,1,0.0889,0.0143,0,0.237,0.197,170.088,4
"670","spotify:track:2OsEJFTfzfjG4oC92cuP2c","Slow Down","Stars Dance (Bonus Track Version)","Selena Gomez","2013-01-01",210293,75,"false","nicolesher4","2024-03-04T23:12:50Z","","Hollywood Records",0.721,0.821,1,-3.856,0,0.165,0.073,0,0.631,0.721,127.944,4
"671","spotify:track:47ji0KfmvI93CMDqppVj8p","Elevate","Elevate","Big Time Rush","2011",186480,52,"false","nicolesher4","2024-03-04T23:12:50Z","","Nickelodeon/Columbia",0.588,0.86,8,-4.461,1,0.0767,0.028,0,0.564,0.622,129.945,4
"672","spotify:track:3oLXQgbcC34Oo4gFHCeTmi","Windows Down","Elevate","Big Time Rush","2011",192933,62,"false","nicolesher4","2024-03-04T23:12:50Z","","Nickelodeon/Columbia",0.619,0.931,11,-3.44,0,0.068,0.00456,0,0.0996,0.82,129.957,4
"673","spotify:track:5ka2ajep9OAvU5Sgduhiex","Applause","ARTPOP","Lady Gaga","2013-11-11",212333,81,"false","nicolesher4","2024-03-04T23:12:50Z","art pop,pop","Interscope",0.668,0.78,7,-4.287,0,0.053,0.0265,1.63e-06,0.143,0.738,139.945,4
"674","spotify:track:20FZrLl9zSbO9b3DhaqO6M","23","23","Mike WiLL Made-It;Miley Cyrus;Wiz Khalifa;Juicy J","2013-01-01",252520,75,"true","nicolesher4","2024-03-04T23:12:50Z","crunk","Mike WiLL Made-It",0.859,0.599,9,-5.254,1,0.0614,0.000362,8.2e-06,0.13,0.319,140.005,4
"675","spotify:track:2jATUzETZL49e6SywauZKE","Va Va Voom","Pink Friday ... Roman Reloaded (Deluxe)","Nicki Minaj","2012-01-01",183560,75,"true","nicolesher4","2024-03-04T23:12:50Z","","Nicki Minaj/Cash Money",0.648,0.836,8,-3.394,1,0.0316,0.0625,0.00995,0.202,0.705,126.889,4
"676","spotify:track:7lcI4X8RZxK4zIknJcwpBq","Bussin","Bussin","Nicki Minaj;Lil Baby","2022-02-11",136760,53,"true","nicolesher4","2024-03-04T23:12:50Z","","Republic Records",0.893,0.699,11,-8.059,1,0.0517,0.0576,3.02e-06,0.128,0.747,139.972,4
"677","spotify:track:59NraMJsLaMCVtwXTSia8i","Prada","Prada","cassö;RAYE;D-Block Europe","2023-08-11",132359,82,"true","nicolesher4","2024-03-04T23:12:50Z","hypertechno,grime,uk drill","Ministry of Sound Recordings",0.638,0.717,8,-5.804,1,0.0375,0.001,1.79e-06,0.113,0.422,141.904,4
"678","spotify:track:792HwhrdO3ErRKL5yRe4Ge","Invincible","Meet The Woo 2","Pop Smoke","2020-02-07",127546,13,"true","nicolesher4","2024-03-04T23:12:50Z","brooklyn drill,new york drill,drill","Victor Victor Worldwide",0.548,0.732,11,-5.652,0,0.336,0.125,0,0.269,0.612,142.791,4
"679","spotify:track:7pNC5ZIKtwUK0ReSpM3P9f","Black Widow","The New Classic","Iggy Azalea;Rita Ora","2014-01-01",209423,70,"true","nicolesher4","2024-03-04T23:12:50Z","","EMI",0.74,0.72,3,-3.753,0,0.158,0.188,0.000386,0.109,0.512,164.014,4
"680","spotify:track:4pAl7FkDMNBsjykPXo91B3","Needed Me","ANTI (Deluxe)","Rihanna","2016-01-28",191600,84,"true","nicolesher4","2024-03-04T23:12:50Z","","Roc Nation / Rihanna",0.697,0.315,5,-8.091,0,0.234,0.11,0,0.0825,0.298,110.872,4
"681","spotify:track:6OaVWaGfhXn70ZJfdVcabn","NO BYSTANDERS","ASTROWORLD","Travis Scott","2018-08-03",218283,73,"true","nicolesher4","2024-03-04T23:12:50Z","rap","Cactus Jack / Epic",0.731,0.811,1,-3.225,1,0.0712,0.0204,0,0.411,0.426,147.045,4
"682","spotify:track:4dTaAiV9xFFCxnPur9c9yL","Memories (feat. Kid Cudi)","One Love (Deluxe)","David Guetta;Kid Cudi","2009-08-21",210093,65,"false","nicolesher4","2024-03-04T23:12:50Z","edm","Parlophone (France)",0.561,0.87,8,-6.103,1,0.343,0.0015,2.82e-06,0.246,0.498,129.98,4
"683","spotify:track:3Ofmpyhv5UAQ70mENzB277","Astronaut In The Ocean","Astronaut In The Ocean","Masked Wolf","2021-01-06",132780,73,"true","nicolesher4","2024-03-04T23:12:50Z","","Elektra (NEK)",0.778,0.695,4,-6.865,0,0.0913,0.175,0,0.15,0.472,149.996,4
"684","spotify:track:0O014lR2VQ3JpMHA7KFyy5","oops!!! (with Lil Wayne)","oops!!!","Yung Gravy;Lil Wayne","2021-03-05",189461,45,"true","nicolesher4","2024-03-04T23:12:50Z","rap,hip hop","Republic Records",0.894,0.742,9,-6.572,1,0.0714,0.0402,2.7e-06,0.0681,0.955,131.913,4
"685","spotify:track:7zbDSQelDmlaEhUDnLMViZ","All Of The Lights - Album Version (Edited)","My Beautiful Dark Twisted Fantasy","Kanye West","2010-01-01",299600,58,"false","nicolesher4","2024-03-04T23:14:03Z","rap","Roc-A-Fella",0.547,0.794,1,-3.28,1,0.0596,0.0632,4.88e-05,0.196,0.243,142.138,4
"686","spotify:track:2fmCA13dwQQOGBIbIOWRiJ","LA Devotee","Death of a Bachelor","Panic! At The Disco","2016-01-15",196520,69,"false","nicolesher4","2024-03-04T23:14:30Z","emo","Decaydance/Fueled By Ramen",0.49,0.848,9,-5.05,1,0.0645,0.00043,8.49e-06,0.0665,0.698,175.998,4
"687","spotify:track:4GRFzKI7jTZ3kbMfouc7bn","Backstabber","Animal (Expanded Edition)","Kesha","2010-01-01",186840,73,"false","nicolesher4","2024-03-04T23:14:37Z","","RCA Records Label",0.6,0.939,7,-1.794,1,0.19,0.0666,6.18e-06,0.34,0.833,159.941,4
"688","spotify:track:27a1mYSG5tYg7dmEjWBcmL","CAN'T SAY","ASTROWORLD","Travis Scott","2018-08-03",198408,81,"true","nicolesher4","2024-03-05T01:06:12Z","rap","Cactus Jack / Epic",0.702,0.708,10,-5.366,0,0.0547,0.201,0,0.118,0.713,147.98,4
"689","spotify:track:4356Typ82hUiFAynbLYbPn","DJ Got Us Fallin' In Love (feat. Pitbull)","Raymond v Raymond (Expanded Edition)","USHER;Pitbull","2010-03-30",220800,88,"false","nicolesher4","2024-03-07T00:50:30Z","r&b","LaFace Records",0.663,0.861,7,-3.398,0,0.109,0.0338,0,0.082,0.654,119.963,4
"690","spotify:track:1NpW5kyvO4XrNJ3rnfcNy3","Wild Ones (feat. Sia)","Wild Ones","Flo Rida;Sia","2012-06-22",232946,85,"false","nicolesher4","2024-03-07T00:50:34Z","","Poe Boy/Atlantic",0.608,0.86,5,-5.324,0,0.0554,0.0991,0,0.262,0.437,127.075,4
"691","spotify:track:4ulNKUFHijHiPD2rtrSNOC","Me & My Girls","Revival (Deluxe)","Selena Gomez","2015-10-09",210506,50,"false","nicolesher4","2024-03-18T20:50:00Z","","Selena Gomez PS",0.637,0.947,2,-3.982,1,0.152,0.0152,0,0.0595,0.348,121.993,4
"692","spotify:track:5VxmI3IdgAxWVvUnJoLuY2","Speed Drive (From Barbie The Album)","Speed Drive (From Barbie The Album)","Charli xcx","2023-06-29",117809,70,"false","nicolesher4","2024-04-08T16:18:34Z","hyperpop,art pop","Atlantic Records",0.652,0.879,0,-6.405,1,0.0784,0.00284,0.0896,0.0918,0.789,173.925,4
"693","spotify:track:3w0w2T288dec0mgeZZqoNN","CARNIVAL","VULTURES 1","¥$;Kanye West;Ty Dolla $ign;Rich The Kid;Playboi Carti","2024-02-09",264324,11,"true","nicolesher4","2024-04-08T16:19:02Z","rap,trap soul,trap,rage rap","Ye",0.594,0.811,1,-5.746,1,0.159,0.189,0,0.339,0.311,148.144,4
"694","spotify:track:51rXHuKN8Loc4sUlKPODgH","King's Dead (with Kendrick Lamar, Future & James Blake)","King's Dead (with Kendrick Lamar, Future & James Blake)","Jay Rock;Kendrick Lamar;Future;James Blake","2018-01-12",229670,69,"true","nicolesher4","2024-04-13T02:23:18Z","hip hop,west coast hip hop,rap,trap","Black Panther (TDE/DMG) PS",0.645,0.705,1,-5.008,1,0.299,0.000813,0,0.128,0.376,137.133,4
"695","spotify:track:2JvzF1RMd7lE3KmFlsyZD8","MIDDLE CHILD","MIDDLE CHILD","J. Cole","2019-01-23",213593,81,"true","nicolesher4","2024-04-13T02:26:46Z","rap","Dreamville, Inc., Under exclusive license to Roc Nation Records",0.837,0.364,8,-11.713,1,0.276,0.149,0,0.271,0.463,123.984,4
"696","spotify:track:5cXg9IQS34FzLVdHhp7hu7","Big Shot (with Travis Scott)","Black Panther The Album Music From And Inspired By","Kendrick Lamar;Travis Scott","2018-02-09",221826,61,"true","nicolesher4","2024-04-13T02:28:37Z","hip hop,west coast hip hop,rap","Black Panther (TDE/DMG) PS",0.855,0.478,1,-9.116,1,0.193,0.00759,0,0.101,0.283,130.018,4
"697","spotify:track:6kiauSlWtddVQx4JwJx51p","Elevate (feat. Denzel Curry, YBN Cordae, SwaVay, Trevor Rich)","Spider-Man: Into the Spider-Verse (Soundtrack From & Inspired by the Motion Picture)","DJ Khalil;Denzel Curry;Cordae;SWAVAY;Trevor Rich","2018-12-14",219400,64,"false","nicolesher4","2024-04-13T02:29:38Z","","Universal Records",0.552,0.935,6,-4.847,0,0.316,0.174,0,0.514,0.662,129.097,4
"698","spotify:track:1PjFe5afpVknL7VEsnXZQA","Carnival x Fein","Carnival x Fein","offtopic;afex","2024-03-27",126671,8,"true","nicolesher4","2024-04-20T06:28:32Z","","16662749 Records DK",0.526,0.578,1,-12.665,1,0.0806,0.0373,0.000275,0.587,0.332,147.79,4
"699","spotify:track:5XXAkqaDUHTVyBCuVBzCWF","VVV","VVV","mikeeysmind;Sanikwave","2023-10-21",227612,3,"true","nicolesher4","2024-04-22T18:53:04Z","afro soul","Mikeeysmind",0.599,0.907,1,-2.332,1,0.153,0.0027,0,0.396,0.259,154.986,4
"700","spotify:track:7JxexWxny7yJ3slTLmWz2U","360","360","Charli xcx","2024-05-10",133805,55,"true","nicolesher4","2024-05-12T15:39:56Z","hyperpop,art pop","Atlantic Records",0.857,0.62,0,-8.13,1,0.0472,0.646,0.244,0.0934,0.796,120.042,4
"701","spotify:track:5fqaeJMmqwhDzdYD7b4J51","The Bottom 2","The Bottom 2","Glorb","2023-12-03",164903,60,"true","nicolesher4","2024-05-16T17:42:43Z","","Undawata",0.679,0.885,1,-3.575,1,0.0747,0.00228,0,0.44,0.404,155.105,4
"702","spotify:track:2nBI3iWLhupR7LyAJ5GGkE","Champions","Champions","Kanye West;Gucci Mane;Big Sean;2 Chainz;Travis Scott;Yo Gotti;Quavo;Desiigner","2016-06-10",334253,66,"true","nicolesher4","2024-05-18T20:10:41Z","rap,southern hip hop,trap","Getting Out Our Dreams Inc. (G.O.O.D.) Music / IDJ",0.692,0.774,6,-2.48,0,0.0876,0.0623,0,0.873,0.349,134.952,4
"703","spotify:track:2DHc2e5bBn4UzY0ENVFrUl","Carry Out (Featuring Justin Timberlake)","Shock Value II","Timbaland;Justin Timberlake","2009-01-01",232466,76,"false","nicolesher4","2025-01-03T02:14:17Z","","Timbaland",0.531,0.574,10,-6.693,0,0.113,0.114,0.0308,0.256,0.272,115.68,5
"704","spotify:track:4xdBrk0nFZaP54vvZj0yx7","HOT TO GO!","The Rise and Fall of a Midwest Princess","Chappell Roan","2023-09-22",184841,77,"false","nicolesher4","2025-01-11T18:38:36Z","","Chappell Roan PS/ Island",0.742,0.757,6,-4.981,1,0.0421,0.0187,0,0.305,0.957,139.982,4
"705","spotify:track:2ExX3amzlJ0OvDHslQwPdn","Run Boy Run - Instrumental","Run Boy Run","Woodkid","2013-01-01",214173,61,"false","nicolesher4","2025-01-11T18:39:03Z","","Island Records",0.537,0.95,5,-6.313,0,0.09,0.0485,0.48,0.108,0.299,133.997,4
"706","spotify:track:2XMAWynSTIst5KmLSv0Npf","AMERICA HAS A PROBLEM","RENAISSANCE","Beyoncé","2022-07-29",198897,67,"true","nicolesher4","2025-01-23T20:44:32Z","","Parkwood Entertainment/Columbia",0.789,0.614,1,-6.491,1,0.0579,0.00348,0.00152,0.283,0.108,126.035,4
"707","spotify:track:5PUawWFG1oIS2NwEcyHaCr","Uma Thurman","American Beauty/American Psycho","Fall Out Boy","2015-01-16",211573,72,"false","nicolesher4","2025-01-24T00:39:07Z","emo,pop punk","Island Records",0.623,0.961,4,-2.616,0,0.0869,0.102,0.000171,0.264,0.668,149.963,4
"708","spotify:track:0TlLq3lA83rQOYtrqBqSct","Nonstop","Scorpion","Drake","2018-06-29",238614,80,"true","nicolesher4","2025-01-30T03:52:41Z","rap","Cash Money/Drake LP6",0.912,0.412,7,-8.074,1,0.123,0.0165,0.0126,0.104,0.423,154.983,4
"709","spotify:track:7ySUcLPVX7KudhnmNcgY2D","S&M","Loud","Rihanna","2010-01-01",243600,90,"true","nicolesher4","2025-02-02T23:28:03Z","","Def Jam Recordings",0.769,0.685,1,-5.019,1,0.041,0.0105,0.000124,0.0887,0.836,127.977,4
"710","spotify:track:0fK7ie6XwGxQTIkpFoWkd1","like JENNIE","Ruby","JENNIE","2025-03-07",123517,87,"true","nicolesher4","2025-03-20T00:31:26Z","k-pop","OA Entertainment/Columbia",0.811,0.743,10,-5.321,0,0.0611,0.281,0.00671,0.0868,0.815,130.019,4
"711","spotify:track:5H1sKFMzDeMtXwND3V6hRY","JUMP","JUMP","BLACKPINK","2025-07-11",164718,85,"false","nicolesher4","2025-07-17T15:56:26Z","k-pop","YG Entertainment",0.706,0.927,5,-5.762,0,0.0714,0.00243,3.88e-05,0.101,0.523,144.972,4
"712","spotify:track:4EIFwndJvGpgFjsEbNuYif","ExtraL (feat. Doechii)","Ruby","JENNIE;Doechii","2025-03-07",167754,76,"true","nicolesher4","2025-07-17T15:56:51Z","k-pop","OA Entertainment/Columbia",0.758,0.726,1,-6.452,1,0.1,0.0177,0.000168,0.192,0.699,139.932,4
"713","spotify:track:2iJuuzV8P9Yz0VSurttIV5","Scream & Shout","#willpower","will.i.am;Britney Spears","2013-01-01",283400,85,"true","nicolesher4","2025-07-17T15:58:27Z","pop","Interscope",0.772,0.685,5,-6.849,1,0.0696,0.019,8.96e-05,0.131,0.501,130.039,4
"714","spotify:track:57GsLpRtEtrzcPGPop20rS","What Did I Miss?","What Did I Miss?","Drake","2025-07-05",194324,75,"true","nicolesher4","2025-07-17T15:59:07Z","rap","OVO/Republic",0.753,0.802,0,-4.066,0,0.043,0.181,0,0.298,0.464,126.252,4
"715","spotify:track:46aZJc0z1HHHSFxaIRxYSP","Breakin' Dishes","Good Girl Gone Bad: Reloaded","Rihanna","2008-06-02",200573,86,"false","nicolesher4","2025-08-14T13:24:02Z","","Def Jam Recordings",0.801,0.674,8,-4.185,0,0.031,0.000282,0.000139,0.0914,0.875,125.009,4
"716","spotify:track:59Xb5YkZ1AFrMD19T6cKr8","Get Back","Blackout","Britney Spears","2007-10-25",230392,65,"false","nicolesher4","2025-08-14T13:37:54Z","pop","Jive",0.768,0.9,8,-4.196,1,0.0421,0.344,8.28e-05,0.128,0.697,116.778,4
"717","spotify:track:3hlksXnvbKogFdPbpO9vel","Super Bass","Pink Friday (Complete Edition)","Nicki Minaj","2010-11-22",200013,82,"true","nicolesher4","2025-08-16T12:42:52Z","","Nicki Minaj/Cash Money",0.723,0.86,11,-4.357,1,0.203,0.271,4.56e-06,0.598,0.667,126.979,4
"718","spotify:track:2fCwv2ppU5nTRTckomIGsd","REDRED","REDRED","CORTIS","2026-04-20",163001,87,"false","nicolesher4","2026-05-08T21:49:02Z","k-pop","Republic Records – CORTIS",0.697,0.601,0,-5.606,1,0.037,0.0265,4.64e-05,0.256,0.913,120.978,4
"719","spotify:track:6OWWZtNQORY1McaZmOrwhc","GO!","COLOR OUTSIDE THE LINES","CORTIS","2025-09-08",170880,84,"false","nicolesher4","2026-05-15T17:45:00Z","k-pop","Republic Records – CORTIS",0.789,0.434,8,-5.652,1,0.299,0.224,3.82e-06,0.0984,0.297,150.021,4
"720","spotify:track:7LygtNjQ65PSdzVjUnHXQb","Cherry Pie","Cherry Pie","Warrant","1990-10-14",201026,74,"false","nicolesher4","2026-07-15T19:47:28Z","glam metal,glam rock","Columbia/Legacy",0.472,0.946,2,-4.591,1,0.145,0.0372,0,0.352,0.486,177.489,4
"721","spotify:track:5NIPsWpDjJTFBoPxCUUeXp","Welcome To The Jungle","Appetite For Destruction","Guns N' Roses","1987-07-21",273600,7,"false","nicolesher4","2026-07-15T19:47:39Z","rock,glam metal,hard rock,classic rock","Interscope",0.445,0.955,8,-8.027,1,0.0856,0.0326,0.284,0.317,0.336,123.343,4
"722","spotify:track:01vCzM84c5JLSkG2iXC9VZ","WE ON GO","WE ON GO","BIA","2025-05-02",168533,82,"true","nicolesher4","2026-08-13T18:39:00Z","","Epic",0.716,0.8,9,-3.898,1,0.0751,0.0457,0,0.358,0.622,131.01,4
"723","spotify:track:2FAZskT9yRjp2Oow9szJD8","The Days - NOTION Remix","The Days (NOTION Remix)","Chrystal;NOTION","2024-11-08",233229,87,"false","312avoycbyo353bvbqm2mpdnghjy","2026-08-31T00:21:57Z","bassline,bass house,uk garage,drum and bass","Polydor Records",0.62,0.843,6,-5.321,0,0.0844,0.0062,4.63e-06,0.55,0.237,137.812,4
"724","spotify:track:3cZajhyr8LmtPfHZ9296tj","No Broke Boys","No Broke Boys","Disco Lines;Tinashe","2025-06-06",163994,91,"true","312avoycbyo353bvbqm2mpdnghjy","2026-08-31T00:21:57Z","stutter house,alternative r&b","Nice Life/Atlantic",0.767,0.834,1,-7.415,0,0.0315,0.34,0.111,0.0901,0.962,130.999,4
"725","spotify:track:6xupcsJHo3wW2tSVKwu4mf","Self Aware","Self Aware","LUM!X","2026-05-22",151741,85,"false","312avoycbyo353bvbqm2mpdnghjy","2026-08-31T00:21:57Z","slap house,melbourne bounce","Temper City under exclusive license to Thirty Knots",0.564,0.974,1,-3.008,1,0.0558,0.000566,0.0932,0.217,0.241,155.055,4
"726","spotify:track:4jSrN7kXdQUmbVxJe5x6Xg","Makina Time","Makina Time","Dimitri Vegas & Like Mike;Marlon Hoffstadt;Dj Konik;Dimitri Vegas;Like Mike","2026-01-23",130090,83,"false","312avoycbyo353bvbqm2mpdnghjy","2026-08-31T00:21:57Z","big room,electronica,edm,hard house,eurodance,techno","Smash The House",0.535,0.97,0,-3.96,0,0.0435,0.0121,0.776,0.801,0.589,165.019,4
"727","spotify:track:7K0TA1x4PUrvvurTogPYEV","Poker Face","Poker Face","Kratos;Charles B;ELSSS","2026-03-13",183134,64,"false","312avoycbyo353bvbqm2mpdnghjy","2026-08-31T00:21:57Z","hardstyle,hypertechno","One More Rep",0.821,0.937,11,-3.39,1,0.0397,0.000858,0.0759,0.162,0.646,134.008,4
"728","spotify:track:7e4zDInS6tA2jwzphvs2Ay","Jamaican (Bam Bam)","Jamaican (Bam Bam)","HUGEL;SOLTO (FR)","2025-11-07",156393,95,"false","312avoycbyo353bvbqm2mpdnghjy","2026-08-31T00:21:57Z","latin house,afro house,techengue,house","MoBlack Records",0.87,0.944,9,-4.525,1,0.0464,0.394,0.243,0.0398,0.635,121.979,4
"729","spotify:track:4QR40LqFAbMdabh4AoZJGZ","Bad Angel (with LISA)","Bad Angel (with LISA)","Anyma;LISA","2026-04-08",153281,77,"true","312avoycbyo353bvbqm2mpdnghjy","2026-08-31T00:21:57Z","melodic techno,melodic house,techno,stutter house,k-pop","Anyma/Interscope Records",0.737,0.766,5,-5.444,0,0.0284,0.00386,0.0711,0.339,0.321,128.06,4
"730","spotify:track:0kl6Ozan3fuUdCl6TlB15v","Talk To You (ft. 54 Ultra)","Talk To You (ft. 54 Ultra)","ANOTR;54 Ultra","2026-03-06",191076,89,"false","312avoycbyo353bvbqm2mpdnghjy","2026-08-31T00:21:57Z","house","No Art",0.702,0.83,0,-3.499,0,0.0426,0.0172,0.355,0.0567,0.672,131.996,4
"731","spotify:track:2Lb9ww5vZAnveWnrFQfAKR","New Religion","New Religion","Bebe Rexha;Faithless","2026-03-06",174400,83,"false","312avoycbyo353bvbqm2mpdnghjy","2026-08-31T00:21:57Z","trip hop","Bebe Rexha Music LLC / EMPIRE",0.663,0.919,11,-3.313,0,0.0346,0.0338,2.13e-05,0.0666,0.347,127.98,4
"732","spotify:track:6799ZDW3eRLbYkMs5i4zhI","Turn The Lights Off","Turn The Lights Off","Bombs Away","2026-01-09",146990,17,"false","312avoycbyo353bvbqm2mpdnghjy","2026-08-31T00:21:57Z","melbourne bounce,electro house","One More Rep",0.653,0.982,11,-2.675,0,0.0723,0.0138,0.00117,0.319,0.0754,131.926,4
"733","spotify:track:0lRnxwJeUOxwEvWMw4uQKj","Think About Us","Think About Us","Sonny Fodera;D.O.D;Poppy Baskcomb","2025-10-17",178148,75,"false","312avoycbyo353bvbqm2mpdnghjy","2026-08-31T00:21:57Z","house","Solotoko",0.774,0.558,1,-5.799,1,0.0421,0.0126,0.00306,0.0619,0.493,127.975,4
"734","spotify:track:78nx0HDJIFD5xDq2L5420Z","Blessings","Blessings","Calvin Harris;Clementine Douglas","2025-05-09",219650,87,"false","312avoycbyo353bvbqm2mpdnghjy","2026-08-31T00:21:57Z","edm,house","Columbia",0.721,0.875,11,-4.125,0,0.0557,0.0022,0.0285,0.0888,0.642,129.913,4
"735","spotify:track:4vTsKN15Kqo3Geo9r7FhAN","Movin' To The Sun","Twenty One","HUGEL;Ultra Naté","2026-06-26",142200,85,"false","312avoycbyo353bvbqm2mpdnghjy","2026-08-31T00:21:57Z","latin house,afro house,techengue,house","Make The Girls Dance Records",0.812,0.883,5,-5.614,0,0.0375,0.0106,0.156,0.099,0.283,124.964,4
"736","spotify:track:4uUG5RXrOk84mYEfFvj3cK","I'm Good (Blue)","I'm Good (Blue)","David Guetta;Bebe Rexha","2022-08-26",175238,88,"true","312avoycbyo353bvbqm2mpdnghjy","2026-08-31T00:21:57Z","edm","Parlophone UK",0.561,0.965,7,-3.673,0,0.0343,0.00383,7.07e-06,0.371,0.304,128.04,4
"737","spotify:track:0cUVwbFjaKf0CN5Dwrynwb","I Run","I Run","Bombs Away;Kratos;Balek","2025-11-24",129347,50,"false","312avoycbyo353bvbqm2mpdnghjy","2026-08-31T00:21:57Z","melbourne bounce,electro house,hardstyle","One More Rep",0.645,0.994,3,-0.705,0,0.18,0.0379,0.00179,0.0744,0.494,138.095,4
"738","spotify:track:2ihHDb5epUtpn97W0pOsOA","All the Things She Said","All the Things She Said","Harrison","2022-10-07",170891,73,"false","312avoycbyo353bvbqm2mpdnghjy","2026-08-31T00:21:57Z","deep house","One Seven Music",0.663,0.827,8,-4.648,0,0.0299,0.00492,0.0128,0.129,0.284,125.956,4
"739","spotify:track:4A56h4B9xUuMMXoKuj18HT","Edge of Desire","Edge of Desire","Jonas Blue;Malive","2025-07-18",134905,86,"false","312avoycbyo353bvbqm2mpdnghjy","2026-08-31T00:21:57Z","tropical house","Defected Records",0.779,0.787,0,-6.636,1,0.0459,0.139,0.827,0.0904,0.818,123.019,4
"740","spotify:track:1V8eQfZ1zpcdA9ctIb6fY7","ALL THE TIME","ALL THE TIME","John Summit;The Chainsmokers;Ilsey","2026-03-25",180340,67,"false","312avoycbyo353bvbqm2mpdnghjy","2026-08-31T00:21:57Z","house,tech house","Experts Only/Darkroom Records",0.375,0.893,1,-4.141,1,0.0379,0.00799,0.125,0.131,0.195,137.95,4
"741","spotify:track:1BJJbSX6muJVF2AK7uH1x4","Move","Move","Adam Port;Stryv;Keinemusik;Orso;Malachiii","2024-06-07",177598,85,"false","312avoycbyo353bvbqm2mpdnghjy","2026-08-31T00:21:57Z","afro house,house,melodic house,afro tech","Keinemusik",0.727,0.782,8,-8.529,0,0.042,0.0563,0.336,0.225,0.655,119.992,4
"742","spotify:track:1UlkpIKiVchDMB03AN6LmT","Wait So Long (Why Do I Have To)","Wait So Long (Why Do I Have To)","Swedish House Mafia","2025-06-20",199479,75,"false","312avoycbyo353bvbqm2mpdnghjy","2026-08-31T00:21:57Z","edm","SUPERHUMAN MUSIC",0.643,0.791,9,-5.3,1,0.0357,0.00498,2.38e-05,0.103,0.229,130,4
"743","spotify:track:1LepWHpwtahzEQL0vNjpEt","Just The Way You Are","Just The Way You Are","Milky;Mall Grab","2026-01-30",159500,76,"false","312avoycbyo353bvbqm2mpdnghjy","2026-08-31T00:21:57Z","lo-fi house","Ministry of Sound Recordings",0.606,0.924,3,-6.641,1,0.0287,0.0309,0.138,0.0567,0.758,137.992,4
"744","spotify:track:6cLrGfKIIRHYQw7S0mCDhA","All That Really Matters","ILLENIUM","ILLENIUM;Teddy Swims","2023-04-28",244235,77,"false","312avoycbyo353bvbqm2mpdnghjy","2026-08-31T00:21:57Z","melodic bass,future bass,edm","Warner Records",0.352,0.666,1,-4.909,1,0.0512,0.117,1.81e-06,0.0934,0.227,169.965,4
"745","spotify:track:4MSj19TwYBLgDFj3ddEeco","Black Friday - pretty like the sun","Black Friday (pretty like the sun)","Lost Frequencies;Tom Odell","2024-07-19",145599,85,"false","312avoycbyo353bvbqm2mpdnghjy","2026-08-31T00:21:57Z","tropical house","UROK",0.853,0.618,6,-10.833,1,0.0923,0.633,0.89,0.0972,0.32,126.031,4
"746","spotify:track:0E9ZjEAyAwOXZ7wJC0PD33","In My Mind","In My Mind","Dynoro;GIGI D'AGOSTINO","2018-06-08",184560,80,"false","312avoycbyo353bvbqm2mpdnghjy","2026-08-31T00:21:57Z","italo dance,eurodance","Columbia/B1 Recordings",0.694,0.77,6,-5.335,1,0.149,0.176,1.1e-05,0.118,0.163,125.905,4
"747","spotify:track:6e2uvfP3pRdxsQLFSnbJPO","Dreamin (feat. Daya)","Dreamin (feat. Daya)","Dom Dolla;Daya","2025-02-07",171526,61,"false","312avoycbyo353bvbqm2mpdnghjy","2026-08-31T00:21:57Z","house,tech house","Good Fortune Records",0.776,0.667,6,-7.553,0,0.154,0.0398,4.43e-05,0.1,0.734,134.04,4
"748","spotify:track:09CnYHiZ5jGT1wr1TXJ9Zt","Thank You (Not So Bad)","Thank You (Not So Bad)","Dimitri Vegas & Like Mike;Tiësto;Dido;W&W;Dimitri Vegas;Like Mike","2023-12-01",140000,84,"false","312avoycbyo353bvbqm2mpdnghjy","2026-08-31T00:21:57Z","big room,electronica,edm,trance","Ministry of Sound Recordings",0.673,0.95,11,-5.149,1,0.0488,0.0229,0.0823,0.398,0.563,150.019,4
"749","spotify:track:5ZduaRci3iNUiDfJbBfAaf","Give It To Me - Full Vocal Mix","Give It To Me (Full Vocal Mix)","Matt Sassari","2021-10-22",102860,79,"false","312avoycbyo353bvbqm2mpdnghjy","2026-08-31T00:21:57Z","tech house","Cr2 Records",0.874,0.869,1,-5.996,0,0.0315,0.00116,0.00238,0.164,0.726,126.027,4
"750","spotify:track:331l3xABO0HMr1Kkyh2LZq","I Don't Wanna Wait","I Don't Wanna Wait","David Guetta;OneRepublic","2024-04-05",149667,83,"false","312avoycbyo353bvbqm2mpdnghjy","2026-08-31T00:21:57Z","edm","Parlophone UK",0.681,0.714,1,-4.617,0,0.0309,0.0375,0,0.232,0.554,129.976,4
"751","spotify:track:0h3Xy4V4apMraB5NuM8U7Z","Stumblin' In","Stumblin' In","CYRIL","2023-11-10",213363,85,"false","312avoycbyo353bvbqm2mpdnghjy","2026-08-31T00:21:57Z","","Spinnin' Records",0.875,0.518,2,-8.388,1,0.0551,0.0638,0.00995,0.125,0.37,126.089,4
"752","spotify:track:2A1aS3mwuGuX2yk1bgxOvA","Kisses (feat. bbyclose)","Kisses (feat. bbyclose)","BL3SS;CamrinWatsin;bbyclose","2024-03-22",138246,83,"false","312avoycbyo353bvbqm2mpdnghjy","2026-08-31T00:21:57Z","","Atlantic Records UK",0.793,0.779,9,-4.609,0,0.0581,0.279,0.000311,0.314,0.687,142.002,4
"753","spotify:track:20Y4EAmSXru3foatDg4OqN","LET'S GO","LET'S GO","Jaden Bojsen;Sami Brielle","2024-07-05",193091,77,"true","312avoycbyo353bvbqm2mpdnghjy","2026-08-31T00:21:57Z","","ALT:Vision Records",0.8,0.715,1,-6.79,0,0.0861,0.016,0.545,0.122,0.597,128.997,4
"754","spotify:track:15iH2j2xfgrMukuy1nngKc","Chasing Cars","Chasing Cars","Chris Burke","2026-06-19",183750,50,"false","312avoycbyo353bvbqm2mpdnghjy","2026-08-31T00:21:57Z","hypertechno","Dance Records",0.482,0.894,9,-5.029,1,0.0699,0.00806,3.93e-06,0.201,0.0797,127.997,4
"755","spotify:track:2x4JC9TxW2LACuuxbsncfG","Mockingbird","Mockingbird","Tiësto;Dimitri Vegas & Like Mike;Gabry Ponte","2024-05-03",154838,76,"false","312avoycbyo353bvbqm2mpdnghjy","2026-08-31T00:21:57Z","edm,trance,big room,electronica,italo dance,slap house","Musical Freedom",0.656,0.857,6,-5.473,0,0.103,0.065,0.0131,0.0814,0.395,155.011,4
"756","spotify:track:7xFy1kfgGWJWTpx1vSHBLi","It Feels So Good","It Feels So Good","Matt Sassari;HUGEL;Sonique","2024-11-01",160973,82,"false","312avoycbyo353bvbqm2mpdnghjy","2026-08-31T00:21:57Z","tech house,latin house,afro house,techengue,house","Cr2 Records",0.704,0.82,5,-5.663,0,0.0282,0.0034,0.000134,0.261,0.84,128.007,4
"757","spotify:track:31nfdEooLEq7dn3UMcIeB5","Vois sur ton chemin - Techno Mix","Vois sur ton chemin (Techno Mix)","BENNETT","2023-08-04",178156,80,"false","312avoycbyo353bvbqm2mpdnghjy","2026-08-31T00:21:57Z","hypertechno,techno","Warner Music Central Europe",0.634,0.824,2,-3.394,0,0.047,0.0908,0.0711,0.119,0.371,137.959,4
"758","spotify:track:59zH1gO9Ky2xPUEdrUrgcC","Borderline","Borderline","Ely Oaks;LAVINIA","2025-04-24",118449,13,"false","312avoycbyo353bvbqm2mpdnghjy","2026-08-31T00:21:57Z","hypertechno","JINX Music",0.567,0.876,9,-5.558,1,0.049,0.00109,0.0949,0.406,0.333,154.039,4
"759","spotify:track:7F7N0yugLFgKXoEACgtzD8","Dance For Me (1, 2, 3) - Stutter Techno","Dance For Me (1, 2, 3) [Stutter Techno]","Sonny Wern;Lyente;Quinten Circle;ZANA","2023-10-06",147895,68,"false","312avoycbyo353bvbqm2mpdnghjy","2026-08-31T00:21:57Z","hypertechno,techno,stutter house","Intercord",0.706,0.975,10,-5.58,0,0.0651,0.0505,0.247,0.109,0.319,154.993,4
"760","spotify:track:2d0p9Mbfja6rfzKtAbQLqP","Lullaby","Lullaby","Naeleck;MRYN","2025-11-21",189000,58,"false","312avoycbyo353bvbqm2mpdnghjy","2026-08-31T00:21:57Z","electro house,stutter house","Dancing Dead",0.476,0.763,4,-2.136,0,0.0423,0.0132,0.0768,0.0738,0.061,160.037,3
"761","spotify:track:3vLMN02wGnPBdjRVvewedS","We Are The People - southstar Remix","We Are The People (southstar Remix)","Empire Of The Sun;southstar","2023-02-17",236068,14,"false","312avoycbyo353bvbqm2mpdnghjy","2026-08-31T00:21:57Z","hypertechno","Capitol Records",0.72,0.843,7,-6.401,1,0.0383,0.00142,0.0899,0.117,0.123,149.974,4
"762","spotify:track:0xoYZ45fgTfyQYREZPN7Sa","You & Me - Rivo Remix","You & Me (Rivo Remix)","Disclosure;Rivo;Eliza Doolittle","2023-12-22",208524,83,"false","312avoycbyo353bvbqm2mpdnghjy","2026-08-31T00:21:57Z","house,afro house","UMC (Universal Music Catalogue)",0.702,0.797,10,-6.635,0,0.0557,0.583,0.495,0.179,0.0356,122.011,4
"763","spotify:track:2VyvDGdcVY04cNYou9MFVX","Dirty Cash (Money Talks)","Dirty Cash (Money Talks)","PAWSA;The Adventures Of Stevie V","2024-11-15",221448,80,"false","312avoycbyo353bvbqm2mpdnghjy","2026-08-31T00:21:57Z","tech house,house","Altra Moda Music",0.783,0.473,0,-6.493,1,0.167,0.0693,3.4e-05,0.149,0.539,131.89,4
"764","spotify:track:0agQ9vIV7NP4dntGKLcCXO","Somebody (2024)","Somebody (2024)","Gotye;FISHER;Chris Lake;Kimbra;Sante Sansone","2024-02-09",153518,78,"false","312avoycbyo353bvbqm2mpdnghjy","2026-08-31T00:21:57Z","tech house,house,bass house","Universal-Island Records Ltd.",0.848,0.629,0,-6.198,1,0.0424,0.016,0.18,0.049,0.586,130.017,4
"765","spotify:track:5nPbKG04fhLkIAjcPFaZq7","I Adore You (feat. Daecolm)","I Adore You (feat. Daecolm)","HUGEL;Topic;Arash;Daecolm","2024-07-19",214000,88,"false","312avoycbyo353bvbqm2mpdnghjy","2026-08-31T00:21:57Z","latin house,afro house,techengue,house","Intercord",0.704,0.787,11,-6.751,0,0.0462,0.00926,0.00538,0.159,0.31,119.996,4
"766","spotify:track:6BePGk3eCan4FqaW2X8Qy3","10:35","10:35","Tiësto;Tate McRae","2022-11-03",172252,73,"false","312avoycbyo353bvbqm2mpdnghjy","2026-08-31T00:21:57Z","edm,trance,big room","Atlantic Records",0.696,0.793,8,-5.733,1,0.097,0.0683,3.78e-06,0.18,0.698,120.003,4
"767","spotify:track:0zKbDrEXKpnExhGQRe9dxt","Lay Low","Lay Low","Tiësto","2023-01-06",153442,73,"false","312avoycbyo353bvbqm2mpdnghjy","2026-08-31T00:21:57Z","edm,trance,big room","Musical Freedom",0.555,0.884,1,-4.424,0,0.213,0.0645,8.18e-05,0.349,0.42,121.906,4
"768","spotify:track:46Tjel8UJ2nR0uFgXkT9Y7","Like A G6 (with Naeleck)","Like A G6 (with Naeleck)","Timmy Trumpet;POLTERGST;Naeleck","2024-05-10",148751,71,"false","312avoycbyo353bvbqm2mpdnghjy","2026-08-31T00:21:57Z","melbourne bounce,big room,hard techno,hypertechno,techno,electro house","Dharma",0.54,0.965,3,-5.008,1,0.211,0.0289,0.0108,0.324,0.281,145.059,4
"769","spotify:track:2Iks5m5CbOIjgOq129erIA","Flashback","Flashback","Cartoon;Jéja;Elina Born","2023",146206,10,"false","312avoycbyo353bvbqm2mpdnghjy","2026-08-31T00:21:57Z","","Dancing Dead",0.606,0.767,7,-4.367,1,0.0329,0.00809,0.0814,0.102,0.169,173.953,4
"770","spotify:track:17NHXI2CJp7KgdcwcDnRx4","Boyz In Paris (with VINAI)","Boyz In Paris (with VINAI)","Marnik;Naeleck;VINAI","2023-07-28",151589,77,"true","312avoycbyo353bvbqm2mpdnghjy","2026-08-31T00:21:57Z","big room,electro house,melbourne bounce,slap house","Signatune",0.628,0.967,1,-4.068,1,0.0485,0.0398,4.67e-05,0.274,0.399,149.036,4
"771","spotify:track:7fZBQnc0zXwVybgCIrQQil","Belly Dancer","Belly Dancer","Imanbek;BYOR","2022-02-18",151475,79,"false","312avoycbyo353bvbqm2mpdnghjy","2026-08-31T00:21:57Z","slap house","Musical Freedom",0.845,0.797,1,-4.984,1,0.139,0.0582,5.57e-06,0.167,0.422,121.985,4
"772","spotify:track:41TkFhNYljV7omolLJ6Squ","Creep - BYOR Remix","Creep (BYOR Remix)","Naeleck;Haley Reinhart;BYOR","2022-09-16",156850,65,"false","312avoycbyo353bvbqm2mpdnghjy","2026-08-31T00:21:57Z","electro house","Den Haku Records",0.696,0.775,6,-6.539,1,0.0388,0.00393,0.104,0.378,0.435,126.979,4
"773","spotify:track:6WkJ2OK163XXS2oARUC9JM","Dancin (feat. Luvli) - Krono Remix","Dancin (feat. Luvli) [Krono Remix]","Aaron Smith;Krono;Luvli","2014-11-07",198053,20,"false","312avoycbyo353bvbqm2mpdnghjy","2026-08-31T00:21:57Z","","Sony Music Entertainment",0.72,0.741,10,-6.529,0,0.0287,0.101,1.41e-05,0.289,0.357,119.896,4
"774","spotify:track:3BKD1PwArikchz2Zrlp1qi","Baby Don't Hurt Me","Baby Don't Hurt Me","David Guetta;Anne-Marie;Coi Leray","2023-04-06",140017,80,"false","312avoycbyo353bvbqm2mpdnghjy","2026-08-31T00:21:57Z","edm","Parlophone UK",0.602,0.91,7,-3.404,1,0.0308,0.00126,0.000174,0.12,0.228,127.944,4
"775","spotify:track:1o2WYr42HrIoR38WhMy4p6","Aria","Aria","Argy;Omnya","2023-09-22",236065,65,"false","312avoycbyo353bvbqm2mpdnghjy","2026-08-31T00:21:57Z","melodic techno,melodic house,techno","Afterlife",0.652,0.818,10,-5.994,0,0.0276,0.00248,0.289,0.201,0.0893,122.005,4
"776","spotify:track:5xKJI9aPQhuTdTq8BrJ8fL","Ferrari","Ferrari","James Hype;Miggy Dela Rosa","2022-03-15",185661,2,"false","312avoycbyo353bvbqm2mpdnghjy","2026-08-31T00:21:57Z","house,tech house","The Cross",0.844,0.688,1,-7.879,0,0.049,0.0129,5.39e-05,0.0492,0.695,124.992,4
"777","spotify:track:7EdPWyTm6EtO5httz2Dcoa","Hollow (feat. Bonn)","Hollow (feat. Bonn)","MORTEN;ARTBAT;Bonn","2024-09-13",200859,71,"false","31es674hquws6lk77zchhkx4m2ti","2026-09-21T13:55:14Z","melodic techno,melodic house,techno,progressive house","Insomniac Records",0.521,0.95,4,-4.829,0,0.0605,0.00166,0.00562,0.359,0.0345,127.936,4
"778","spotify:track:18asYwWugKjjsihZ0YvRxO","The Motto","The Motto","Tiësto;Ava Max","2021-11-04",164818,73,"false","312avoycbyo353bvbqm2mpdnghjy","2026-08-31T00:21:57Z","edm,trance,big room","Atlantic Records",0.754,0.763,7,-4.627,0,0.0435,0.0301,2.23e-05,0.0901,0.464,117.953,4
"779","spotify:track:1FYRNQ6JeFidJMtwfLamQJ","I Like the Way you Kiss me - Techno Remix","I Like the Way you Kiss me (Techno Remix)","Bombs Away;Kratos","2024",136615,11,"false","312avoycbyo353bvbqm2mpdnghjy","2026-08-31T00:21:57Z","melbourne bounce,electro house,hardstyle","One More Rep",0.586,0.962,8,-3.349,0,0.256,0.0141,5.86e-05,0.327,0.539,150.068,4
"780","spotify:track:3bK1zVFBKIzYjmptmI4NsJ","Overdrive (feat. Norma Jean Martine)","Overdrive (feat. Norma Jean Martine)","Ofenbach;Norma Jean Martine","2023-10-06",155905,79,"false","312avoycbyo353bvbqm2mpdnghjy","2026-08-31T00:21:57Z","","Elektra France",0.611,0.757,6,-3.546,1,0.03,0.00257,0,0.058,0.279,126.963,4
"781","spotify:track:4ntwMws17qmbQUI1NemGqd","Seven Nation Army","Seven Nation Army","DJ Fluke;Jaki Nelson","2021-01-22",156309,18,"false","312avoycbyo353bvbqm2mpdnghjy","2026-08-31T00:21:57Z","electro house","Dancing Dead",0.689,0.832,4,-4.248,0,0.0443,0.00694,0.11,0.0885,0.276,125.97,4
"782","spotify:track:2prnn41CblB8B4yWACDljP","Love Tonight (David Guetta Remix Edit)","Love Tonight (David Guetta Remix)","Shouse;David Guetta","2021-06-11",158095,47,"false","312avoycbyo353bvbqm2mpdnghjy","2026-08-31T00:21:57Z","edm","Hell Beach",0.621,0.989,10,-4.225,0,0.0434,0.015,0.357,0.184,0.0348,126.002,4
"783","spotify:track:6zSpb8dQRaw0M1dK8PBwQz","Cold Heart - PNAU Remix","Cold Heart (PNAU Remix)","Elton John;Dua Lipa;PNAU","2021-08-13",202735,82,"false","312avoycbyo353bvbqm2mpdnghjy","2026-08-31T00:21:57Z","pop","EMI",0.796,0.798,1,-6.312,1,0.0317,0.034,4.19e-05,0.0952,0.942,116.032,4
"784","spotify:track:1h54366McXSNcici2LAiZP","Smells Like Teen Spirit","Smells Like Teen Spirit","Naeleck;Coopex;Duncán;Nito-Onna","2023-12-15",160758,69,"false","312avoycbyo353bvbqm2mpdnghjy","2026-08-31T00:21:57Z","electro house,slap house","LoudKult",0.663,0.882,6,-3.022,0,0.0484,0.0456,0.0179,0.415,0.217,145.003,4
"785","spotify:track:7CEIFwLf4XmFz8okORSizE","Creep","Creep","Naeleck;Haley Reinhart","2022",203225,4,"false","312avoycbyo353bvbqm2mpdnghjy","2026-08-31T00:21:57Z","electro house","Dancing Dead",0.615,0.829,6,-4.567,1,0.0421,0.0555,0.00156,0.426,0.0754,124.013,4
"786","spotify:track:7MIhUdNJtaOnDmC5nBC1fb","Deep Down (feat. Never Dull)","Deep Down (feat. Never Dull)","Alok;Ella Eyre;Kenny Dope;Never Dull","2022-06-17",165714,75,"false","312avoycbyo353bvbqm2mpdnghjy","2026-08-31T00:21:57Z","brazilian bass,electronic,slap house,electro house,disco house,funky house,jazz house,nu disco,lo-fi house","Columbia/B1 Recordings",0.687,0.818,0,-4.221,1,0.0778,0.0112,0,0.248,0.886,125.952,4
"787","spotify:track:23RoR84KodL5HWvUTneQ1w","(It Goes Like) Nanana - Edit","(It Goes Like) Nanana [Edit]","Peggy Gou","2023-06-15",231545,77,"false","312avoycbyo353bvbqm2mpdnghjy","2026-08-31T00:21:57Z","","XL Recordings",0.671,0.876,7,-5.681,0,0.0352,0.12,0.188,0.0823,0.964,129.998,4
"788","spotify:track:2gpWyfu7eZ01zzncHpxOtA","Moth To A Flame (with The Weeknd)","Moth To A Flame","Swedish House Mafia;The Weeknd","2021-10-22",234000,7,"false","312avoycbyo353bvbqm2mpdnghjy","2026-08-31T00:21:57Z","edm","Republic Records",0.542,0.659,8,-7.289,1,0.0389,0.00279,0,0.105,0.109,120.122,4
"789","spotify:track:4SL2iWHt3azgITI04G5NpY","Your Love (9PM)","Your Love (9PM)","ATB;Topic;A7S","2021-01-15",150052,57,"false","312avoycbyo353bvbqm2mpdnghjy","2026-08-31T00:21:57Z","trance,eurodance","A7S Records FZE",0.669,0.784,7,-5.603,1,0.112,0.194,6.28e-06,0.115,0.517,125.993,4
"790","spotify:track:02itaCXOdC54J0ISjqqFAp","All Around The World (La La La)","All Around The World (La La La)","R3HAB;A Touch Of Class","2019-04-05",147840,73,"false","312avoycbyo353bvbqm2mpdnghjy","2026-08-31T00:21:57Z","slap house,edm,europop,eurodance","Intercord",0.733,0.859,9,-5.03,0,0.033,0.479,0.0645,0.105,0.52,124.948,4
"791","spotify:track:0b18g3G5spr4ZCkz7Y6Q0Q","Rasputin","Rasputin","Majestic;Boney M.","2021-02-26",186209,82,"false","312avoycbyo353bvbqm2mpdnghjy","2026-08-31T00:21:57Z","disco","NITRON music",0.758,0.913,6,-2.926,0,0.113,0.00364,6.92e-05,0.193,0.658,128.04,4
"792","spotify:track:4cG7HUWYHBV6R6tHn1gxrl","Friday (feat. Mufasa & Hypeman) - Dopamine Re-Edit","Friday (feat. Mufasa & Hypeman) [Dopamine Re-Edit]","Riton;Nightcrawlers;Mufasa & Hypeman;Mufasa;Dopamine","2021-01-15",169153,82,"false","312avoycbyo353bvbqm2mpdnghjy","2026-08-31T00:21:57Z","house","Ministry of Sound Recordings",0.824,0.862,2,-3.424,1,0.126,0.0076,0.000132,0.303,0.801,122.98,4
"793","spotify:track:4NxJwtZ01ndD6SVY9QKxt3","It's Like That","It's Like That","Eli Brown","2026-08-07",196630,55,"false","31es674hquws6lk77zchhkx4m2ti","2026-09-21T13:55:27Z","techno,tech house","Insomniac Records",0.779,0.974,0,-3.628,1,0.126,0.00163,0.687,0.0979,0.777,137.964,4
"794","spotify:track:0YU17F0BlVXvmx5ytsR43w","Monster","Monster","LUM!X;Gabry Ponte","2019-04-19",154226,72,"false","312avoycbyo353bvbqm2mpdnghjy","2026-08-31T00:21:57Z","slap house,melbourne bounce,italo dance","Spinnin' Records",0.83,0.794,8,-6.279,0,0.432,0.0253,0.0248,0.106,0.607,128.16,4
"795","spotify:track:3uUuGVFu1V7jTQL60S1r8z","Where Are You Now","Where Are You Now","Lost Frequencies;Calum Scott","2021-07-30",148197,79,"false","312avoycbyo353bvbqm2mpdnghjy","2026-08-31T00:21:57Z","tropical house,soft pop","Epic Amsterdam",0.671,0.636,6,-8.117,0,0.103,0.515,0.000411,0.172,0.262,120.966,4
"796","spotify:track:39cmB3ZoTOLwOTq7tMNqKa","Hear Me Now","Hear Me Now (feat. Zeeba)","Alok;Zeeba;Bruno Martini","2016-10-21",194840,80,"false","312avoycbyo353bvbqm2mpdnghjy","2026-08-31T00:21:57Z","brazilian bass,electronic,slap house,electro house,brazilian pop","Spinnin' Records",0.778,0.463,11,-7.603,1,0.0389,0.546,0.00289,0.0731,0.496,121.999,4
"797","spotify:track:3MBJxg2sT7CAdqYcdU8C5K","I Like It (with Nate Smith)","I Like It (with Nate Smith)","Alesso;Nate Smith","2024-07-12",152349,72,"false","312avoycbyo353bvbqm2mpdnghjy","2026-08-31T00:21:57Z","edm,country","10:22PM/Body Hi",0.658,0.817,11,-3.652,0,0.0373,0.000266,0.000101,0.259,0.629,129.075,4
"798","spotify:track:2qlqMa0e422LZyGw1J5for","YEAH","YEAH","Dimitri Vegas & Like Mike;W&W;Marnik;Dimitri Vegas","2025-03-14",141551,71,"true","312avoycbyo353bvbqm2mpdnghjy","2026-08-31T00:21:57Z","big room,electronica,edm","Smash The House",0.762,0.978,7,-5.102,1,0.129,0.147,0.00129,0.0871,0.313,145.024,4
"799","spotify:track:6GOOcBV0wLoHrH5D9AWA32","Say My Name - Remix","Say My Name (Remix)","Morgan Seatree;Florence + The Machine","2024-12-06",168000,82,"false","312avoycbyo353bvbqm2mpdnghjy","2026-08-31T00:21:57Z","hard house,house,baroque pop","Positiva",0.48,0.954,11,-4.078,0,0.079,0.0164,0.000594,0.1,0.471,140.067,4
"800","spotify:track:5ZUIPLoTLJZrPQh2kFZEUM","Addicted","Addicted","Zerb;The Chainsmokers;Ink","2024-03-29",152250,80,"true","312avoycbyo353bvbqm2mpdnghjy","2026-08-31T00:21:57Z","afro house","TH3RD BRAIN",0.771,0.741,5,-7.132,0,0.0374,0.0245,0.000163,0.111,0.19,120.064,4
"801","spotify:track:7zyvQ8sb72g4RuwBpcuGUP","Home Alone (with Marnik)","Home Alone (with Marnik)","Naeleck;Vini Vici;Marnik","2023-10-27",128031,64,"false","312avoycbyo353bvbqm2mpdnghjy","2026-08-31T00:21:57Z","electro house,psytrance,trance,big room","Signatune",0.591,0.873,4,-4.417,1,0.0859,0.378,6.73e-05,0.142,0.61,149.958,4
"802","spotify:track:3wo3d0I5H8KjkwGvnz8WbB","Somedays","Somedays","Sonny Fodera;Jazzy;D.O.D","2024-07-26",207168,74,"false","312avoycbyo353bvbqm2mpdnghjy","2026-08-31T00:21:57Z","house","Solotoko",0.671,0.753,4,-6.045,0,0.0298,0.019,1.29e-05,0.177,0.543,127.926,4
"803","spotify:track:1lbNgoJ5iMrMluCyhI4OQP","Victory Lap","Victory Lap","Fred again..;Skepta;PlaqueBoyMax","2025-06-18",165857,84,"true","312avoycbyo353bvbqm2mpdnghjy","2026-08-31T00:21:57Z","stutter house,house,edm,grime,uk grime","Atlantic Records UK",0.891,0.749,11,-3.087,1,0.112,0.163,1.96e-06,0.0922,0.584,140.039,4
"804","spotify:track:0GYx8Q9iS05CRe9kyzwAIL","Still Into You","Still Into You","CYRIL","2024-10-25",151875,77,"false","312avoycbyo353bvbqm2mpdnghjy","2026-08-31T00:21:57Z","","Spinnin' Records",0.955,0.571,0,-7.045,1,0.254,0.0147,1.03e-05,0.0986,0.681,128.066,4
"805","spotify:track:0iB5f04XdJ2tcfhoVkeLV8","LET'S GET FKD UP","LET'S GET FKD UP (feat. Tribbs)","Alok;Mondello'G;CERES;Tribbs","2023-11-17",121500,77,"true","312avoycbyo353bvbqm2mpdnghjy","2026-08-31T00:21:57Z","brazilian bass,electronic,slap house,electro house,hypertechno,techno","Columbia/B1 Recordings",0.65,0.946,10,-5.454,1,0.0421,0.00191,0.127,0.149,0.425,160.027,4
"806","spotify:track:7lDGg8CFySbkKUrjgzcLlY","The Less I Know The Better","The Less I Know The Better","Mau P","2025-02-28",176114,71,"false","312avoycbyo353bvbqm2mpdnghjy","2026-08-31T00:21:57Z","tech house,house","Nervous Records",0.754,0.8,6,-7.383,0,0.0506,0.000793,0.651,0.352,0.948,128.001,4
"807","spotify:track:19eIZmuXlBmLTha1lPHef7","Alors On Danse (feat. Stromae)","Alors On Danse (feat. Stromae)","Dubdogz;Stromae","2019-05-03",168576,73,"false","312avoycbyo353bvbqm2mpdnghjy","2026-08-31T00:21:57Z","brazilian bass,electronic,french pop","Musical Freedom",0.789,0.752,1,-4.274,0,0.164,0.027,2.69e-05,0.613,0.739,122.98,4
"808","spotify:track:6YUTL4dYpB9xZO5qExPf05","Summer","Motion","Calvin Harris","2014-10-31",222533,89,"false","312avoycbyo353bvbqm2mpdnghjy","2026-08-31T00:21:57Z","edm","Columbia",0.596,0.856,4,-3.556,0,0.0346,0.0211,0.0178,0.141,0.743,127.949,4
"809","spotify:track:5OFVzqSeFxGpvDGyHvVeLj","It's Not Right But It's Okay","It's Not Right But It's Okay","Mr. Belt & Wezol","2024-02-23",152304,81,"false","312avoycbyo353bvbqm2mpdnghjy","2026-08-31T00:21:57Z","future house,house","Sony Music Entertainment",0.755,0.86,5,-4.811,0,0.0523,0.0144,7.47e-06,0.344,0.618,128.004,4
"810","spotify:track:40SBS57su9xLiE1WqkXOVr","Afraid To Feel","Afraid To Feel","LF SYSTEM","2022-05-02",177525,81,"false","312avoycbyo353bvbqm2mpdnghjy","2026-08-31T00:21:57Z","house","Warner Records",0.578,0.912,1,-3.929,1,0.114,0.0166,0.00362,0.273,0.68,127.87,4
"811","spotify:track:29I9dv9Nq704w0Oc5yFGsR","She’s Gone, Dance On","She’s Gone, Dance On","Disclosure","2024-05-29",226773,75,"false","312avoycbyo353bvbqm2mpdnghjy","2026-08-31T00:21:57Z","house","Disorder",0.534,0.943,1,-4.812,0,0.0496,0.000215,0.794,0.0929,0.375,134.004,4
"812","spotify:track:3flWoQdYrWyqUsHbURIJby","Stephanie - HNTR Remix","Stephanie (HNTR Remix)","Cloonee;Young M.A;InntRaw;HNTR","2025-02-07",145467,72,"false","312avoycbyo353bvbqm2mpdnghjy","2026-08-31T00:21:57Z","tech house,house","Hellbent Records",0.765,0.948,6,-4.048,0,0.0436,0.00701,0.00651,0.113,0.743,134.011,4
"813","spotify:track:6o0gJtOgimGamRBTS80H5g","PICK UP THE PHONE (feat. Nate Dogg)","PICK UP THE PHONE (feat. Nate Dogg)","PAWSA;Nate Dogg","2024-05-31",224124,70,"true","312avoycbyo353bvbqm2mpdnghjy","2026-08-31T00:21:57Z","tech house,house,g-funk,west coast hip hop,old school hip hop","PAWZ",0.811,0.688,10,-6.911,1,0.0747,0.00876,0.29,0.0894,0.548,128.975,4
"814","spotify:track:75n9WHWZAzhB59xSjIHly4","WACUKA","WACUKA","AVAION;Sofiya Nzau","2025-01-10",190153,73,"false","312avoycbyo353bvbqm2mpdnghjy","2026-08-31T00:21:57Z","stutter house,deep house,afro house","RCA Local",0.833,0.65,0,-8.919,1,0.0565,0.177,0.0687,0.101,0.434,129.94,4
"815","spotify:track:3ACTBfO2gL0RY2a3Eb5kY5","Lady Love","Lady Love","Oden & Fatzo;Camden Cox","2023-08-04",174524,3,"false","312avoycbyo353bvbqm2mpdnghjy","2026-08-31T00:21:57Z","house,stutter house","Defected Records",0.791,0.734,6,-8.636,0,0.0725,0.0359,0.0198,0.112,0.943,125.966,4
"816","spotify:track:4qDpLaFGf5ampf2DXD2TMA","Where You Are","Where You Are","John Summit;HAYLA","2023-03-03",236000,72,"false","312avoycbyo353bvbqm2mpdnghjy","2026-08-31T00:21:57Z","house,tech house","Experts Only/Darkroom Records",0.567,0.83,9,-6.402,0,0.0349,0.00879,0.0105,0.529,0.0726,126.04,4
"817","spotify:track:4NtQwxR7o3ixPVKLyOTS66","This Rhythm (feat. RAHH)","This Rhythm (feat. RAHH)","Prospa;RAHH","2025-02-14",189960,77,"false","312avoycbyo353bvbqm2mpdnghjy","2026-08-31T00:21:57Z","house","Atlantic Records UK",0.928,0.713,10,-5.697,0,0.0593,0.102,3.37e-05,0.0996,0.671,127.004,4
"818","spotify:track:6sKxXqDGkKROr3Z3Na32nv","Stereo Love (Radio Edit)","Stereo Love","Edward Maya;Vika Jigulina","2010-05-15",184015,61,"false","312avoycbyo353bvbqm2mpdnghjy","2026-08-31T00:21:57Z","europop","Central Station Records",0.801,0.786,9,-3.781,1,0.0319,0.0446,0.0346,0.104,0.552,127.052,4
"819","spotify:track:6tS3XVuOyu10897O3ae7bi","California Gurls","Teenage Dream: The Complete Confection","Katy Perry;Snoop Dogg","2012-03-12",234653,78,"false","3gr3d86mz6ppgb0fjpjyluc69","2021-07-16T06:23:02Z","pop,g-funk,west coast hip hop,gangster rap,old school hip hop,hip hop,rap","Capitol Records",0.791,0.755,0,-3.729,1,0.0568,0.00452,0,0.163,0.426,125.014,4
"820","spotify:track:7pYfyrMNPn3wtoCyqcTVoI","Moves Like Jagger - Studio Recording From ""The Voice"" Performance","Hands All Over (Revised International Standard version)","Maroon 5;Christina Aguilera","2010",201493,85,"false","3gr3d86mz6ppgb0fjpjyluc69","2021-07-16T06:23:51Z","pop","Interscope Records*",0.722,0.761,11,-4.46,0,0.0475,0.0119,0,0.315,0.624,128.046,4
"821","spotify:track:2jSwKQBouf0brIcxGfA9CZ","Super Bass","Pink Friday","Nicki Minaj","2010-01-01",200013,2,"true","3gr3d86mz6ppgb0fjpjyluc69","2021-07-16T06:24:12Z","","Nicki Minaj/Cash Money",0.72,0.861,11,-4.339,1,0.209,0.269,5.11e-06,0.601,0.669,126.991,4
"822","spotify:track:0laYHRpNTS6i8FXdupHkJ4","Love You Like A Love Song","When The Sun Goes Down","Selena Gomez & The Scene","2011-01-01",188453,87,"false","3gr3d86mz6ppgb0fjpjyluc69","2021-07-16T06:24:44Z","","Hollywood Records",0.858,0.678,1,-3.87,0,0.0469,0.0761,0,0.0741,0.922,117.009,4
"823","spotify:track:20I6sIOMTCkB6w7ryavxtO","Call Me Maybe","Kiss","Carly Rae Jepsen","2012-01-01",193400,87,"false","3gr3d86mz6ppgb0fjpjyluc69","2021-07-16T06:25:16Z","","Silent Records IGA",0.782,0.58,7,-6.548,1,0.0407,0.0114,2.28e-06,0.108,0.66,120.021,4
"824","spotify:track:5rgy6ghBq1eRApCkeUdJXf","We Are Young (feat. Janelle Monáe)","Some Nights","fun.;Janelle Monáe","2012-02-14",250626,86,"false","3gr3d86mz6ppgb0fjpjyluc69","2021-07-16T06:25:19Z","alternative r&b","Fueled By Ramen",0.378,0.638,10,-5.576,1,0.075,0.02,7.66e-05,0.0849,0.735,184.086,4
"825","spotify:track:0Hf4aIJpsN4Os2f0y0VqWl","Feel This Moment (feat. Christina Aguilera)","Global Warming: Meltdown (Deluxe Version)","Pitbull;Christina Aguilera","2012",229500,85,"false","3gr3d86mz6ppgb0fjpjyluc69","2021-07-16T06:29:50Z","","Mr.305/Polo Grounds Music/RCA Records",0.673,0.758,7,-3.632,1,0.158,0.039,0,0.341,0.542,135.956,4
"826","spotify:track:3DmW6y7wTEYHJZlLo1r6XJ","Shower","Shower","Becky G","2014-04-23",206166,85,"false","3gr3d86mz6ppgb0fjpjyluc69","2021-07-16T06:32:05Z","reggaeton,latin","Kemosabe Records/RCA Records",0.699,0.529,2,-7.548,1,0.0487,0.0317,3.59e-05,0.285,0.121,119.987,4
"827","spotify:track:0tJGzJjUVlEsn8s3Mn32Jb","Maps","Maps","Maroon 5","2014-06-16",189840,1,"false","3gr3d86mz6ppgb0fjpjyluc69","2021-07-16T06:32:13Z","pop","222 Records/Interscope Records",0.737,0.723,1,-5.51,0,0.0295,0.0179,0,0.0675,0.893,120.003,4
"828","spotify:track:5eqiMMbaeUZ32Q7sS00H35","Anaconda","The Pinkprint (International Deluxe Explicit)","Nicki Minaj","2014-12-12",260239,69,"true","3gr3d86mz6ppgb0fjpjyluc69","2021-07-16T06:32:40Z","","Nicki Minaj/Cash Money",0.964,0.605,9,-6.223,1,0.179,0.0668,7.78e-06,0.214,0.646,129.996,4
"829","spotify:track:1By2VQkUN0Frd8mKNV5NYC","Better Than Revenge","Speak Now (Deluxe Edition)","Taylor Swift","2010-10-25",217160,61,"false","3gr3d86mz6ppgb0fjpjyluc69","2021-07-16T06:33:06Z","","Taylor Swift",0.516,0.917,11,-3.186,0,0.0827,0.0139,6.37e-06,0.36,0.635,145.821,4
"830","spotify:track:2bJvI42r8EF3wxjOuDav4r","Time of Our Lives","Globalization","Pitbull;Ne-Yo","2014-11-24",229358,88,"true","3gr3d86mz6ppgb0fjpjyluc69","2021-07-16T06:33:51Z","","Mr.305/Polo Grounds Music/RCA Records",0.721,0.802,1,-5.797,1,0.0583,0.0921,0,0.694,0.724,124.022,4
"831","spotify:track:6gj08XDlv9Duc2fPOxUmVD","Lips Are Movin","Title (Deluxe)","Meghan Trainor","2015-01-12",182114,68,"false","3gr3d86mz6ppgb0fjpjyluc69","2021-07-17T08:03:04Z","","Epic",0.775,0.825,7,-5.402,1,0.0464,0.0506,1.03e-06,0.111,0.95,139.091,4
"832","spotify:track:1oew3nFNY3vMacJAsvry0S","Me And My Broken Heart","Let The Road","Rixton","2014-01-01",193733,79,"false","3gr3d86mz6ppgb0fjpjyluc69","2021-07-24T08:02:31Z","","Silent Records/Giant Little Man",0.545,0.783,5,-4.261,0,0.0345,0.00489,0,0.132,0.551,174.084,4
"833","spotify:track:5yDL13y5giogKs2fSNf7sj","Glad You Came","Battleground (Deluxe Edition)","The Wanted","2011-01-01",197935,81,"false","3gr3d86mz6ppgb0fjpjyluc69","2022-02-01T05:45:34Z","","Universal-Island Records Ltd.",0.722,0.851,7,-3.873,0,0.0639,0.0319,0,0.108,0.452,126.885,4
"834","spotify:track:6r2BECwMgEoRb5yLfp0Hca","Born This Way","Born This Way (Special Edition)","Lady Gaga","2011-01-01",260252,72,"false","3gr3d86mz6ppgb0fjpjyluc69","2022-03-20T17:02:22Z","art pop,pop","Interscope",0.587,0.828,11,-5.108,1,0.161,0.00327,0,0.331,0.493,123.907,4
"835","spotify:track:4QNpBfC0zvjKqPJcyqBy9W","Give Me Everything (feat. Nayer)","Planet Pit (Deluxe Version)","Pitbull;AFROJACK;Ne-Yo;Nayer","2011-06-17",252306,92,"false","3gr3d86mz6ppgb0fjpjyluc69","2022-03-20T17:03:01Z","edm,big room","Mr.305/Polo Grounds Music/J Records",0.671,0.939,8,-3.206,1,0.161,0.191,0,0.298,0.53,129.024,4
"836","spotify:track:5xTtaWoae3wi06K5WfVUUH","Shake It Off","1989","Taylor Swift","2014-10-27",219200,78,"false","3gr3d86mz6ppgb0fjpjyluc69","2022-03-26T20:03:31Z","","Taylor Swift",0.647,0.785,7,-5.414,1,0.165,0.0561,0,0.148,0.943,160.015,4
"837","spotify:track:1hGy2eLcmC8eKx7qr1tOqx","Beautiful Girls","Beautiful Girls","Sean Kingston","2007-07-23",225373,85,"false","3gr3d86mz6ppgb0fjpjyluc69","2022-03-28T04:58:46Z","","Epic",0.762,0.661,1,-6.075,0,0.0687,0.15,0,0.256,0.769,130.009,4
"838","spotify:track:3bhvFZ2eJMuWakoDYZdaR5","Moves Like Jagger","Moves Like Jagger","Jager","2011-08-30",205039,51,"false","3gr3d86mz6ppgb0fjpjyluc69","2022-04-21T14:55:24Z","","Icover Records",0.747,0.739,11,-3.318,0,0.0733,0.0475,0,0.213,0.663,127.959,4
"839","spotify:track:5G2c6FsfTzgYUzageCmfXY","One Thing","Up All Night","One Direction","2012-05-25",197600,79,"false","3gr3d86mz6ppgb0fjpjyluc69","2022-06-19T19:44:28Z","","Syco Music UK",0.713,0.718,2,-3.806,1,0.0278,0.00233,0,0.0838,0.656,126.999,4
"840","spotify:track:7AqISujIaWcY3h5zrOqt5v","Forget You","The Lady Killer","CeeLo Green","2010-11-09",222733,63,"false","3gr3d86mz6ppgb0fjpjyluc69","2022-06-19T19:44:31Z","","Radiculture/Elektra",0.696,0.875,0,-3.682,1,0.0649,0.134,0,0.159,0.772,127.39,4
"841","spotify:track:6AtZLIzUINvExIUy4QhdjP","I Knew You Were Trouble (Taylor's Version)","Red (Taylor's Version)","Taylor Swift","2021-11-12",219760,73,"false","3gr3d86mz6ppgb0fjpjyluc69","2022-06-19T19:45:26Z","","Taylor Swift",0.584,0.557,6,-6.371,1,0.0342,0.0129,0,0.0576,0.767,154.008,4
"842","spotify:track:0IkKz2J93C94Ei4BvDop7P","Party Rock Anthem","Sorry For Party Rocking","LMFAO;Lauren Bennett;GoonRock","2011-01-01",262173,75,"false","3gr3d86mz6ppgb0fjpjyluc69","2022-06-30T05:14:44Z","","Will I Am / A&M",0.75,0.727,5,-4.21,0,0.142,0.0188,0,0.266,0.359,129.992,4
"843","spotify:track:7ufWg9sIuPl6NGNBdJeeSv","Dead Roses","Capricorn Reborn","Mike Devoe","2019-11-24",164118,43,"true","3gr3d86mz6ppgb0fjpjyluc69","2024-03-18T05:30:24Z","","Stay Young Entertainment",0.751,0.421,0,-10.39,0,0.0387,0.0684,0.00147,0.0952,0.181,130.004,4
"844","spotify:track:4OZPNdCsE0YfvJUPXFd7bI","Hands To Myself - KANDY Remix","Hands To Myself (Remixes)","Selena Gomez;KANDY","2016-03-04",198533,47,"false","3gr3d86mz6ppgb0fjpjyluc69","2022-06-30T05:15:50Z","","Selena Gomez PS",0.755,0.697,0,-5.523,0,0.0552,0.141,1.94e-05,0.0788,0.546,123.927,4
"845","spotify:track:6Vh03bkEfXqekWp7Y1UBRb","Live While We're Young","Take Me Home (Expanded Edition)","One Direction","2012-11-12",200213,76,"false","3gr3d86mz6ppgb0fjpjyluc69","2022-10-15T19:00:02Z","","Syco Music",0.663,0.857,2,-2.16,1,0.0544,0.0542,0,0.144,0.931,126.039,4
"846","spotify:track:4kkeuVl6gF3RMqE4Nn5W3E","E.T.","Teenage Dream","Katy Perry","2010-01-01",206373,71,"false","3gr3d86mz6ppgb0fjpjyluc69","2022-10-15T19:01:30Z","pop","Capitol Records",0.603,0.863,5,-5.423,0,0.0773,0.0178,0,0.389,0.731,150.054,4
"847","spotify:track:5jrdCoLpJSvHHorevXBATy","Dark Horse","PRISM (Deluxe)","Katy Perry;Juicy J","2013-10-18",215672,79,"false","3gr3d86mz6ppgb0fjpjyluc69","2022-12-19T22:36:29Z","pop,crunk","Capitol Records (CAP)",0.647,0.585,6,-6.123,1,0.0512,0.00314,0,0.165,0.353,131.934,4
"848","spotify:track:3TGRqZ0a2l1LRblBkJoaDx","Call Me Maybe","Kiss (Deluxe)","Carly Rae Jepsen","2012-01-01",193400,79,"false","3gr3d86mz6ppgb0fjpjyluc69","2022-12-19T22:37:18Z","","Silent Records IGA",0.782,0.58,7,-6.548,1,0.0407,0.0114,2.28e-06,0.108,0.66,120.021,4
"849","spotify:track:2d8JP84HNLKhmd6IYOoupQ","Trap Queen","Fetty Wap (Deluxe)","Fetty Wap","2015-09-25",222093,85,"true","3gr3d86mz6ppgb0fjpjyluc69","2022-12-19T22:37:29Z","","300 Entertainment/RGF Productions",0.746,0.873,7,-3.803,1,0.128,0.0244,0,0.354,0.817,148.075,4
"850","spotify:track:0pqnGHJpmpxLKifKRmU6WP","Believer","Evolve","Imagine Dragons","2017-06-23",204346,89,"false","3gr3d86mz6ppgb0fjpjyluc69","2022-12-19T22:37:56Z","","Kid Ina Korner / Interscope",0.776,0.78,10,-4.374,0,0.128,0.0622,0,0.081,0.666,124.949,4
"851","spotify:track:0obBFrPYkSoBJbvHfUIhkv","Sexy And I Know It","Sorry For Party Rocking (Deluxe Version)","LMFAO","2011-01-01",199480,70,"false","3gr3d86mz6ppgb0fjpjyluc69","2022-12-19T22:38:09Z","","Will I Am / A&M",0.708,0.861,7,-4.225,1,0.316,0.1,0,0.191,0.795,130.043,4
"852","spotify:track:4kflIGfjdZJW4ot2ioixTB","Someone Like You","21","Adele","2011-01-19",285040,5,"false","3gr3d86mz6ppgb0fjpjyluc69","2022-12-19T22:38:16Z","soft pop","XL Recordings/Columbia",0.559,0.33,9,-8.251,1,0.0285,0.892,0,0.0975,0.285,135.109,4
"853","spotify:track:63LAR8TGAGvpfLLM8Z1weo","Applause","Applause","Lady Gaga","2013-01-01",212493,58,"false","3gr3d86mz6ppgb0fjpjyluc69","2023-01-10T08:56:45Z","art pop,pop","Interscope",0.668,0.78,7,-4.302,0,0.0503,0.0286,1.11e-06,0.103,0.697,139.938,4
"854","spotify:track:1CNJyTUh56oj3OCZOZ5way","Party Rock Anthem","Party Rock Anthem","LMFAO;Lauren Bennett;GoonRock","2011",263360,1,"false","3gr3d86mz6ppgb0fjpjyluc69","2023-01-10T08:57:17Z","","Universal Music Ltd.",0.752,0.727,5,-4.161,0,0.16,0.0246,0,0.272,0.361,130.015,4
"855","spotify:track:0puf9yIluy9W0vpMEUoAnN","Bang Bang","Sweet Talker (Deluxe Version)","Jessie J;Ariana Grande;Nicki Minaj","2014-10-10",199386,83,"false","3gr3d86mz6ppgb0fjpjyluc69","2023-03-12T07:00:25Z","pop","Lava Music/Republic Records",0.706,0.786,0,-3.417,0,0.091,0.26,0,0.38,0.751,150.028,4
"856","spotify:track:4dvjEKAqEvJa80MPFMLMf2","We Found Love","We Found Love (In A Hopeless Place)","In A Hopeless Place","2011-10-03",215742,57,"false","3gr3d86mz6ppgb0fjpjyluc69","2023-03-13T17:53:07Z","","Icover Records",0.765,0.799,6,-5.121,1,0.0506,0.12,1.82e-05,0.122,0.482,127.97,4
"857","spotify:track:03UrZgTINDqvnUMbbIMhql","Gangnam Style (강남스타일)","Gangnam Style (강남스타일)","PSY","2012-01-01",219493,79,"false","3gr3d86mz6ppgb0fjpjyluc69","2023-03-30T02:54:46Z","k-pop","Silent Records/Universal Republic Records",0.727,0.937,11,-2.871,0,0.286,0.00417,0,0.091,0.749,132.067,4
"858","spotify:track:4nVyHATevhl5RC6Qmoko5H","I Like It","Euphoria (Standard US/Latin version)","Enrique Iglesias;Pitbull","2010-01-01",231786,7,"false","3gr3d86mz6ppgb0fjpjyluc69","2023-05-18T19:12:02Z","latin pop,latin","Universal Music Group International",0.646,0.94,10,-2.856,0,0.0838,0.0209,0,0.0691,0.704,129.011,4
"859","spotify:track:7LcfRTgAVTs5pQGEQgUEzN","Moves Like Jagger - Studio Recording From ""The Voice"" Performance","Hands All Over","Maroon 5;Christina Aguilera","2010",201160,78,"false","3gr3d86mz6ppgb0fjpjyluc69","2023-08-15T21:28:21Z","pop","Interscope Records*",0.722,0.758,11,-4.477,0,0.0471,0.0111,0,0.308,0.62,128.047,4
"860","spotify:track:3rfhI32Il2hVRKDkuGeeen","Hey Baby (Drop It to the Floor) (feat. T-Pain)","Planet Pit (Deluxe Version)","Pitbull;T-Pain","2011-06-17",234453,84,"false","3gr3d86mz6ppgb0fjpjyluc69","2023-11-08T03:49:13Z","","Mr.305/Polo Grounds Music/J Records",0.595,0.912,10,-3.428,0,0.0884,0.0434,0,0.259,0.762,128.024,4
"861","spotify:track:6NPVjNh8Jhru9xOmyQigds","Happy","Despicable Me 2 (Original Motion Picture Soundtrack)","Pharrell Williams","2013-06-18",233305,9,"false","204029","2019-02-24T13:57:20Z","","Back Lot Music",0.652,0.757,1,-6.819,1,0.153,0.286,0,0.0886,0.962,159.911,4
"862","spotify:track:6rPO02ozF3bM7NnOV4h6s2","Despacito - Remix","Despacito Feat. Justin Bieber (Remix)","Luis Fonsi;Daddy Yankee;Justin Bieber","2017-04-17",228826,75,"false","204029","2019-02-24T13:59:26Z","latin,reggaeton","Republic/UMLE",0.653,0.816,2,-4.353,1,0.167,0.228,0,0.0967,0.816,178.085,4
"863","spotify:track:6hI81y67DVMorZhXVL62mp","Pumped Up Kicks","2010s Hits","Foster The People","2018-04-27",238046,0,"false","204029","2019-02-24T14:13:23Z","","Sony Music CG",0.752,0.644,5,-6.903,0,0.0293,0.18,0.157,0.0883,0.946,128.145,4
"864","spotify:track:1Eck97uRMlprKOOJN9oO1E","Good Life (with G-Eazy & Kehlani)","Good Life (with G-Eazy & Kehlani)","G-Eazy;Kehlani","2017-03-16",225525,63,"false","204029","2019-02-24T21:33:56Z","","Artist Partner",0.565,0.771,1,-5.22,1,0.213,0.00464,0,0.0568,0.573,168.385,4
"865","spotify:track:7eBqSVxrzQZtK2mmgRG6lC","Murder on My Mind","I AM YOU","YNW Melly","2018-08-03",268434,81,"true","204029","2019-02-27T22:21:18Z","melodic rap","P2018",0.759,0.73,0,-7.985,0,0.0516,0.145,3.06e-06,0.11,0.74,115.007,4
"866","spotify:track:23L5CiUhw2jV1OIMwthR3S","In the Name of Love","In the Name of Love","Martin Garrix;Bebe Rexha","2016-07-29",198815,85,"false","204029","2019-03-03T11:45:43Z","edm,progressive house,electronica","Epic Amsterdam",0.501,0.519,4,-5.88,0,0.0409,0.109,0,0.454,0.168,133.99,4
"867","spotify:track:3ao5U0ksMLvgSoJqOpsgmv","Oh Nanana","Oh Nanana","Bonde R300","2017-03-22",217891,57,"true","204029","2019-03-04T12:05:01Z","brazilian funk","Granfino produções",0.606,0.536,1,-2.431,0,0.53,0.0506,0,0.0938,0.614,172.335,5
"868","spotify:track:4y3OI86AEP6PQoDE6olYhO","Sucker","Sucker","Jonas Brothers","2019-03-01",181040,4,"false","204029","2019-03-04T12:05:11Z","","Jonas Brothers Recording",0.842,0.734,1,-5.065,0,0.0588,0.0427,0,0.106,0.952,137.958,4
"869","spotify:track:0UmXSUCoE2I67n8ERd0Hdi","Boom Boom","Live By The Words","Justice Crew","2012",187037,53,"false","204029","2022-08-05T14:26:14Z","","Sony Music Entertainment",0.81,0.828,6,-4.14,1,0.117,0.153,1.23e-06,0.0852,0.87,125.921,4
"870","spotify:track:2yiZyjMEByt9sJBZWnWaDR","Bye Bye Bye","Greatest Hits","*NSYNC","2005-10-21",199640,49,"false","204029","2019-03-05T12:40:02Z","","Jive",0.571,0.87,8,-3.877,0,0.0644,0.0198,6.57e-06,0.0564,0.811,172.716,4
"871","spotify:track:3Du2K5dLzmduCNp6uwuaL0","Sorry Not Sorry","Tell Me You Love Me","Demi Lovato","2017-09-29",203760,2,"true","204029","2019-03-17T02:54:28Z","","Demi LP2 - Island/Hollywood",0.702,0.635,11,-6.917,0,0.265,0.0223,0,0.283,0.873,144.004,4
"872","spotify:track:0TDLuuLlV54CkRRUOahJb4","Titanium (feat. Sia)","Nothing but the Beat (Ultimate Edition)","David Guetta;Sia","2012-12-07",245040,88,"false","204029","2019-03-24T11:27:21Z","edm","Parlophone (France)",0.604,0.787,0,-3.674,0,0.103,0.0679,0.15,0.127,0.301,126.062,4
"873","spotify:track:53CJANUxooaqGOtdsBTh7O","Old Town Road","Old Town Road","Lil Nas X","2019-03-14",113013,28,"false","204029","2019-03-24T22:05:52Z","","Columbia",0.908,0.517,1,-6.063,1,0.129,0.0361,1.73e-06,0.0949,0.471,136.019,4
"874","spotify:track:7dt6x5M1jzdTEt8oCbisTK","Better Now","beerbongs & bentleys","Post Malone","2018-04-27",231266,84,"true","204029","2019-03-26T12:10:56Z","","Republic Records",0.674,0.578,10,-5.804,1,0.0408,0.331,0,0.135,0.34,145.07,4
"875","spotify:track:4UuHWIkAWnN176A2rx7YFB","1985","A Hangover You Don't Deserve","Bowling For Soup","2004-09-11",193000,56,"false","204029","2019-03-26T12:11:36Z","pop punk,punk","Jive",0.607,0.878,4,-4.422,1,0.0665,0.000246,0,0.337,0.853,119.955,4
"876","spotify:track:0BRHnOFm6sjxN1i9LJrUDu","The Anthem","The Young and The Hopeless","Good Charlotte","2002-10-04",175093,80,"false","204029","2019-03-26T12:15:27Z","pop punk,punk,emo","Epic/Daylight",0.494,0.939,1,-3.127,1,0.126,0.00666,0,0.139,0.893,177.751,4
"877","spotify:track:6fujklziTHa8uoM5OQSfIo","Black Beatles","SremmLife 2 (Deluxe)","Rae Sremmurd;Gucci Mane","2016-08-12",291893,88,"true","204029","2019-03-31T12:16:48Z","southern hip hop,rap,trap","Mike WiLL Made-It",0.794,0.632,0,-6.163,1,0.0649,0.142,0,0.128,0.355,145.926,4
"878","spotify:track:56cswAa9WdFBsjsTyPBAKA","Bad Things - With Camila Cabello","Bad Things","mgk;Camila Cabello","2016-10-14",239280,1,"false","204029","2019-04-02T12:26:50Z","","Bad Boy / Interscope",0.674,0.694,2,-4.739,1,0.129,0.223,0,0.183,0.242,137.839,4
"879","spotify:track:6Vc5wAMmXdKIAM7WUoEb7N","Say Something","Is There Anybody Out There?","A Great Big World;Christina Aguilera","2014-01-20",229404,72,"false","204029","2019-04-03T22:04:54Z","","Epic",0.407,0.147,2,-8.822,1,0.0355,0.857,2.89e-06,0.0913,0.0765,141.284,3
"880","spotify:track:4SSnFejRGlZikf02HLewEF","bury a friend","WHEN WE ALL FALL ASLEEP, WHERE DO WE GO?","Billie Eilish","2019-03-29",193143,76,"false","204029","2019-04-06T02:12:30Z","","Darkroom/Interscope Records",0.905,0.389,8,-14.505,1,0.332,0.74,0.162,0.106,0.196,120.046,4
"881","spotify:track:53b7YqVw2Vc1oRrYeOm7z7","Heartbeat Song","Heartbeat Song","Kelly Clarkson","2015-01-12",198693,1,"false","204029","2019-04-06T02:14:27Z","christmas","RCA Records Label",0.5,0.791,6,-3.711,1,0.0505,0.012,0,0.0645,0.444,149.093,4
"882","spotify:track:6OZh916QF8XNunWaP97WEZ","Fast Car","Fast Car","Jonas Blue;Dakota","2015-12-04",212424,4,"false","204029","2019-04-06T02:15:18Z","tropical house","Universal Music Group",0.459,0.587,9,-6.983,1,0.0785,0.453,0,0.307,0.581,113.901,4
"883","spotify:track:1kPpge9JDLpcj15qgrPbYX","Good Time","The Midsummer Station","Owl City;Carly Rae Jepsen","2012-08-17",205933,80,"false","204029","2019-04-11T12:07:14Z","","Universal Records",0.56,0.872,3,-4.269,1,0.14,0.0239,6.98e-06,0.371,0.682,126.05,4
"884","spotify:track:27rdGxbavYJeBphck5MZAF","Nothing Breaks Like a Heart (feat. Miley Cyrus)","Nothing Breaks Like a Heart (feat. Miley Cyrus)","Mark Ronson;Miley Cyrus","2018-11-30",217466,74,"false","204029","2019-04-12T14:45:34Z","","Columbia",0.601,0.794,7,-5.844,0,0.0671,0.00987,1.36e-06,0.388,0.244,114.066,4
"885","spotify:track:3DamFFqW32WihKkTVlwTYQ","Fireflies","Ocean Eyes","Owl City","2009-01-01",228346,83,"false","204029","2019-04-12T14:50:13Z","","Universal Records",0.512,0.662,3,-6.797,1,0.0439,0.0275,0,0.118,0.472,180.114,4
"886","spotify:track:5ZkAx8zjLiSs1nMmBwJoZS","When Can I See You Again? - From ""Wreck-It Ralph""/Soundtrack Version","Wreck-It Ralph","Owl City","2012-01-01",218093,72,"false","204029","2019-04-12T14:50:23Z","","Walt Disney Records",0.638,0.831,11,-6.812,0,0.081,0.0263,0,0.0491,0.388,127.975,4
"887","spotify:track:2EBCVPNAG46nbgs6jXPGvv","Starships","Pink Friday: Roman Reloaded The Re-Up (Explicit Version)","Nicki Minaj","2012-01-01",210626,83,"true","204029","2019-04-13T00:18:34Z","","Nicki Minaj/Cash Money",0.747,0.716,11,-2.457,0,0.0751,0.135,0,0.251,0.751,125.006,4
"888","spotify:track:0jIa8Bckzoy7bgURBZXxNB","The Sweet Escape","The Sweet Escape (UK Only Version)","Gwen Stefani;Akon","2006-01-01",246466,1,"false","204029","2019-04-13T00:19:31Z","","Universal Music Australia Pty. Ltd.",0.756,0.77,1,-3.502,1,0.0343,0.191,0,0.178,0.73,119.961,4
"889","spotify:track:5p7ujcrUXASCNwRaWNHR1C","Without Me","Without Me","Halsey","2018-10-04",201660,7,"true","204029","2019-04-13T03:39:59Z","","Capitol Records",0.752,0.488,6,-7.05,1,0.0705,0.297,9.11e-06,0.0936,0.533,136.041,4
"890","spotify:track:1zVhMuH7agsRe6XkljIY4U","human","human","Christina Perri","2013-11-18",250706,55,"false","204029","2019-04-15T23:32:48Z","soft pop","Atlantic Records",0.439,0.489,8,-6.286,1,0.0368,0.132,0.000643,0.114,0.253,143.808,4
"891","spotify:track:1GEBsLDvJGw7kviySRI6GX","You Belong With Me","Fearless (Big Machine Radio Release Special)","Taylor Swift","2008-11-11",232120,79,"false","204029","2019-04-25T13:46:27Z","","Taylor Swift",0.687,0.745,6,-4.432,1,0.0379,0.178,1.59e-05,0.111,0.435,129.966,4
"892","spotify:track:5tf1VVWniHgryyumXyJM7w","Sugar (feat. Francesco Yates)","Sugar","Robin Schulz;Francesco Yates","2015-09-25",219043,84,"false","204029","2019-04-28T22:04:13Z","tropical house","Tonspiel",0.636,0.815,5,-5.098,0,0.0581,0.0185,0,0.163,0.636,123.063,4
"893","spotify:track:0gb1J5UrTpzaU1s3nupgCd","No Money","No Money","Galantis","2016-04-01",189126,71,"false","204029","2019-05-12T02:05:51Z","","Big Beat Records",0.671,0.916,6,-4.014,0,0.0397,0.0282,0.00762,0.24,0.803,126.01,4
"894","spotify:track:0ifSeVGUr7py5GggttDhXw","All About That Bass","All About That Bass","Meghan Trainor","2014-06-30",188754,61,"true","204029","2019-05-12T02:15:18Z","","Epic",0.811,0.879,9,-3.724,1,0.0514,0.0476,1.91e-06,0.109,0.962,134.064,4
"895","spotify:track:7vGuf3Y35N4wmASOKLUVVU","Silence","Silence","Marshmello;Khalid","2017-08-11",180822,85,"false","204029","2019-05-17T14:19:25Z","edm","Joytime Collective/RCA Records",0.52,0.761,4,-3.093,1,0.0853,0.256,4.96e-06,0.17,0.286,141.971,4
"896","spotify:track:2mABflaNWHaeF2nFjzR3AC","These Boots Are Made For Walkin' - Mono Single Version","Boots","Nancy Sinatra","1966-03",162507,0,"false","204029","2019-05-17T14:19:30Z","","Boots Enterprises, Inc.",0.628,0.589,9,-8.615,1,0.0722,0.281,6.91e-05,0.249,0.563,165.844,4
"897","spotify:track:6m1hYbfABsUSL3c7QFRBxB","Without Me","Covers","Alec Chambers","2018-10-27",116506,53,"true","204029","2019-05-17T14:19:51Z","","1022227 Records DK",0.609,0.258,11,-12.602,0,0.0482,0.802,0,0.421,0.344,136.041,4
"898","spotify:track:3EPXxR3ImUwfayaurPi3cm","Be Alright","Be Alright","Dean Lewis","2018-06-29",196373,76,"true","204029","2019-05-17T14:20:30Z","","Universal Music Australia Pty. Ltd.",0.553,0.586,11,-6.319,1,0.0362,0.697,0,0.0813,0.443,126.684,4
"899","spotify:track:5qmq61DAAOUaW8AUo8xKhh","Truth Hurts","Cuz I Love You (Deluxe)","Lizzo","2019-05-03",173325,58,"true","204029","2019-05-24T07:15:09Z","","Nice Life/Atlantic",0.715,0.624,4,-3.046,0,0.114,0.11,0,0.123,0.412,158.087,4
"900","spotify:track:1CS7Sd1u5tWkstBhpssyjP","Take Me to Church","Hozier (Expanded Edition)","Hozier","2014-09-19",241688,81,"false","204029","2019-05-24T07:16:44Z","","Columbia",0.566,0.664,4,-5.303,0,0.0464,0.634,0,0.116,0.437,128.945,4
"901","spotify:track:6LsAAHotRLMOHfCsSfYCsz","If I Can't Have You","If I Can't Have You","Shawn Mendes","2019-05-03",190800,67,"false","204029","2019-05-24T07:17:45Z","","Island Records",0.69,0.809,2,-4.198,1,0.0603,0.524,0,0.147,0.864,123.912,4
"902","spotify:track:0uUNN1nSoUx1A4fkDCWDQ7","So Am I","So Am I","Ava Max","2019-03-07",183026,2,"false","204029","2019-05-24T07:18:29Z","","Atlantic Records",0.682,0.656,6,-4.67,1,0.0435,0.0737,0,0.353,0.607,130.089,4
"903","spotify:track:7iDa6hUg2VgEL1o1HjmfBn","Meant to Be (feat. Florida Georgia Line)","All Your Fault: Pt. 2","Bebe Rexha;Florida Georgia Line","2017-08-11",163870,73,"false","204029","2019-05-24T07:20:13Z","country,pop country,acoustic country","Warner Records",0.643,0.783,10,-6.458,1,0.0856,0.047,0,0.083,0.579,154.084,4
"904","spotify:track:2Fxmhks0bxGSBdJ92vM42m","bad guy","WHEN WE ALL FALL ASLEEP, WHERE DO WE GO?","Billie Eilish","2019-03-29",194087,84,"false","204029","2019-05-24T07:26:27Z","","Darkroom/Interscope Records",0.701,0.425,7,-10.965,1,0.375,0.328,0.13,0.1,0.562,135.128,4
"905","spotify:track:1GTC0gBd5B8YmVf3tRl9Ln","Right Round (feat. Ke$ha)","R.O.O.T.S. (Route of Overcoming the Struggle)","Flo Rida;Kesha","2009-03-23",202680,51,"false","204029","2019-05-25T00:08:18Z","","Poe Boy/Atlantic",0.453,0.975,7,-3.074,1,0.291,0.0518,1.57e-06,0.223,0.155,129.174,4
"906","spotify:track:4kLLWz7srcuLKA7Et40PQR","I Gotta Feeling","THE E.N.D. (THE ENERGY NEVER DIES) [Deluxe Version]","Black Eyed Peas","2009-01-01",289133,88,"false","204029","2019-05-25T00:08:31Z","","Interscope",0.744,0.766,0,-6.375,1,0.0265,0.0873,0,0.509,0.61,127.966,4
"907","spotify:track:1CZOrmHUUjeDP7N2B4Ba6S","Bad Romance","The Fame Monster (Explicit Version)","Lady Gaga","2009-01-01",294573,3,"true","204029","2019-05-25T00:12:00Z","art pop,pop","Streamline/Interscope",0.696,0.921,0,-3.755,1,0.0363,0.00314,5.24e-05,0.0842,0.714,119.001,4
"908","spotify:track:5AyL2kgLtTWEu3qO3B9SqK","Like A G6","Free Wired","Far East Movement;The Cataracs;DEV","2010-01-01",216893,79,"false","204029","2019-05-25T00:13:12Z","","Interscope",0.355,0.838,7,-8.126,0,0.471,0.00682,0,0.117,0.783,165.457,5
"909","spotify:track:3kpYJjvM8Ja6btr5hEJLWc","Venom - Music From The Motion Picture","Venom (Music From The Motion Picture)","Eminem","2018-09-21",269573,71,"true","204029","2019-06-02T07:55:22Z","rap,hip hop","Eminem Catalog PS",0.75,0.789,0,-5.058,1,0.0647,0.0148,0,0.501,0.467,135.954,4
"910","spotify:track:3yZQk5PC52CCmT4ZaTIKvv","This Is Gospel","Too Weird to Live, Too Rare to Die!","Panic! At The Disco","2013-10-04",187186,68,"false","204029","2019-06-04T14:10:58Z","emo","Decaydance/Fueled By Ramen",0.572,0.912,7,-4.875,1,0.0707,0.00155,1.2e-06,0.102,0.606,156.073,4
"911","spotify:track:25sgk305KZfyuqVBQIahim","Sweet but Psycho","Sweet but Psycho","Ava Max","2018-08-17",187436,7,"false","204029","2019-06-04T14:13:08Z","","Atlantic Records",0.719,0.704,1,-4.724,1,0.0476,0.0691,0,0.166,0.628,133.002,4
"912","spotify:track:7hDVYcQq6MxkdJGweuCtl9","ocean eyes","dont smile at me","Billie Eilish","2017-12-22",200379,80,"false","204029","2019-06-09T06:43:38Z","","Darkroom",0.511,0.363,4,-7.65,0,0.041,0.816,0.0317,0.084,0.169,144.892,4
"913","spotify:track:0ct6r3EGTcMLPtrXHDvVjc","The Nights","The Days / Nights","Avicii","2014-01-01",176658,88,"false","204029","2019-06-12T22:14:44Z","edm","Pophouse Entertainment Group",0.527,0.835,6,-5.298,1,0.0433,0.0166,0,0.249,0.654,125.983,4
"914","spotify:track:6TqXcAFInzjp0bODyvrWEq","Talk (feat. Disclosure)","Free Spirit","Khalid;Disclosure","2019-04-05",197573,72,"false","204029","2019-06-14T07:59:38Z","house","Right Hand Music Group, LLC/RCA Records",0.9,0.4,0,-8.575,1,0.127,0.0516,0,0.0599,0.346,135.984,4
"915","spotify:track:0ABDzNYFRcW6ltSQ3Bq2aQ","Black Magic","Feel Good Friday","Little Mix","2018-11-23",210960,43,"false","204029","2019-06-15T05:48:08Z","","Sony Music CG",0.773,0.817,4,-7.994,1,0.0583,0.0354,0,0.328,0.863,111.972,4
"916","spotify:track:3uaz1Xgb5C2YqAknzko2US","Twist and Shout - Coverversion","A Tribute to the Beatles Vol. 4 (Coverversions)","The Beatles Tribute Band","2008-03-10",150988,38,"false","204029","2019-06-15T05:30:44Z","","Happy Bird",0.674,0.841,2,-5,1,0.0428,0.553,0,0.0905,0.89,127.905,4
"917","spotify:track:1vvNmPOiUuyCbgWmtc6yfm","My Way","My Way","Calvin Harris","2016-09-16",219159,77,"false","204029","2019-06-15T05:49:16Z","edm","Columbia",0.818,0.913,4,-3.06,0,0.0426,0.093,3.69e-05,0.161,0.536,119.986,4
"918","spotify:track:5YEOzOojehCqxGQCcQiyR4","Panda","New English","Desiigner","2016-06-26",246761,72,"true","204029","2019-06-15T05:50:03Z","","Getting Out Our Dreams Inc. (G.O.O.D.) Music / IDJ",0.576,0.766,10,-4.943,0,0.449,0.0278,1.71e-06,0.366,0.236,144.836,4
"919","spotify:track:7tmRpTD2fwL3z7W9NGGPpz","Never Let Me Go","Ceremonials","Florence + The Machine","2011",271377,0,"false","204029","2019-06-22T23:27:28Z","baroque pop","Universal Music Group",0.459,0.728,9,-3.226,1,0.0365,0.344,5.02e-06,0.38,0.26,145.192,4
"920","spotify:track:4ofwffwvvnbSkrMSCKQDaC","Shotgun","Staying at Tamara's","George Ezra","2018-03-23",201287,80,"false","204029","2019-06-22T23:30:07Z","","Columbia",0.673,0.735,5,-4.733,1,0.0457,0.286,0,0.242,0.754,115.744,4
"921","spotify:track:2ZNowcE7ehJYEkChoRjSx0","Life Of The Party","Handwritten (Deluxe)","Shawn Mendes","2015-04-13",214533,0,"false","204029","2019-06-22T23:30:25Z","","Universal Music Group",0.667,0.614,10,-4.995,1,0.0314,0.0663,0,0.111,0.161,113.979,4
"922","spotify:track:1gihuPhrLraKYrJMAEONyc","Feel So Close - Radio Edit","18 Months","Calvin Harris","2012-10-29",206413,89,"false","204029","2019-06-22T23:32:53Z","edm","Columbia",0.707,0.924,7,-2.842,1,0.031,0.000972,0.00703,0.204,0.919,127.937,4
"923","spotify:track:7GJClzimvMSghjcrKxuf1M","Budapest","Wanted on Voyage","George Ezra","2014-06-27",200720,3,"false","204029","2019-06-22T23:33:10Z","","Columbia",0.714,0.451,5,-8.268,1,0.0276,0.0883,0,0.108,0.406,127.787,4
"924","spotify:track:7vFoFDWqTX0mHzLfrF1Cfy","Cheerleader (Felix Jaehn Remix) - Radio Edit","Me 4 U","OMI;felix jaehn","2015-10-16",180565,86,"false","204029","2019-06-22T23:33:15Z","tropical house","Ultra Records, LLC",0.782,0.685,4,-6.237,1,0.0309,0.166,1.18e-05,0.16,0.603,118.02,4
"925","spotify:track:70eDxAyAraNTiD6lx2ZEnH","Ex's & Oh's","Love Stuff","Elle King","2015-02-13",202177,79,"false","204029","2019-06-22T23:33:36Z","","RCA Records Label",0.612,0.921,7,-2.882,1,0.085,0.0183,0,0.0576,0.446,139.988,4
"926","spotify:track:22mek4IiqubGD9ctzxc69s","How Deep Is Your Love","How Deep Is Your Love","Calvin Harris;Disciples","2015-07-17",212495,80,"false","204029","2019-06-22T23:33:46Z","edm","Columbia",0.738,0.868,11,-4.373,0,0.0731,0.0392,0.00169,0.388,0.336,122.003,4
"927","spotify:track:6KI1ZpZWYAJLvmVhCJz65G","You Don't Own Me (feat. G-Eazy)","FMA","SAYGRACE;G-Eazy","2016-07-01",201489,80,"true","204029","2019-06-22T23:34:17Z","","RCA Records Label",0.332,0.635,7,-5.653,1,0.0898,0.159,2.79e-06,0.0599,0.261,186.249,3
"928","spotify:track:77W6VUoJdasCQgjc5DW19q","Wings","DNA: The Deluxe Edition","Little Mix","2012",219733,3,"false","204029","2019-06-22T23:34:52Z","","Syco Music",0.738,0.875,7,-3.141,1,0.127,0.000673,0.000556,0.285,0.538,114.962,4
"929","spotify:track:4LWrlMkj3nFceDhigJmBGf","Bills","Bills","LunchMoney Lewis","2015-05-10",204600,52,"true","204029","2019-06-22T23:35:00Z","","Kemosabe Records/RCA Records",0.699,0.747,5,-3.453,1,0.0964,0.274,0,0.486,0.683,126.001,4
"930","spotify:track:19qn6oU2t0E72ENA0aWNsX","So What","Funhouse: The Tour Edition","P!nk","2008",215160,1,"true","204029","2019-06-22T23:35:34Z","","LaFace Records",0.535,0.888,11,-3.1,1,0.0446,0.000304,2.17e-06,0.324,0.451,126.011,4
"931","spotify:track:7nqlRkgNyEpb9nvb03GMp7","Price Tag","Price Tag","Jessie J;B.o.B","2011-01-01",221240,52,"false","204029","2019-06-22T23:37:01Z","","Lava Music/Republic Records",0.64,0.838,5,-3.948,1,0.197,0.0306,1.65e-06,0.188,0.681,175.015,4
"932","spotify:track:4ftPj2fBTJ5pytddHwCPH0","Fresh Eyes","Fresh Eyes","Andy Grammer","2016-07-29",198001,0,"false","204029","2019-06-26T08:37:54Z","","S-Curve Records",0.828,0.56,0,-6.685,1,0.0327,0.548,3.66e-05,0.15,0.872,122.054,4
"933","spotify:track:5YdPlbnZLbnCjTFyfap1zN","Everybody","Live By The Words","Justice Crew","2012",232319,49,"false","204029","2019-06-29T06:27:41Z","","Sony Music Entertainment",0.698,0.89,6,-4.196,0,0.0377,0.0399,1.15e-05,0.3,0.8,127.978,4
"934","spotify:track:0ZShFfdyPtOTgLkUr8a4pa","Best Night","Live By The Words","Justice Crew","2012",215794,44,"false","204029","2019-06-29T06:27:47Z","","Sony Music Entertainment",0.667,0.723,3,-3.873,1,0.0571,0.00635,0,0.0636,0.538,128.023,4
"935","spotify:track:1SLWLZPU1gP4UbJ7RniOFq","Love Is Easy","Memory Lane (The Best Of McFly) [Deluxe Edition]","McFly","2012-01-01",222920,52,"false","204029","2019-06-29T06:34:40Z","","Universal-Island Records Ltd.",0.68,0.666,9,-6.953,1,0.115,0.0694,0,0.157,0.789,151.995,4
"936","spotify:track:6x4tKaOzfNJpEJHySoiJcs","Mambo No. 5 (a Little Bit of...)","A Little Bit of Mambo","Lou Bega","1999-07-19",220293,82,"false","204029","2019-06-29T06:37:14Z","","Sony Music/Vorsicht Musik",0.622,0.807,5,-6.752,0,0.408,0.103,0,0.306,0.892,174.06,4
"937","spotify:track:0wz1LjDb9ZNEYwOmDJ3Q4b","Surfin' U.S.A. - Remastered 2001","Surfin' USA (Remastered)","The Beach Boys","1963-03-25",149373,74,"false","204029","2019-06-29T06:41:05Z","baroque pop","Capitol Records",0.55,0.854,3,-5.968,1,0.036,0.661,0,0.112,0.965,159.231,4
"938","spotify:track:6aGjEZ7kq3YXgD0EDt80O5","Live While We're Young","Take Me Home: Yearbook Edition","One Direction","2012-11-09",200186,2,"false","204029","2019-06-29T06:42:03Z","","Syco Music UK",0.658,0.837,2,-2.063,1,0.0543,0.0629,0,0.0969,0.936,126.015,4
"939","spotify:track:0TK2YIli7K1leLovkQiNik","Señorita","Señorita","Shawn Mendes;Camila Cabello","2019-06-21",190960,81,"false","204029","2019-06-29T06:45:10Z","","Island Records",0.759,0.54,9,-6.039,0,0.0287,0.037,0,0.0945,0.75,116.947,4
"940","spotify:track:51Fjme0JiitpyXKuyQiCDo","Lalala","Lalala","Y2K;bbno$","2019-06-28",160626,73,"true","204029","2019-07-15T23:48:49Z","","Columbia",0.843,0.39,2,-7.899,1,0.0846,0.178,0,0.137,0.495,129.972,4
"941","spotify:track:11d9oUiwHuYt216EFA2tiz","Ice Ice Baby","To The Extreme","Vanilla Ice","1990-01-01",271466,70,"false","204029","2019-07-21T00:03:32Z","","SBK/EMI RECORDS",0.98,0.535,2,-16.035,1,0.058,0.027,1.68e-06,0.104,0.675,115.744,4
"942","spotify:track:6vBdBCoOhKHiYDDOcorfNo","Goodbyes (Feat. Young Thug)","Goodbyes (Feat. Young Thug)","Post Malone;Young Thug","2019-07-05",174960,2,"true","204029","2019-07-21T01:53:52Z","rap,melodic rap,trap","Republic Records",0.58,0.653,5,-3.818,1,0.0745,0.447,0,0.111,0.175,150.231,4
"943","spotify:track:52okn5MNA47tk87PeZJLEL","Let You Down","Perception","NF","2017-10-06",212120,80,"false","204029","2019-07-26T10:46:09Z","christian hip hop","NF Real Music",0.661,0.714,5,-5.68,0,0.121,0.314,0,0.179,0.464,147.998,4
"944","spotify:track:0S5otf3yhH2NIozxJPJTeV","Let's Get Ridiculous","Let's Get Ridiculous","Redfoo","2013-01-01",215573,57,"false","204029","2019-07-26T10:46:26Z","","Will I Am / A&M",0.654,0.938,5,-0.451,0,0.0721,0.149,0,0.0747,0.666,127.994,4
"945","spotify:track:3oEahTLa8DOXmE1N1WRYzt","Get Stupid","Get Stupid","Aston Merrygold ","2015-07-24",199728,43,"false","204029","2019-07-26T11:02:34Z","","LME Records Ltd",0.808,0.954,0,-1.576,1,0.0448,0.044,0.00025,0.202,0.91,120.027,4
"946","spotify:track:2Foc5Q5nqNiosCNqttzHof","Get Lucky (Radio Edit) [feat. Pharrell Williams and Nile Rodgers]","Get Lucky (Radio Edit) [feat. Pharrell Williams and Nile Rodgers]","Daft Punk;Pharrell Williams;Nile Rodgers","2013-04-19",247632,84,"false","204029","2019-08-15T06:36:06Z","french house,electronic,electro","Columbia",0.794,0.811,6,-8.966,0,0.038,0.0426,1.07e-06,0.101,0.862,116.047,4
"947","spotify:track:5kqIPrATaCc2LqxVWzQGbk","7 Years","Lukas Graham","Lukas Graham","2016-04-01",237300,87,"false","204029","2019-08-18T02:11:46Z","dansk pop","Warner Records",0.765,0.473,10,-5.829,1,0.0514,0.287,0,0.391,0.34,119.992,4
"948","spotify:track:0n4bITAu0Y0nigrz3MFJMb","Blurred Lines","Blurred Lines (Deluxe)","Robin Thicke;T.I.;Pharrell Williams","2013-01-01",263826,81,"true","204029","2019-08-27T21:53:14Z","southern hip hop","The Neptunes",0.853,0.599,7,-4.756,1,0.0411,0.00334,7.93e-06,0.0759,0.843,119.993,4
"949","spotify:track:47hs3xNT3iOGvgmC4eXBAi","Coming Home","Last Train To Paris (Deluxe)","Diddy - Dirty Money;Skylar Grey","2010-01-01",238760,0,"false","204029","2019-08-28T07:08:03Z","","Universal Music Group",0.353,0.815,7,-1.844,1,0.212,0.164,0,0.217,0.245,167.971,4
"950","spotify:track:0xCmwofyCiXdhoBsMSNj2w","Love Myself","Love Myself","Hailee Steinfeld","2015-08-07",218773,0,"false","204029","2019-08-28T07:11:30Z","","Universal Records",0.616,0.768,0,-6.714,0,0.0781,0.0032,0,0.427,0.322,122.91,4
"951","spotify:track:09Ye4UiReVCKbF2sXIZHGq","We Are Done","We Are Done","The Madden Brothers","2014-01-01",216467,0,"false","204029","2019-09-01T02:28:58Z","","EMI Recorded Music Australia Pty Ltd",0.78,0.706,1,-8.346,0,0.0321,0.139,0.000184,0.106,0.834,121.155,4
"952","spotify:track:6BLLQndvA0rLbLcIZmuuEJ","I Don't Wanna Be In Love (Dance Floor Anthem)","Good Morning Revival","Good Charlotte","2008-05-20",244000,58,"false","204029","2019-09-01T02:30:14Z","pop punk,punk,emo","Epic/Daylight",0.64,0.884,6,-2.609,1,0.0428,0.0226,0,0.187,0.573,124.968,4
"953","spotify:track:1w1LOtv2BM2C5pK4LG7SJ6","Lanterns","March Fires","Birds Of Tokyo","2013-01-01",262814,56,"false","204029","2019-09-01T02:31:12Z","","EMI Music Australia",0.404,0.654,0,-7.894,1,0.0399,0.246,0.049,0.137,0.312,168.428,4
"954","spotify:track:1j4kHkkpqZRBwE0A4CN4Yv","Dusk Till Dawn (feat. Sia) - Radio Edit","Dusk Till Dawn (feat. Sia) [Radio Edit]","ZAYN;Sia","2017-09-07",239000,73,"false","204029","2019-09-01T05:23:06Z","","RCA Records Label",0.259,0.437,11,-6.589,0,0.0386,0.102,1.32e-06,0.106,0.0951,180.042,4
"955","spotify:track:3yNZ5r3LKfdmjoS3gkhUCT","bad guy (with Justin Bieber)","bad guy (with Justin Bieber)","Billie Eilish;Justin Bieber","2019-07-11",194839,65,"false","204029","2019-09-01T05:29:04Z","","Darkroom/Interscope Records",0.67,0.453,0,-11.265,1,0.295,0.252,0.33,0.117,0.68,135.055,4
"956","spotify:track:0IKK48xF4eEdfofyaeKWWO","PILLOWTALK","PILLOWTALK","ZAYN","2016-01-29",203686,66,"true","204029","2019-09-01T05:54:52Z","","RCA Records Label",0.588,0.702,11,-4.271,1,0.0496,0.104,0,0.089,0.429,124.909,4
"957","spotify:track:0cj2joJcY6b4XSRfj2eZOl","When We Were Young","25","Adele","2015-11-20",290900,1,"false","204029","2019-09-08T11:05:30Z","soft pop","XL Recordings",0.377,0.595,3,-5.936,1,0.0489,0.303,0,0.095,0.264,144.464,4
"958","spotify:track:6fTt0CH2t0mdeB2N9XFG5r","Panini","7","Lil Nas X","2019-06-21",114893,68,"false","204029","2019-09-08T11:20:02Z","","Columbia",0.703,0.594,5,-6.146,0,0.0752,0.342,0,0.123,0.475,153.848,4
"959","spotify:track:0dXNQ8dckG4eYfEtq9zcva","All Night","Night & Day (Night Edition)","The Vamps;Matoma","2017-07-14",197640,71,"false","204029","2019-09-11T11:04:47Z","tropical house","EMI",0.538,0.804,8,-5.194,1,0.0358,0.0041,0,0.33,0.507,144.992,4
"960","spotify:track:5fsQSDifYpjfbCqvZKPVBj","She's Kinda Hot","Sounds Good Feels Good (Deluxe)","5 Seconds of Summer","2015-10-23",216454,71,"false","204029","2019-09-11T11:05:14Z","","Capitol",0.665,0.909,4,-4.806,1,0.0316,0.00185,0,0.109,0.891,118.03,4
"961","spotify:track:0d5f6gzzW1Pgx9uJsLrSDP","Bom Bom - Radio Edit","Bom Bom","Sam And The Womp","2012-08-17",174033,57,"false","204029","2019-09-11T20:46:52Z","","Big Beat Records/Atlantic",0.755,0.925,0,-3.977,1,0.257,0.0213,3.32e-05,0.101,0.804,125.06,4
"962","spotify:track:1WC5UN1U79gJlxGLYDGIO7","Green Light","Green Light","Lorde","2017-03-02",234661,0,"false","204029","2019-09-11T20:47:21Z","","Universal Music Group",0.61,0.712,9,-7.808,1,0.0776,0.0147,1.12e-05,0.0843,0.283,128.921,4
"963","spotify:track:3jpOkN33nyHtSU4KrcBraq","Shut Up And Drive","Wild Child OST","Rihanna","2008-01-01",213160,18,"false","204029","2019-09-12T06:56:23Z","","Polydor Records",0.739,0.81,1,-5.832,1,0.035,0.000968,0.102,0.337,0.745,132.994,4
"964","spotify:track:0NYJUJaDCvrkMQQt4WSrVU","This Mountain","This Mountain","Faouzia","2018-10-05",142259,60,"false","204029","2019-09-17T08:39:51Z","","Faouzia Music 2018",0.675,0.93,11,-3.131,0,0.069,0.215,0,0.0638,0.595,129.965,4
"965","spotify:track:6PFyGdWw0qnstR8KJAWrrr","Afterlife","Afterlife (Dickinson)","Hailee Steinfeld","2019-09-19",209200,59,"false","204029","2019-09-19T22:02:29Z","","Republic Records",0.673,0.61,1,-4.73,0,0.0356,0.00662,0,0.0572,0.343,122.063,4
"966","spotify:track:6YwLgicpvVuMt1eE2OldwQ","Five More Hours","Five More Hours","Deorro;Chris Brown","2015-03-03",211975,69,"false","204029","2019-09-19T22:26:53Z","melbourne bounce,electro house,r&b","Ultra Records, LLC",0.699,0.883,5,-3.226,0,0.219,0.0288,0,0.817,0.499,127.961,4
"967","spotify:track:7ElF5zxOwYP4qVSWVvse3W","Break Your Heart","The Rokstarr Hits Collection","Taio Cruz","2010-01-01",201546,72,"false","204029","2019-09-20T08:52:48Z","","Universal-Island Records Ltd.",0.607,0.934,3,-4.217,1,0.0314,0.0328,0,0.0906,0.568,122.003,4
"968","spotify:track:2fQxE0jVrjNMT9oJAXtSJR","Domino","Who You Are (Platinum Edition)","Jessie J","2011-01-01",231840,80,"false","204029","2019-09-20T08:58:38Z","","Lava Music/Republic Records",0.758,0.557,7,-4.568,1,0.034,0.0117,0,0.0418,0.781,126.986,4
"969","spotify:track:4fIWvT19w9PR0VVBuPYpWA","Haven't Met You Yet","Crazy Love","Michael Bublé","2009-10-06",244586,73,"false","204029","2019-09-20T09:01:41Z","christmas","143/Reprise",0.615,0.733,8,-4.808,1,0.0335,0.152,0,0.109,0.796,122.58,4
"970","spotify:track:0u2P5u6lvoDfwTYjAADbn4","lovely (with Khalid)","lovely (with Khalid)","Billie Eilish;Khalid","2018-04-19",200185,89,"false","204029","2019-09-27T00:40:15Z","","Darkroom",0.351,0.296,4,-10.109,0,0.0333,0.934,0,0.095,0.12,115.284,4
"971","spotify:track:2IZZqH4K02UIYg5EohpNHF","Zombie","No Need To Argue","The Cranberries","1994-10-03",306426,9,"false","204029","2019-09-30T10:03:00Z","","Island Records",0.307,0.635,7,-8.957,1,0.0339,0.0154,0.00483,0.366,0.304,166.973,4
"972","spotify:track:6v4F5IaKUITBPzt2wztoiZ","Never Forget You","So Good","Zara Larsson;MNEK","2017-03-17",212574,64,"false","204029","2019-10-04T22:24:13Z","","Epic/Record Company TEN",0.583,0.732,11,-5.729,0,0.0459,0.00315,9.57e-06,0.269,0.277,146.005,4
"973","spotify:track:37Q5anxoGWYdRsyeXkkNoI","Heaven Is A Place On Earth","Greatest Vol.1 - Belinda Carlisle","Belinda Carlisle","1987",246520,12,"false","204029","2019-10-04T22:45:07Z","","Crimson",0.64,0.852,1,-8.119,0,0.0345,0.0243,1.82e-06,0.0497,0.793,122.902,4
"974","spotify:track:2Zg0aB5oVQlbQE1vzQmIIY","Hurt Somebody","Busyhead","Noah Kahan;Julia Michaels","2019-06-14",167106,67,"false","204029","2019-10-07T01:59:36Z","","Republic Records",0.638,0.51,1,-6.485,1,0.305,0.344,0,0.212,0.448,114.576,4
"975","spotify:track:3QTDzwSkRW04FVPo6COm0H","You're Such A","HAIZ","Hailee Steinfeld","2016-02-26",216333,58,"false","204029","2019-10-15T06:55:40Z","","Universal Records",0.62,0.696,11,-6.323,1,0.0997,0.00798,1e-06,0.113,0.705,176.028,4
"976","spotify:track:2qxaR31Te4xDR2yO6LqM8z","Rock Bottom","HAIZ","Hailee Steinfeld;DNCE","2016-02-26",198240,65,"false","204029","2019-10-15T06:55:53Z","","Universal Records",0.611,0.706,8,-5.036,1,0.0603,0.313,0,0.053,0.724,157.968,4
"977","spotify:track:1Ser4X0TKttOvo8bgdytTP","Come Get Her","SremmLife","Rae Sremmurd","2015-01-06",212946,77,"true","204029","2019-10-17T10:21:32Z","","Mike WiLL Made-It",0.689,0.564,2,-6.226,1,0.14,0.19,0,0.0721,0.122,185.03,4
"978","spotify:track:2tnVG71enUj33Ic2nFN6kZ","Ride It","Ride It","Regard","2019-07-26",157605,79,"false","204029","2019-10-19T10:53:41Z","","Ministry of Sound Recordings",0.88,0.751,7,-4.258,0,0.0874,0.177,6.43e-05,0.106,0.884,117.948,4
"979","spotify:track:2jiPHbFX5XM8TjaTfYJ0eo","Stolen Dance","Sadnecessary","Milky Chance","2013-05-31",313684,5,"false","204029","2019-10-19T10:55:13Z","","Lichtdicht Records",0.885,0.581,11,-8.813,1,0.0378,0.427,0.000204,0.0759,0.728,114.016,4
"980","spotify:track:5619Ojc6t9evEEs3B7Drhe","Shake It","Metro Station","Metro Station","2007-09-18",179946,73,"false","204029","2019-10-22T11:03:42Z","","Red Ink",0.618,0.955,4,-3.836,1,0.0798,0.00221,3.09e-06,0.486,0.79,150.034,4
"981","spotify:track:7aiClxsDWFRQ0Kzk5KI5ku","hot girl bummer","hot girl bummer","blackbear","2019-08-23",185093,4,"true","204029","2019-10-27T03:42:18Z","","Beartrap/ Alamo/ Interscope Records",0.778,0.559,6,-7.109,0,0.0776,0.128,0,0.399,0.678,129.989,1
"982","spotify:track:0xpEgKosAcAsNHbqOq5bo7","What You've Done to Me","Samantha Jade","Samantha Jade","2012-12-07",209276,46,"false","204029","2019-10-27T03:43:25Z","","Sony Music Entertainment",0.646,0.757,2,-3.927,1,0.0326,0.00389,1.17e-06,0.11,0.375,127.541,4
"983","spotify:track:7Ie9W94M7OjPoZVV216Xus","Not Afraid","Recovery","Eminem","2010-06-18",248133,82,"true","204029","2019-10-29T09:27:06Z","rap,hip hop","Eminem Catalog PS",0.855,0.954,0,-1.19,0,0.264,0.529,0,0.205,0.668,114.635,5
"984","spotify:track:3HNTLCpAGnizbyJmk7466r","Never Let Me Go","Ceremonials (Original Deluxe Version)","Florence + The Machine","2011-01-01",270973,72,"false","204029","2019-10-30T21:45:38Z","baroque pop","Universal-Island Records Ltd.",0.478,0.735,9,-3.212,1,0.0372,0.299,1.94e-06,0.381,0.246,144.727,4
"985","spotify:track:3fbNKNZLuH8ZStxcVVeORs","Beggin'","Contraband","Madcon","2011-05-09",217573,0,"true","204029","2019-11-02T02:03:55Z","norwegian hip hop","Jive Epic",0.716,0.796,4,-4.811,0,0.068,0.0296,0,0.0624,0.392,129.038,4
"986","spotify:track:1nrsFfACPG4Hnw5AuOpCND","Smack a Bitch","Smack a Bitch","Rico Nasty","2018-01-17",138352,54,"true","204029","2019-11-04T10:41:11Z","","Sugar Trap",0.703,0.7,2,-2.417,1,0.221,0.0055,0,0.115,0.34,169.861,4
"987","spotify:track:37s8uwIjw72XfMseKJXNOO","Rockefeller Street (New Nightcore) [#Rockefellerstreet Remix]","Rockefeller Street (New Nightcore) [#Rockefellerstreet Remix]","Getter Jaani","2018-12-14",155008,67,"false","204029","2019-11-07T21:43:15Z","nightcore","Moonwalk",0.659,0.936,2,-3.519,1,0.0606,0.283,0.0207,0.192,0.884,161.983,4
"988","spotify:track:1NDxZ7cFAo481dtYWdrUnR","Pretty Girl - Cheat Codes X CADE Remix","Pretty Girl (Cheat Codes X CADE Remix)","Maggie Lindemann;Cheat Codes;CADE","2017-03-02",193613,70,"true","204029","2019-11-07T21:43:26Z","","300 Entertainment",0.703,0.868,7,-4.661,0,0.0291,0.15,0.132,0.104,0.733,121.03,4
"989","spotify:track:3nnG7AM9QopHVPEuLX3Khk","Let It Go","Chaos And The Calm","James Bay","2015-03-20",260532,72,"false","204029","2019-11-14T09:43:50Z","","Mercury Records/Republic Owned",0.536,0.311,1,-10.396,1,0.0288,0.82,1.65e-05,0.107,0.246,147.486,4
"990","spotify:track:7CHi4DtfK4heMlQaudCuHK","Lose Control","Lose Control","MEDUZA;Becky Hill;Goodboys","2019-10-11",168387,73,"false","204029","2019-11-14T09:52:29Z","","Intercord",0.598,0.527,10,-8.659,0,0.0415,0.129,0,0.14,0.53,123.943,4
"991","spotify:track:02VHspkXhhH1QCInRWWIfr","Catching Feelings (feat. Six60)","Catching Feelings (feat. Six60)","Drax Project;SIX60","2019-09-04",218854,45,"false","204029","2019-11-14T09:52:50Z","nz reggae","EMI Recorded Music Australia Pty Ltd (Distribution)",0.397,0.524,3,-5.846,1,0.103,0.607,0,0.157,0.343,175.562,4
"992","spotify:track:02gj0J38nzyO9lNi9mzi3A","Power (feat. Stormzy)","Glory Days: The Platinum Edition","Little Mix;Stormzy","2017-11-24",242293,2,"false","204029","2019-11-21T08:33:14Z","grime,uk grime,uk drill","Syco Music",0.586,0.865,7,-4.092,1,0.319,0.0345,5.55e-06,0.165,0.468,172.917,4
"993","spotify:track:1pwo8l3Ko7idwaz4LVUEC4","Shout Out to My Ex","Glory Days: The Platinum Edition","Little Mix","2017-11-24",246240,1,"false","204029","2019-11-21T08:33:19Z","","Syco Music",0.773,0.747,5,-4.061,1,0.0889,0.0239,8.23e-06,0.11,0.8,126.014,4
"994","spotify:track:2KV6j7i6JUPQY3PS6aNvMg","How It’s Done (with Kim Petras, ALMA, Stefflon Don)","Charlie's Angels (Original Motion Picture Soundtrack)","Kash Doll;Kim Petras;ALMA;Stefflon Don","2019-11-01",182533,45,"false","204029","2019-11-26T09:57:52Z","dancehall","Silver Cloud/Charlie's Angels",0.723,0.924,10,-5.669,0,0.0559,0.00269,0.00248,0.0817,0.58,122.004,4
"995","spotify:track:7fBv7CLKzipRk6EC6TWHOB","The Hills","Beauty Behind The Madness","The Weeknd","2015-08-28",242253,89,"true","204029","2019-11-30T21:13:55Z","","The Weeknd/Lyric",0.585,0.564,0,-7.063,0,0.0515,0.0671,0,0.135,0.137,113.003,4
"996","spotify:track:7y2YUIyCuVhBidENVT0068","Love Me Like You Do - From ""Fifty Shades Of Grey""","Love Me Like You Do (From ""Fifty Shades Of Grey"")","Ellie Goulding","2015-01-07",252538,2,"false","204029","2019-12-04T07:59:53Z","","Universal Music Group",0.258,0.631,5,-6.617,0,0.0541,0.281,0,0.127,0.266,189.583,4
"997","spotify:track:7oGZAicScQt96OAW4AruYy","Want to Want Me","Everything Is 4","Jason Derulo","2015-05-29",207719,75,"false","204029","2019-12-04T08:00:17Z","","Beluga Heights/Warner Records",0.775,0.68,0,-5.508,0,0.0629,0.00906,0,0.109,0.656,114.025,4
"998","spotify:track:7x5xYW5W42OGPAdHUyyguy","Locked Away (feat. Adam Levine)","What Dreams Are Made Of","R. City;Adam Levine","2015-10-09",227475,85,"false","204029","2019-12-04T08:01:04Z","","Kemosabe Records/RCA Records",0.509,0.671,1,-5.709,1,0.0678,0.304,0,0.0452,0.55,118.413,5
"999","spotify:track:3s4U7OHV7gnj42VV72eSZ6","Rather Be (feat. Jess Glynne)","Rather Be (feat. Jess Glynne)","Clean Bandit;Jess Glynne","2014-01-17",227833,78,"false","204029","2019-12-04T08:02:45Z","","Atlantic Records",0.799,0.586,11,-6.735,1,0.0377,0.162,2.03e-06,0.193,0.549,120.97,4
"1000","spotify:track:13P5rwmk2EsoFRIz9UCeh9","Cool Kids","Talking Dreams (Deluxe Edition)","Echosmith","2013-10-04",237626,74,"false","204029","2019-12-04T08:02:50Z","","Warner Records",0.719,0.671,8,-6.279,1,0.0336,0.0372,8.21e-06,0.12,0.786,130.027,4
"1001","spotify:track:2rJojRundKuKFgbvmCAYva","Me And My Broken Heart","Me And My Broken Heart","Rixton","2014-01-01",193826,1,"false","204029","2019-12-04T08:03:06Z","","Universal Music Group",0.545,0.775,5,-4.325,0,0.0349,0.00636,0,0.192,0.516,174.086,4
"1002","spotify:track:6Gg1gjgKi2AK4e0qzsR7sd","Bandit (with YoungBoy Never Broke Again)","Bandit (with YoungBoy Never Broke Again)","Juice WRLD;YoungBoy Never Broke Again","2019-10-04",189322,70,"true","204029","2020-01-02T05:42:44Z","melodic rap,emo rap","Grade A Productions/Interscope Records",0.474,0.631,5,-5.884,0,0.343,0.0687,0,0.132,0.425,180.051,4
"1003","spotify:track:7MJQ9Nfxzh8LPZ9e9u68Fq","Lose Yourself","SHADYXV","Eminem","2014-11-24",320626,71,"true","204029","2020-01-21T00:07:41Z","rap,hip hop","Shady Records",0.689,0.735,2,-4.545,1,0.267,0.00922,0.00072,0.365,0.059,171.403,4
"1004","spotify:track:2VEsmoek0sol9MnJFyoG9e","Burnin' Up","A Little Bit Longer","Jonas Brothers","2008-08-12",175093,5,"false","204029","2020-02-16T21:45:27Z","","Republic Records",0.667,0.954,2,-3.462,1,0.0817,0.0296,0,0.331,0.807,114.03,4
"1005","spotify:track:3ZxC6Q9cfyXEavGqZM7SME","Mr Saxobeat","Saxobeats","Alexandra Stan","2011",195105,0,"false","204029","2020-02-19T11:17:07Z","europop","Central Station Records",0.733,0.931,11,-4.152,0,0.0465,0.022,0.000303,0.141,0.797,126.972,4
"1006","spotify:track:7o7E1nrHWncYY7PY94gCiX","Video Killed The Radio Star","The Age Of Plastic","The Buggles","1980-01-10",252773,76,"false","204029","2020-03-02T21:50:05Z","","Universal-Island Records Ltd.",0.682,0.679,1,-11.548,1,0.0755,0.103,0.00831,0.204,0.251,131.157,4
"1007","spotify:track:6ap9lSRJ0iLriGLqoJ44cq","CITY OF ANGELS","DROPPED OUTTA COLLEGE","24kGoldn","2019-11-22",112493,72,"false","204029","2020-03-17T11:33:44Z","","Records/Columbia",0.686,0.541,0,-4.993,0,0.0493,0.042,0,0.0675,0.724,120.082,4
"1008","spotify:track:1Vv0MPcooEoQzVZYfKMgKW","Ugly Heart","Ugly Heart","G.R.L.","2014-06-03",199580,67,"false","204029","2020-03-18T09:18:19Z","","Kemosabe Records/RCA Records",0.649,0.79,9,-5.529,1,0.0482,0.0167,0,0.255,0.458,124.993,4
"1009","spotify:track:7mlGufYKRiJEO2dglocn6o","Who's That Girl (feat. Eve)","Twenty Ten","Guy Sebastian;Eve","2010-11-22",220440,61,"false","204029","2020-03-18T09:18:28Z","","Sony Music Entertainment",0.774,0.85,0,-4.436,1,0.0326,0.0837,0,0.193,0.53,127.031,4
"1010","spotify:track:0WCiI0ddWiu5F2kSHgfw5S","Take It Off","Animal (Expanded Edition)","Kesha","2010-01-01",215200,78,"false","204029","2020-03-21T23:46:06Z","","RCA Records Label",0.729,0.675,5,-5.292,0,0.0286,4.14e-05,0.00126,0.0867,0.74,125.036,4
"1011","spotify:track:3qGDwGqdyFq3faUU4BmhdY","Genius","Mountains","Sia;Diplo;Labrinth;LSD","2018-11-01",213040,0,"false","204029","2020-03-28T01:44:07Z","moombahton,dance pop","Records/Columbia",0.622,0.621,11,-4.924,0,0.129,0.0864,9.8e-05,0.121,0.567,158.946,4
"1012","spotify:track:0GO8y8jQk1PkHzS31d699N","Tongue Tied","Never Trust a Happy Song","GROUPLOVE","2011-09-02",218013,85,"false","204029","2020-04-10T21:59:34Z","indie","Canvasback/ATL",0.56,0.936,3,-5.835,1,0.0439,0.00847,0,0.161,0.371,112.96,4
"1013","spotify:track:5vjLSffimiIP26QG5WcN2K","Hold On","Hold On","Chord Overstreet","2017-02-03",198853,80,"false","204029","2020-05-15T10:25:38Z","","Safehouse Records / Island Records",0.618,0.443,2,-9.681,1,0.0526,0.469,0,0.0829,0.167,119.949,4
"1014","spotify:track:3PfIrDoz19wz7qK7tYeu62","Don't Start Now","Future Nostalgia","Dua Lipa","2020-03-27",183290,85,"false","204029","2020-05-17T03:07:44Z","pop","Warner Records",0.793,0.793,11,-4.521,0,0.083,0.0123,0,0.0951,0.679,123.95,4
"1015","spotify:track:017PF4Q3l4DBUiWoXk4OWT","Break My Heart","Future Nostalgia","Dua Lipa","2020-03-27",221820,84,"false","204029","2020-05-17T03:07:52Z","pop","Warner Records",0.73,0.729,4,-3.434,0,0.0884,0.167,1.39e-06,0.349,0.467,113.011,4
"1016","spotify:track:2ekn2ttSfGqwhhate0LSR0","New Rules","Dua Lipa (Deluxe)","Dua Lipa","2017-06-02",209320,79,"false","204029","2020-06-06T00:32:31Z","pop","Warner Records",0.762,0.7,9,-6.021,0,0.0694,0.00261,1.56e-05,0.153,0.608,116.073,4
"1017","spotify:track:2NniAhAtkRACaMeYt48xlD","50 Ways to Say Goodbye","California 37","Train","2012-04-17",247946,74,"false","204029","2020-06-07T01:03:30Z","soft pop","Columbia",0.591,0.935,6,-2.664,1,0.0478,0.000284,0.000278,0.142,0.736,140.043,4
"1018","spotify:track:2RlgNHKcydI9sayD2Df2xp","Mr. Blue Sky","Out of the Blue","Electric Light Orchestra","1977",303820,86,"false","204029","2020-06-14T01:39:08Z","art rock,soft rock","Epic/Legacy",0.388,0.338,10,-10.054,1,0.0329,0.652,3.73e-06,0.248,0.478,177.765,4
"1019","spotify:track:2kqAtjOtQPAR0OiYUJR43k","Can We Dance","Meet The Vamps","The Vamps","2014-01-01",192710,65,"false","204029","2020-06-14T03:54:22Z","","EMI",0.643,0.82,1,-4.729,0,0.0463,0.00307,0,0.189,0.583,130.135,4
"1020","spotify:track:6RjW45KHJ6kgI2xQ1aFa52","Acapella","Pulses","Karmin","2014-03-21",198903,65,"false","204029","2020-06-14T03:54:35Z","","Epic",0.667,0.619,2,-4.933,1,0.151,0.126,0,0.101,0.427,169.865,4
"1021","spotify:track:3bidbhpOYeV4knp8AIu8Xn","Can't Hold Us (feat. Ray Dalton)","The Heist","Macklemore;Ryan Lewis;Macklemore & Ryan Lewis;Ray Dalton","2012-10-09",258342,82,"false","204029","2020-06-14T03:54:48Z","","Macklemore",0.641,0.922,2,-4.457,1,0.0786,0.0291,0,0.0862,0.847,146.078,4
"1022","spotify:track:7v33UbKu652ZEA3xJjFdFf","Acropolis","ELEVEN FIRE CRACKERS","ELLEGARDEN","2006-11-08",184626,34,"false","204029","2020-06-25T02:57:00Z","melodic hardcore,j-rock,j-pop","Dynamord Label",0.195,0.897,5,-1.867,1,0.111,6.98e-05,2.29e-05,0.0427,0.275,178.155,4
"1023","spotify:track:6cjSh516BbrNUs213jDAGm","Graduation (with Juice WRLD)","Graduation (with Juice WRLD)","benny blanco;Juice WRLD","2019-08-30",177847,64,"true","204029","2020-06-28T02:53:36Z","melodic rap,emo rap","Friends Keep Secrets, under exclusive license to Interscope Records",0.731,0.65,0,-5.286,1,0.271,0.107,0,0.124,0.605,154.968,4
"1024","spotify:track:0bNKoOshkbM0HmS3KXeM89","Borrow My Heart","Taylor Henderson","Taylor Henderson","2013-12-02",213524,40,"false","204029","2020-07-18T22:48:27Z","","Sony Music Entertainment",0.571,0.714,11,-5.005,1,0.0303,0.08,0,0.478,0.741,122.955,4
"1025","spotify:track:3JvKfv6T31zO0ini8iNItO","Another Love","Long Way Down (Deluxe)","Tom Odell","2013-06-24",244360,90,"true","204029","2020-07-26T02:26:03Z","","ITNO/Columbia",0.445,0.537,4,-8.532,0,0.04,0.695,1.65e-05,0.0944,0.131,122.769,4
"1026","spotify:track:1XGmzt0PVuFgQYYnV2It7A","Payphone","Overexposed Track By Track","Maroon 5;Wiz Khalifa","2012-01-01",231173,90,"true","204029","2020-07-29T22:02:12Z","pop","Interscope Records*",0.743,0.752,4,-4.813,1,0.0414,0.0188,0,0.287,0.545,110.015,4
"1027","spotify:track:0TfvkExNBkUhEkWwGMz71I","God Only Knows","MKTO","MKTO","2012",195840,40,"false","204029","2020-08-05T07:10:07Z","","Columbia/M2V",0.65,0.745,4,-3.969,1,0.028,0.0276,1.11e-06,0.206,0.649,114.974,4
"1028","spotify:track:0ccwMrlZONy5yXrirq7lTe","La Da Dee","Surfers Paradise (Expanded)","Cody Simpson","2013-07-23",196786,68,"false","204029","2020-08-05T07:10:28Z","","Warner Music Group - X5 Music Group",0.657,0.828,5,-5.544,1,0.0728,0.00847,0,0.326,0.566,115.954,4
"1029","spotify:track:2NeyJbL3ROKCjRkAjs77ya","Ashes","Ashes","Stellar","2020-05-03",166355,0,"true","204029","2020-08-05T22:11:05Z","","Greater Boston Records",0.712,0.568,5,-7.864,0,0.0546,0.0947,0,0.169,0.46,130.019,4
"1030","spotify:track:6IGA5YrFiEr5ANrMqKkR6H","Good Grief","Wild World","Bastille","2016-09-09",206493,68,"false","204029","2020-08-11T06:35:52Z","","EMI (Virgin)",0.731,0.758,1,-4.888,1,0.065,0.143,0,0.311,0.88,120.041,4
"1031","spotify:track:0VjIjW4GlUZAMYd2vXMi3b","Blinding Lights","After Hours","The Weeknd","2020-03-20",200040,92,"false","204029","2020-08-13T10:56:13Z","","Republic Records",0.513,0.73,1,-5.94,1,0.0598,0.00143,9.54e-05,0.0897,0.334,171.001,4
"1032","spotify:track:5RmIP2OglmIOvsOxrE43Xw","American Dream","MKTO","MKTO","2012",225746,46,"false","204029","2020-08-14T05:30:09Z","","Columbia/M2V",0.556,0.764,0,-5.054,1,0.0503,0.115,0,0.203,0.465,122.84,4
"1033","spotify:track:1AM8QdDFZMq6SrrqUnuQ9P","Feeling Good","It's Time","Michael Bublé","2005-02-08",237333,74,"false","204029","2020-08-14T21:33:24Z","christmas","143/Reprise",0.535,0.548,1,-6.51,1,0.037,0.533,1.48e-06,0.123,0.477,115.144,3
"1034","spotify:track:57bgtoPSgt236HzfBOd8kj","Thunderstruck","The Razors Edge","AC/DC","1990-09-24",292333,90,"false","204029","2020-08-14T21:34:23Z","rock,hard rock,classic rock,rock and roll","Columbia",0.502,0.89,4,-5.175,1,0.0364,0.000147,0.0117,0.217,0.259,133.52,4
"1035","spotify:track:1pKeFVVUOPjFsOABub0OaV","Side To Side","Dangerous Woman","Ariana Grande;Nicki Minaj","2016-05-20",226160,5,"true","204029","2020-08-16T02:46:16Z","pop","Universal Records",0.65,0.736,6,-5.84,0,0.229,0.0528,0,0.235,0.613,159.173,4
"1036","spotify:track:40YcuQysJ0KlGQTeGUosTC","Me, Myself & I","When It's Dark Out","G-Eazy;Bebe Rexha","2015-12-04",251465,85,"true","204029","2020-08-16T02:50:56Z","","BPG/RVG/RCA Records",0.756,0.674,0,-6.518,0,0.0959,0.0184,0,0.158,0.389,111.995,4
"1037","spotify:track:5W04joH7VXgHjdNugoWmOB","Little Wonders - Radio Version","Little Wonders","Rob Thomas","2007-04-07",225506,58,"false","204029","2020-08-19T22:12:00Z","","Melisma/Atlantic Records",0.268,0.765,9,-4.891,1,0.0419,0.0298,0,0.0852,0.262,167.22,4
"1038","spotify:track:0BAVZv9yFpfHWWZY7XeWxx","Believe","Descendants (Original TV Movie Soundtrack)","Shawn Mendes","2015-01-01",208853,50,"false","204029","2020-08-20T10:19:54Z","","Walt Disney Records",0.813,0.668,0,-5.585,1,0.0657,0.183,0,0.0683,0.785,117.006,4
"1039","spotify:track:2Zukohv1kW91bY2OUIXSct","Something Big","Handwritten (Deluxe)","Shawn Mendes","2015-04-13",161440,0,"false","204029","2020-08-20T10:42:18Z","","Island Records",0.695,0.854,7,-3.891,0,0.0431,0.00614,0,0.158,0.804,112.008,4
"1040","spotify:track:48RrDBpOSSl1aLVCalGl5C","The Monster","The Marshall Mathers LP2","Eminem;Rihanna","2013-11-05",250188,86,"true","204029","2020-08-22T08:20:14Z","rap,hip hop","Eminem Catalog PS",0.781,0.853,1,-3.68,0,0.0714,0.0526,0,0.12,0.626,110.046,4
"1041","spotify:track:61YzdCCBPM5Pc7lIiD5i8C","Bang Bang","Troubadour","K'NAAN;Adam Levine","2009",186533,80,"true","204029","2020-09-11T08:37:55Z","","Interscope Records*",0.623,0.901,10,-4.402,0,0.182,0.0785,0,0.0251,0.896,179.985,4
"1042","spotify:track:63vL5oxWrlvaJ0ayNaQnbX","Istanbul (Not Constantinople)","Flood","They Might Be Giants","1990-01-02",153813,66,"false","204029","2020-09-19T10:45:19Z","","Rhino",0.688,0.748,5,-9.39,0,0.0377,0.0801,0.00453,0.136,0.892,114.144,4
"1043","spotify:track:2kqZhIdZ3hA26tgx8ag6hK","Kill Of The Night","Gravel & Wine","Gin Wigmore","2011-01-01",205320,43,"false","204029","2020-09-20T01:42:22Z","","Universal Music Australia Pty. Ltd.",0.511,0.71,0,-5.669,1,0.0495,0.00905,0.000263,0.349,0.488,126.151,4
"1044","spotify:track:4ECvB9frSDegHfKNRh9dwT","4ever","The Secret Life Of...","The Veronicas","2005-10-10",208973,55,"false","204029","2020-10-03T23:35:33Z","","Sire/Warner Records",0.581,0.857,5,-2.21,0,0.0627,0.00168,0.000166,0.0967,0.565,145.941,4
"1045","spotify:track:664gdARxaClFsoF5SXKOws","Here","Know-It-All (Deluxe)","Alessia Cara","2016-03-11",199453,74,"false","204029","2020-10-07T06:16:15Z","","EP Entertainment, LLC / Def Jam",0.376,0.822,0,-3.974,1,0.104,0.0783,0,0.0841,0.327,120.498,4
"1046","spotify:track:61dCUoMCg28qEBzrW6htYM","Rather Be (feat. Jess Glynne)","New Eyes","Clean Bandit;Jess Glynne","2014-05-09",227833,84,"false","204029","2020-10-07T06:47:00Z","","Atlantic Records UK",0.799,0.586,11,-6.735,1,0.0377,0.162,2.03e-06,0.193,0.549,120.97,4
"1047","spotify:track:0AUyNF6iFxMNQsNx2nhtrw","Blood // Water","Blood // Water","grandson","2018-05-04",216720,73,"false","204029","2020-10-15T21:47:26Z","","Atlantic Records",0.51,0.882,8,-5.659,0,0.159,0.00158,0.00206,0.0764,0.653,154.029,4
"1048","spotify:track:5zrvbvUB7T3d1mi69885VZ","Bang!","Bang!","AJR","2020-02-12",170858,0,"false","204029","2020-10-17T03:50:42Z","","Liberator Music",0.74,0.517,1,-6.233,0,0.0506,0.0183,0,0.0558,0.698,139.917,4
"1049","spotify:track:55qBw1900pZKfXJ6Q9A2Lc","Teenage Dream","Teenage Dream: The Complete Confection","Katy Perry","2012-03-12",227760,66,"false","204029","2020-10-22T05:44:35Z","pop","Capitol Records",0.719,0.804,10,-4.581,1,0.0355,0.0132,3.22e-06,0.139,0.605,119.999,4
"1050","spotify:track:1r299qCKBLgUS9XJ9m1kEx","Moves Like Jagger","Singles","Maroon 5;Christina Aguilera","2015-09-25",202640,73,"false","204029","2020-10-22T05:44:41Z","pop","Interscope Records*",0.72,0.751,11,-4.485,0,0.0461,0.0113,0,0.353,0.599,128.017,4
"1051","spotify:track:3JOVTQ5h8HGFnDdp4VT3MP","Mad World","Trading Snakeoil for Wolftickets","Gary Jules;Michael Andrews","2001-01-01",189506,71,"false","204029","2020-10-24T11:05:24Z","","Down Up Down Music",0.344,0.0585,3,-17.212,1,0.0373,0.976,0.000362,0.103,0.323,174.149,4
"1052","spotify:track:5i7ThJfYLAzp2DyZuFpF6j","Heart Of Glass (Live from the iHeart Festival)","Heart Of Glass / Midnight Sky","Miley Cyrus","2020-09-29",213671,2,"false","204029","2020-10-31T04:20:47Z","","RCA Records Label",0.58,0.908,4,-5.303,1,0.0341,0.000335,4.84e-05,0.087,0.427,115.016,4
"1053","spotify:track:0ARK753YaiJbpLUk7z5yIM","Dilemma","Nellyville","Nelly;Kelly Rowland","2002-06-25",289160,85,"true","204029","2020-10-31T04:26:26Z","","Motown",0.727,0.552,2,-8.074,0,0.14,0.226,0.00016,0.198,0.607,168.19,4
"1054","spotify:track:2FXORuBJ8gBDTOVjckYXdF","Remember Me This Way","Jordan Hill","Jordan Hill","1996-05-17",266906,54,"false","204029","2020-11-08T03:37:05Z","","Atlantic Records",0.471,0.405,0,-8.428,1,0.0286,0.613,0,0.271,0.228,121.492,4
"1055","spotify:track:2qpQvKdVtxgTRu4q6xXrL7","Campus","Vampire Weekend","Vampire Weekend","2008-01-27",176466,0,"false","204029","2020-11-27T22:52:13Z","indie,baroque pop","XL Recordings",0.637,0.704,7,-5.818,1,0.0658,0.22,0.0872,0.0849,0.645,162.959,4
"1056","spotify:track:4OVFkPYP6T8IARtkeMsx3p","Thank You","MKTO","MKTO","2014",229880,0,"false","204029","2020-12-09T04:59:38Z","","Columbia/M2V",0.65,0.943,11,-4.751,1,0.0692,0.0171,0,0.15,0.8,126.008,4
"1057","spotify:track:3U1TuSqHIubBA10cVP7Sk6","I Think I'm In Love","My Garden","Kat Dahlia","2015-01-09",202666,70,"true","204029","2020-12-16T08:52:36Z","","Epic/Vested In Culture",0.632,0.638,7,-6.731,1,0.0505,0.137,0,0.125,0.574,121.868,3
"1058","spotify:track:6I3KeXBT0E9MoMqYz8srVq","White Walls (feat. ScHoolboy Q & Hollis)","The Heist","Macklemore & Ryan Lewis;Hollis;ScHoolboy Q","2012-10-10",220319,2,"true","204029","2021-01-01T02:54:49Z","","Macklemore",0.767,0.782,7,-5.545,1,0.14,0.0541,0,0.338,0.827,116.491,4
"1059","spotify:track:37sINbJZcFdHFAsVNsPq1i","Superheroes","No Sound Without Silence","The Script","2014-09-15",245466,78,"false","204029","2021-01-16T06:51:28Z","","Columbia",0.49,0.885,3,-4.121,1,0.0396,0.00218,0,0.0741,0.64,166.996,4
"1060","spotify:track:0TCmhnbMpw5zwPsTvlXTJi","Runaway","All My Demons Greeting Me as a Friend (Deluxe)","AURORA","2014",248826,1,"false","204029","2021-01-27T07:39:07Z","norwegian pop,art pop","Glassnote Entertainment Group LLC",0.521,0.277,11,-10.34,1,0.0356,0.634,7.07e-05,0.103,0.13,115.01,4
"1061","spotify:track:2PIvq1pGrUjY007X5y1UpM","Earned It (Fifty Shades Of Grey) - From The ""Fifty Shades Of Grey"" Soundtrack","Earned It (Fifty Shades Of Grey) [From The ""Fifty Shades Of Grey"" Soundtrack]","The Weeknd","2014-12-23",252226,74,"false","204029","2021-02-09T22:26:02Z","","Fifty Shades of Grey",0.659,0.381,2,-5.922,0,0.0304,0.385,0,0.0972,0.426,119.844,3
"1062","spotify:track:11FvynPeozvRw769iN9kV7","Call Out My Name","The Highlights","The Weeknd","2021-02-05",228382,49,"false","204029","2021-02-09T22:26:19Z","","The Weeknd/Lyric",0.471,0.581,1,-5.195,1,0.0345,0.19,0,0.309,0.161,133.991,3
"1063","spotify:track:1OhyE4pJdNDLvBjJsc6mo3","Let Me Down Easy","Bombs Away","Sheppard","2014-07-11",227631,40,"false","204029","2021-02-14T00:32:04Z","","Empire Of Song",0.556,0.588,9,-6.274,1,0.0325,0.307,0,0.0956,0.298,144.979,4
"1064","spotify:track:48gAcPH3stFshFnGDvo6SQ","Keep On Movin'","Let's Dance","Five;Steve Mac","2001-01-16",197026,44,"false","204029","2021-03-03T21:58:21Z","","RCA Camden",0.74,0.852,7,-8.051,1,0.0328,0.0305,1.8e-06,0.0778,0.963,135.035,4
"1065","spotify:track:70OTIpw8x8UXUsuCHW9i1i","Drag Me Down","Drag Me Down","One Direction","2015-07-31",192106,0,"false","204029","2021-03-10T12:52:01Z","","Syco Music",0.723,0.711,0,-5.576,0,0.0378,0.0997,0,0.0528,0.606,138.098,4
"1066","spotify:track:0mtmrbRFsectINNpHdDkUQ","Just Imagine It","Bad Girls EP","MKTO","2015-07-24",250746,52,"false","204029","2021-03-10T12:52:12Z","","Columbia/M2V",0.699,0.761,10,-4.337,1,0.0457,0.0466,0,0.107,0.443,120.044,4
"1067","spotify:track:7BrsBU0BAytRDvROM4yCbn","Thunder","Evolve","Imagine Dragons","2017-06-23",187146,1,"false","204029","2021-03-10T12:52:15Z","","Kid Ina Korner / Interscope",0.601,0.809,0,-4.814,1,0.0441,0.00763,0.0757,0.145,0.249,167.96,4
"1068","spotify:track:3vaorwB6JOPAdvSiHSRQiZ","Stitches","Handwritten (Deluxe)","Shawn Mendes","2015-04-13",206880,1,"false","204029","2021-03-10T12:52:22Z","","Island Records",0.752,0.754,1,-6.684,1,0.0615,0.0151,0,0.0486,0.755,149.789,4
"1069","spotify:track:0KKkJNfGyhkQ5aFogxQAPU","That's What I Like","24K Magic","Bruno Mars","2016-11-18",206693,92,"false","204029","2021-03-10T12:52:31Z","","Atlantic Records",0.853,0.56,1,-4.961,1,0.0406,0.013,0,0.0944,0.86,134.066,4
"1070","spotify:track:42ydLwx4i5V49RXHOozJZq","Scars To Your Beautiful","Know-It-All (Deluxe)","Alessia Cara","2016-03-11",230226,74,"false","204029","2021-03-10T12:53:54Z","","EP Entertainment, LLC / Def Jam",0.319,0.739,0,-5.74,1,0.272,0.0285,0,0.111,0.449,194.169,4
"1071","spotify:track:58q2HKrzhC3ozto2nDdN4z","I Like It","Invasion of Privacy","Cardi B;Bad Bunny;J Balvin","2018-04-06",253390,83,"true","204029","2021-03-10T12:54:08Z","reggaeton,trap latino,latin,urbano latino","Atlantic/KSR",0.816,0.726,5,-3.998,0,0.129,0.099,0,0.372,0.65,136.048,4
"1072","spotify:track:5k5fWendNngd89O8JKoE8L","Better When I'm Dancin'","Better When I'm Dancin'","Meghan Trainor","2015-10-14",176251,71,"false","204029","2021-03-10T12:56:37Z","","Epic",0.756,0.789,2,-7.002,1,0.0324,0.53,0.000711,0.157,0.873,127.987,4
"1073","spotify:track:4Q99wmrzQFtK3oweyLkWij","Oh My Love","ATLAS (Deluxe)","The Score","2017-10-13",218133,54,"false","204029","2021-03-14T07:54:56Z","","Universal Records",0.564,0.919,7,-3.432,1,0.155,0.0278,0,0.251,0.733,149.02,4
"1074","spotify:track:7F1CiKqrY44kh5cDqwHOnx","Love Is Gone - Acoustic","Love Is Gone (Acoustic)","SLANDER;Dylan Matthew","2019-11-13",176971,78,"false","204029","2021-04-04T02:43:21Z","melodic bass,future bass,dubstep,edm","Gud Vibrations / Create Music Group Inc.",0.541,0.153,6,-10.654,1,0.0303,0.882,1.66e-06,0.16,0.359,139.644,4
"1075","spotify:track:3BZEcbdtXQSo7OrvKRJ6mb","MONTERO (Call Me By Your Name)","MONTERO (Call Me By Your Name)","Lil Nas X","2021-03-26",137875,3,"true","204029","2021-04-07T06:40:38Z","","Columbia",0.61,0.508,8,-6.682,0,0.152,0.297,0,0.384,0.758,178.818,4
"1076","spotify:track:0lffSVtReDXE3gRUZ2dt2F","Summertime Girls","Summertime Girls","Masketta Fall","2014-12-05",163848,27,"false","204029","2021-04-08T01:01:43Z","","Universal Music Australia Pty. Ltd.",0.543,0.952,3,-2.182,1,0.178,0.0173,0,0.23,0.962,194.125,4
"1077","spotify:track:4ZbxCqfuccVoNMUqlS4Vgt","Iris - Acoustic","Iris (Acoustic)","Adam Christopher","2019-03-25",184200,0,"false","204029","2021-04-25T06:02:21Z","acoustic pop","Tristar Records",0.589,0.249,2,-10.086,1,0.0329,0.717,0,0.106,0.363,150.096,3
"1078","spotify:track:4JE6agBLHGA5TaF6FlqfBD","As the World Caves In","As the World Caves In","Matt Maltese","2017-03-06",218754,70,"false","204029","2021-05-28T11:41:09Z","","Cafe Bleu Recordings",0.331,0.45,10,-5.362,1,0.034,0.365,0.00464,0.22,0.18,123.829,4
"1079","spotify:track:0mA7zotmg2ZFMRALljdZsS","Cloudy Day","Cloudy Day","Tones And I","2021-06-10",185303,55,"false","204029","2021-08-04T04:58:55Z","","Elektra (NEK)",0.705,0.776,4,-6.096,1,0.0445,0.0643,2.81e-06,0.0246,0.366,116.011,4
"1080","spotify:track:4pt5fDVTg5GhEvEtlz9dKk","I WANNA BE YOUR SLAVE","Teatro d'ira - Vol. I","Måneskin","2021-03-19",173346,86,"true","204029","2021-08-04T04:59:15Z","","RCA Records Label",0.75,0.608,1,-4.008,1,0.0387,0.00165,0,0.178,0.958,132.507,4
"1081","spotify:track:3qI94hINNNeb4S7xQi18lS","Blame It on the Boogie","Destiny","The Jacksons","1978-12-17",215319,81,"false","204029","2021-08-05T06:53:10Z","disco,motown,philly soul","Epic",0.774,0.641,1,-10.193,1,0.0799,0.0765,0,0.0867,0.875,113.256,4
"1082","spotify:track:0zMzyHAeMvwq5CRstru1Fp","Lost Boy","Safe Haven","Ruth B.","2017-05-05",276066,73,"false","204029","2021-08-09T22:16:07Z","","Columbia",0.586,0.128,7,-9.297,1,0.0496,0.963,0,0.0858,0.371,123.498,4
"1083","spotify:track:0nnRUsgfm4uQUYTCIH9NZy","Pills N Potions","The Pinkprint (International Deluxe Explicit)","Nicki Minaj","2014-12-12",268000,63,"true","204029","2021-08-13T07:58:33Z","","Nicki Minaj/Cash Money",0.391,0.604,7,-8.104,1,0.212,0.00812,4.91e-06,0.0443,0.168,169.391,4
"1084","spotify:track:18AJRdgUoO9EYn11N7xzaT","Habits (Stay High)","Queen Of The Clouds","Tove Lo","2014-09-24",209160,82,"false","204029","2021-08-18T22:23:49Z","","Universal Music AB",0.733,0.65,5,-3.539,1,0.0315,0.0703,6.59e-05,0.0829,0.348,110.003,4
"1085","spotify:track:3U4isOIWM3VvDubwSI3y7a","All of Me","Love In The Future (Expanded Edition)","John Legend","2013-08-30",269556,89,"false","204029","2021-08-21T05:48:27Z","soft pop,neo soul","G.O.O.D. Music/Columbia",0.422,0.264,8,-7.064,1,0.0322,0.922,0,0.132,0.331,119.93,4
"1086","spotify:track:27NovPIUIRrOZoCHxABJwK","INDUSTRY BABY (feat. Jack Harlow)","INDUSTRY BABY (feat. Jack Harlow)","Lil Nas X;Jack Harlow","2021-07-23",212000,76,"true","204029","2021-09-03T04:42:21Z","","Columbia",0.736,0.704,3,-7.409,0,0.0615,0.0203,0,0.0501,0.894,149.995,4
"1087","spotify:track:7tTRFVlFzk6yTnoMcParmi","JUST LIKE YOU","CLOUDS (THE MIXTAPE)","NF","2021-03-26",251236,66,"false","204029","2021-09-03T08:10:48Z","christian hip hop","NF Real Music",0.775,0.757,9,-4.607,0,0.228,0.489,0,0.28,0.541,140.044,4
"1088","spotify:track:6A5NlmBCsCGbJ27jHQgKV5","Do You Remember","All Or Nothing","Jay Sean;Sean Paul;Lil Jon","2009-01-01",210800,77,"false","204029","2021-09-15T08:42:46Z","dancehall,crunk","Cash Money",0.854,0.674,11,-4.896,1,0.0705,0.0204,0,0.101,0.818,125.845,4
"1089","spotify:track:6H3Wa6hWR9DRMzMSd4pZkT","Make Your Own Kind Of Music","Mama's Big Ones","Cass Elliot","1973-09-28",139533,72,"false","204029","2021-10-01T10:54:44Z","","Geffen",0.53,0.562,4,-13.018,1,0.0409,0.613,1.37e-06,0.257,0.697,121.081,4
"1090","spotify:track:32BeYxKPrig1LefHsC0Xuo","Happier Than Ever - Edit","Happier Than Ever (Edit)","Billie Eilish","2021-07-28",151444,71,"true","204029","2021-10-04T02:08:49Z","","Darkroom/Interscope Records",0.334,0.599,0,-5.742,1,0.0365,0.0468,0.000392,0.205,0.127,161.74,3
"1091","spotify:track:0MMyJUC3WNnFS1lit5pTjk","jealousy, jealousy","SOUR","Olivia Rodrigo","2021-05-21",173160,83,"false","204029","2021-10-13T05:09:12Z","","Olivia Rodrigo PS",0.695,0.575,10,-6.334,0,0.116,0.198,0,0.0614,0.699,163.929,4
"1092","spotify:track:2eAvDnpXP5W0cVtiI0PUxV","Dandelions","Safe Haven","Ruth B.","2017-05-05",233720,88,"false","204029","2021-11-07T02:58:07Z","","Columbia",0.609,0.692,1,-2.958,1,0.0259,0.0157,0,0.0864,0.454,116.959,3
"1093","spotify:track:0xZgdvjmnEHdpDVm0evG0g","Good Night","Reece Mastin","Reece Mastin","2011-12-09",182160,44,"false","204029","2021-11-11T11:36:27Z","","Sony Music Entertainment",0.637,0.887,7,-3.363,1,0.0384,0.00279,0,0.0458,0.901,117.978,4
"1094","spotify:track:20S0KRq4z2v2Utym0C246s","Gone, Gone, Gone","The World From The Side Of The Moon (Deluxe)","Phillip Phillips","2012-01-01",209693,0,"false","204029","2021-11-28T01:11:44Z","folk pop","19 Recordings/Interscope",0.664,0.642,6,-5.961,1,0.038,0.129,0,0.114,0.501,118.002,4
"1095","spotify:track:3oLe5ZILASG8vU5dxIMfLY","The Search","The Search","NF","2019-07-26",248053,76,"false","204029","2021-12-03T08:28:16Z","christian hip hop","NF Real Music",0.789,0.789,2,-4.813,1,0.298,0.598,0,0.099,0.37,119.95,4
"1096","spotify:track:3rKYiySCDMUKTw5kGVVhaa","Marvin Gaye (feat. Meghan Trainor)","Nine Track Mind","Charlie Puth;Meghan Trainor","2016-01-29",190453,68,"false","204029","2022-01-24T10:20:42Z","soft pop","Artist Partner",0.795,0.616,1,-5.281,0,0.06,0.417,0,0.349,0.815,110.015,4
"1097","spotify:track:6bQfNiqyCX7UaQSvVVGo4I","Shivers","Shivers","Ed Sheeran","2021-09-10",207853,6,"false","204029","2022-01-26T06:56:21Z","soft pop","Atlantic Records UK",0.788,0.859,2,-2.724,1,0.0856,0.281,0,0.0424,0.822,141.02,4
"1098","spotify:track:1RidHM9BC4M8DpfSQ6YLJh","Up (feat. Demi Lovato)","Never Been Better (Expanded Edition)","Olly Murs;Demi Lovato","2014-11-24",224293,67,"false","204029","2022-02-28T09:51:20Z","","Epic",0.692,0.831,9,-5.389,1,0.034,0.0146,0,0.103,0.676,114.972,4
"1099","spotify:track:58HvfVOeJY7lUuCqF0m3ly","MIDDLE OF THE NIGHT","MIDDLE OF THE NIGHT","Elley Duhé","2020-01-10",184447,77,"false","204029","2022-03-22T01:09:04Z","","Not Fit For Society/RCA Records",0.41,0.611,4,-8.271,0,0.0467,0.0228,0,0.116,0.0899,185.727,3
"1100","spotify:track:37BZB0z9T8Xu7U3e65qxFy","Save Your Tears (with Ariana Grande) (Remix)","Save Your Tears (Remix)","The Weeknd;Ariana Grande","2021-04-23",191013,80,"false","204029","2022-05-02T04:45:55Z","pop","Republic Records",0.65,0.825,0,-4.645,1,0.0325,0.0215,2.44e-05,0.0936,0.593,118.091,4
"1101","spotify:track:6R8L4HZxaVSFED7rLePbK3","World's Smallest Violin","OK ORCHESTRA","AJR","2021-03-26",180742,0,"false","204029","2022-05-06T07:32:54Z","","Liberator Music",0.68,0.696,5,-6.977,1,0.051,0.116,0,0.607,0.684,115.962,4
"1102","spotify:track:3JTjLyrnevl9ASw3ayGO2P","GUY.exe","Future Friends","Superfruit","2017-09-15",222673,70,"false","204029","2022-05-30T06:41:06Z","","RCA Records Label",0.77,0.732,4,-4.601,0,0.0508,0.0305,0,0.157,0.889,110.011,4
"1103","spotify:track:3zxrecYFao03IrrcyFiaMU","Miss You","Miss You","Louis Tomlinson","2017-12-01",182026,59,"true","204029","2022-06-05T02:24:49Z","","Syco Music",0.541,0.69,3,-5.391,1,0.206,0.0216,0,0.257,0.681,180.239,3
"1104","spotify:track:0hquQWY3xvYqN4qtiquniF","Vegas (From the Original Motion Picture Soundtrack ELVIS)","Vegas (From the Original Motion Picture Soundtrack ELVIS)","Doja Cat","2022-05-06",182906,74,"true","204029","2022-06-21T10:38:35Z","","Kemosabe Records/RCA Records",0.801,0.601,8,-7.574,0,0.255,0.0777,3.23e-05,0.145,0.74,159.969,4
"1105","spotify:track:22I3h5AOENlH4CqXJsEbFR","Collide (feat. Tyga)","Collide (feat. Tyga)","Justine Skye;Tyga","2014-08-25",260169,74,"true","204029","2022-07-02T01:53:45Z","","Nynetineth LLC",0.418,0.31,11,-9.869,0,0.0625,0.095,0,0.216,0.131,139.614,4
"1106","spotify:track:1ExfPZEiahqhLyajhybFeS","The Lazy Song","Doo-Wops & Hooligans","Bruno Mars","2010-05-11",189109,80,"false","204029","2022-07-09T05:06:35Z","","Atlantic Records",0.794,0.711,8,-5.124,0,0.0699,0.3,0,0.0955,0.955,174.915,4
"1107","spotify:track:7K5dzhGda2vRTaAWYI3hrb","Just Like Fire (From the Original Motion Picture ""Alice Through The Looking Glass"")","Just Like Fire (From the Original Motion Picture ""Alice Through The Looking Glass"")","P!nk","2016-04-15",215413,72,"false","204029","2022-07-10T11:29:09Z","","RCA Records/Walt Disney Records",0.632,0.702,7,-5.92,1,0.148,0.0114,0,0.108,0.523,162.958,4
"1108","spotify:track:33KJ2xFYONOlIYDBg6wPx8","Personal","Talk To Ya - EP","HRVY","2017-11-30",198040,70,"false","204029","2022-07-10T11:29:55Z","","EMI",0.755,0.536,8,-5.605,1,0.12,0.114,0,0.0282,0.882,138.964,4
"1109","spotify:track:4hb3h8DzkYDNXmW2XFELJ8","Singing In The Shower","Singing In The Shower","Mirror Dancing With Becky","2015-01-17",204358,46,"false","204029","2022-07-10T11:30:11Z","","Independent",0.547,0.586,2,-6.89,1,0.0385,0.0732,0.000949,0.112,0.148,119.797,4
"1110","spotify:track:557un1HgwYMuqfWGSTmnxw","Single Ladies (Put a Ring on It)","I AM...SASHA FIERCE - Platinum Edition","Beyoncé","2008",192586,73,"false","204029","2022-07-10T11:30:23Z","","Music World Music/Columbia",0.426,0.584,1,-5.293,1,0.296,0.0383,0,0.192,0.272,193.438,4
"1111","spotify:track:28STRBEo3Gp4EthtSk4MGW","Hair (feat. Sean Paul)","Get Weird (Expanded Edition)","Little Mix;Sean Paul","2015-11-06",235127,63,"false","204029","2022-07-10T11:30:35Z","dancehall","Syco Music",0.713,0.801,7,-5.781,1,0.0483,0.00628,1.5e-06,0.825,0.727,153.984,4
"1112","spotify:track:4vVTI94F9uJ8lHNDWKv0i2","Eenie Meenie","Eenie Meenie","Sean Kingston;Justin Bieber","2010-03-23",201946,87,"false","204029","2022-07-10T11:32:11Z","","Epic/Beluga Heights",0.72,0.607,1,-4.168,1,0.0322,0.0543,0,0.113,0.828,121.223,4
"1113","spotify:track:4eNR6x2HJzJzwv8cxye8IR","Apple Bottom Jeans","Apple Bottom Jeans","Kevin Turk","2014-05-05",229320,0,"false","204029","2022-07-10T11:32:37Z","","Kevin Turk Records",0.919,0.672,6,-6.94,1,0.144,0.279,0,0.0957,0.92,127.975,4
"1114","spotify:track:6EJiVf7U0p1BBfs0qqeb1f","Cut To The Feeling","Cut To The Feeling","Carly Rae Jepsen","2017-05-26",207959,61,"false","204029","2022-07-16T07:21:41Z","","Silent Records IGA",0.71,0.909,2,-2.777,1,0.0639,0.0135,0.00123,0.303,0.648,115.001,4
"1115","spotify:track:4kTLpAbhuEGHAAdDjOIWaa","Pursuit Of Happiness (Nightmare)","Man On The Moon: The End Of Day (Int'l Version)","Kid Cudi;MGMT;Ratatat","2009-01-01",295293,76,"true","204029","2022-11-21T03:37:03Z","indie","Kid Cudi/Universal Records",0.627,0.591,0,-9.056,1,0.0408,0.494,6.49e-05,0.324,0.247,115.286,4
"1116","spotify:track:3F9ByoUqu31xU0I3G5xfVg","Meet Me Halfway","THE E.N.D. (THE ENERGY NEVER DIES) [Deluxe Version]","Black Eyed Peas","2009-01-01",284373,86,"false","204029","2022-11-22T09:05:00Z","","Interscope",0.798,0.629,11,-6.857,0,0.0735,0.00474,2.29e-05,0.324,0.4,130.002,4
"1117","spotify:track:38T0tPVZHcPZyhtOcCP7pF","STAR WALKIN' (League of Legends Worlds Anthem)","STAR WALKIN' (League of Legends Worlds Anthem)","Lil Nas X","2022-09-22",210575,72,"true","204029","2022-11-30T08:13:11Z","","Columbia",0.637,0.715,2,-4.971,0,0.0455,0.148,0,0.0892,0.308,141.872,4
"1118","spotify:track:0wbDgMuAoy7O7pL3a69uZx","Give It To Me","Shock Value","Timbaland;Justin Timberlake;Nelly Furtado","2007-04-02",234026,81,"true","204029","2022-12-11T05:20:57Z","","Interscope/Blackground Records",0.975,0.711,8,-3.904,1,0.0632,0.168,0.000552,0.0799,0.815,110.621,4
"1119","spotify:track:3wPPWcVuinAU7dXcJXtCID","La La La","Hotel Cabana (Deluxe Version)","Naughty Boy;Sam Smith","2013-01-01",222200,81,"false","204029","2022-12-12T22:37:22Z","soft pop","Virgin Records Ltd",0.772,0.65,6,-5.202,0,0.0306,0.107,1.13e-06,0.0905,0.262,125.083,4
"1120","spotify:track:4C6Uex2ILwJi9sZXRdmqXp","Super Freaky Girl","Super Freaky Girl","Nicki Minaj","2022-08-12",170977,69,"true","204029","2022-12-12T23:19:32Z","","Republic Records",0.95,0.891,2,-2.653,1,0.241,0.0645,1.77e-05,0.309,0.912,133.01,4
"1121","spotify:track:5u5MpBnvJejW9dHPrfWEXZ","Superstar","Thank You","Jamelia","2003-06-30",215480,76,"false","204029","2022-12-21T06:54:46Z","","Roundhill Records",0.801,0.645,1,-6.93,1,0.0356,0.046,0,0.0357,0.824,110.011,4
"1122","spotify:track:5NvOZCjZaGGGL597exlQWv","Line Without a Hook","Montgomery Ricky","Ricky Montgomery","2016-04-01",249586,82,"false","204029","2023-01-03T08:45:20Z","","Warner Records",0.432,0.652,8,-4.969,1,0.0285,0.262,0,0.258,0.507,190.028,3
"1123","spotify:track:2Ch7LmS7r2Gy2kc64wv3Bz","Die For You","Starboy","The Weeknd","2016-11-25",260252,82,"false","204029","2023-02-03T23:15:02Z","","The Weeknd/Lyric",0.586,0.525,1,-7.163,0,0.0616,0.111,0,0.134,0.507,133.63,4
"1124","spotify:track:5AWMbJ60z0NmztJ1Edl00K","Never Be Like You","Skin","Flume;kai","2016-05-27",234909,5,"true","204029","2023-02-05T07:12:03Z","future bass","Future Classic",0.54,0.59,0,-4.359,1,0.0528,0.446,0,0.14,0.267,119.878,4
"1125","spotify:track:2GyA33q5rti5IxkMQemRDH","I Know What You Did Last Summer","Handwritten","Shawn Mendes;Camila Cabello","2015-04-14",223853,83,"false","204029","2023-03-13T01:08:56Z","","Island Records",0.687,0.761,9,-4.582,0,0.0876,0.102,0,0.147,0.743,113.939,4
"1126","spotify:track:5IgjP7X4th6nMNDh4akUHb","Under The Influence","Indigo (Extended)","Chris Brown","2019-10-04",184203,84,"true","204029","2023-03-18T11:45:05Z","r&b","Chris Brown Entertainment/RCA Records",0.755,0.562,9,-8.947,0,0.0355,0.0186,0.000231,0.18,0.368,116.931,4
"1127","spotify:track:1x5gfSHfhWpMFKKqbuDe9G","Meddle About","Nostalgia","Chase Atlantic","2015-02-21",203886,2,"false","204029","2023-04-02T05:12:47Z","","Independent",0.387,0.797,4,-6.41,0,0.052,0.00404,0.0108,0.314,0.369,159.897,4
"1128","spotify:track:4Dio1t8RHzLv1nfPJTSZyP","Whip My Hair","Whip My Hair","WILLOW","2010-10-26",195440,67,"false","204029","2023-04-16T09:14:32Z","","Roc Nation, LLC",0.552,0.98,9,-4.676,0,0.254,0.00159,0.00552,0.438,0.668,162.961,4
"1129","spotify:track:0xSfELjbi6QwmprLDu4Nrx","#icanteven (feat. French Montana)","#000000 & #FFFFFF (No DJ Version)","The Neighbourhood;French Montana","2014-11-28",234480,68,"true","204029","2023-04-26T22:43:04Z","","Columbia",0.359,0.625,6,-9.387,0,0.146,0.114,1.9e-05,0.0787,0.154,111.866,4
"1130","spotify:track:0QIjsbm2fh1cJ45XO9eGqq","Wake Up in the Sky","Wake Up in the Sky","Gucci Mane;Bruno Mars;Kodak Black","2018-09-14",204664,75,"true","204029","2023-06-05T07:43:15Z","southern hip hop,rap,trap","Guwop Enterprises/Atlantic",0.8,0.578,4,-5.144,0,0.0485,0.00381,0,0.359,0.367,143.01,4
"1131","spotify:track:36lO0n3hzVK9zJONfSdmKC","She Knows","Non-Fiction (Deluxe)","Ne-Yo;Juicy J","2015-02-13",214725,71,"true","204029","2023-06-25T04:31:54Z","crunk","Motown",0.705,0.572,8,-5.799,0,0.0326,0.0262,0,0.585,0.574,139.977,4
"1132","spotify:track:2YzmfPLqUx5CJOaw5ThsBV","Plain Jane REMIX (feat. Nicki Minaj)","Plain Jane REMIX (feat. Nicki Minaj)","A$AP Ferg;Nicki Minaj","2017-12-15",202636,70,"true","204029","2023-06-25T04:32:01Z","rap","A$AP Worldwide/Polo Grounds Music/RCA Records",0.791,0.839,11,-4.284,1,0.266,0.0588,6.26e-05,0.259,0.383,170.113,4
"1133","spotify:track:3AeicLnm55RqcXGBKYQolM","King","Communion (Deluxe)","Olly Alexander (Years & Years)","2015-07-10",215360,78,"false","204029","2023-07-26T10:20:54Z","","Polydor Records",0.56,0.857,4,-4.145,0,0.0384,0.0594,0,0.381,0.432,119.975,4
"1134","spotify:track:6l8mgVN9Xf1hiDIFGA6CTE","AMERICA HAS A PROBLEM (feat. Kendrick Lamar)","AMERICA HAS A PROBLEM (feat. Kendrick Lamar)","Beyoncé;Kendrick Lamar","2023-05-19",260962,62,"true","204029","2023-07-26T21:41:11Z","hip hop,west coast hip hop","Parkwood Entertainment/Columbia",0.784,0.7,1,-5.289,1,0.0396,0.0112,1.76e-05,0.163,0.204,126.015,4
"1135","spotify:track:6qqdFWe7C4LsBjWbXQdsHA","Dark Paradise","Born To Die - The Paradise Edition","Lana Del Rey","2012-01-01",243187,75,"false","204029","2023-08-10T11:21:55Z","","Polydor Records",0.6,0.653,1,-8.309,0,0.0594,0.0953,0,0.122,0.43,119.994,4
"1136","spotify:track:0GX5oOKtU0nnx5OkhenW2i","Closer","Year Of The Gentleman","Ne-Yo","2008-01-01",234360,78,"false","204029","2023-08-16T07:45:56Z","","Def Soul",0.709,0.745,4,-6.436,0,0.074,0.0226,5.29e-05,0.154,0.569,126.028,4
"1137","spotify:track:6rnl5HwEvhsD3wZ6MXZzBp","Like That","Like That","Jack & Jack","2014-12-09",233333,0,"false","204029","2023-08-17T08:30:05Z","","Jack & Jack Music",0.677,0.558,11,-5.375,0,0.201,0.255,0,0.0803,0.471,143.937,4
"1138","spotify:track:5w40ZYhbBMAlHYNDaVJIUu","Chemical","Chemical","Post Malone","2023-04-14",184013,77,"true","204029","2023-09-13T12:25:47Z","","Mercury Records/Republic Records",0.49,0.88,2,-4.856,1,0.0435,0.00154,0,0.103,0.392,169.949,4
"1139","spotify:track:4h9wh7iOZ0GGn8QVp4RAOB","I Ain't Worried","I Ain’t Worried (Music From The Motion Picture ""Top Gun: Maverick"")","OneRepublic","2022-05-13",148485,83,"false","204029","2023-09-13T12:25:54Z","","Interscope Records",0.704,0.797,0,-5.927,1,0.0475,0.0826,0.000745,0.0546,0.825,139.994,4
"1140","spotify:track:6VrLYoQKdhu1Jruei06t65","Somebody To You","Meet The Vamps","The Vamps","2014-01-01",185097,73,"false","204029","2023-09-19T00:35:38Z","","EMI",0.525,0.818,3,-5.952,1,0.0358,0.0581,0,0.333,0.897,171.962,4
"1141","spotify:track:07nH4ifBxUB4lZcsf44Brn","Blame (feat. John Newman)","Motion","Calvin Harris;John Newman","2014-10-31",212960,85,"false","204029","2023-09-23T03:31:02Z","edm","Columbia",0.414,0.857,0,-4.078,0,0.0808,0.0287,0.00574,0.343,0.348,128.024,4
"1142","spotify:track:4bBrKDo8rchikwZOtmXbIH","The Night Is Still Young","The Pinkprint (Deluxe)","Nicki Minaj","2014-12-15",227560,63,"true","204029","2023-09-23T03:31:23Z","","Nicki Minaj/Cash Money",0.655,0.692,1,-6.145,0,0.0563,0.00209,0.00286,0.128,0.694,128.008,4
"1143","spotify:track:4NOZ35Dhucr6UlVyLOtktd","Dangerous","Not 4 Sale","Kardinal Offishall;Akon","2008-01-01",246053,83,"true","204029","2023-09-23T03:31:39Z","","Konvict Live/Geffen Records",0.949,0.789,8,-5.956,1,0.0755,0.00437,0,0.0816,0.808,117.002,4
"1144","spotify:track:3zSCNTXI7Ed0PiidZVmzIe","Ignition - Remix","The Essential R. Kelly","R. Kelly","2014-05-19",186040,62,"false","204029","2023-09-25T07:54:20Z","r&b","Jive/Legacy",0.778,0.549,1,-6.144,1,0.0473,0.0549,0,0.0724,0.802,133.041,4
"1145","spotify:track:5EuAj9nZiWRKeBkgxMXsW4","Beautiful Girls","Sean Kingston","Sean Kingston","2007-09-03",241933,0,"false","204029","2023-09-25T07:57:38Z","","Epic/Beluga Heights",0.745,0.666,9,-5.899,1,0.0566,0.159,0,0.302,0.708,129.995,4
"1146","spotify:track:7lQ8MOhq6IN2w8EYcFNSUk","Without Me","The Eminem Show","Eminem","2002-05-26",290320,91,"true","204029","2023-09-25T07:58:59Z","rap,hip hop","Eminem Catalog PS",0.908,0.669,7,-2.827,1,0.0738,0.00286,0,0.237,0.662,112.238,4
"1147","spotify:track:3oDFtOhcN08qeDPAK6MEQG","Boom Boom Pow","THE E.N.D. (THE ENERGY NEVER DIES) [Deluxe Version]","Black Eyed Peas","2009-01-01",251440,76,"true","204029","2023-09-25T07:59:14Z","","Interscope",0.866,0.857,9,-5.894,1,0.0664,0.13,0.0017,0.13,0.408,130.049,4
"1148","spotify:track:4RXpgGM7A4Hg7cFBoH5KyF","Hey Brother","True","Avicii","2013-09-13",255093,7,"false","204029","2023-09-25T08:01:25Z","edm","Universal Music AB",0.545,0.78,7,-4.867,0,0.0436,0.0309,4.64e-05,0.0828,0.458,125.014,4
"1149","spotify:track:2LEF1A8DOZ9wRYikWgVlZ8","Good Feeling","Wild Ones","Flo Rida","2012-06-22",248133,85,"false","204029","2023-09-25T08:03:06Z","","Poe Boy/Atlantic",0.706,0.89,1,-4.444,0,0.0688,0.0588,0.00286,0.306,0.684,128.011,4
"1150","spotify:track:62feRreeM9ea7i2VHVSKrg","Freaks","Freaks","Timmy Trumpet;Savage","2014-08-01",168750,13,"false","204029","2023-09-25T08:07:59Z","melbourne bounce,big room","Hussle Recordings",0.886,0.967,4,-0.776,1,0.142,0.0157,0.389,0.239,0.745,128.1,4
"1151","spotify:track:4lnAN2S1fcI0SjxEbksZVr","Fetish (feat. Gucci Mane)","Fetish (feat. Gucci Mane)","Selena Gomez;Gucci Mane","2017-07-13",186112,78,"false","204029","2023-09-25T08:10:33Z","southern hip hop,rap,trap","Selena Gomez PS",0.708,0.618,2,-4.424,1,0.0592,0.0204,6.81e-06,0.062,0.265,123.013,4
"1152","spotify:track:3CJvmtWw2bJsudbAC5uCQk","Hands To Myself","Revival (Deluxe)","Selena Gomez","2015-10-09",200680,71,"false","204029","2023-09-25T08:10:43Z","","Selena Gomez PS",0.811,0.507,5,-7.161,0,0.117,0.0146,2.14e-06,0.342,0.438,111.016,4
"1153","spotify:track:63mdJr3NMY3wReOkNE6c6W","People You Know","Rare","Selena Gomez","2020-01-10",194900,77,"false","204029","2023-09-25T08:10:56Z","","Interscope Records",0.695,0.62,8,-8.082,0,0.0521,0.0881,5.43e-05,0.111,0.619,150.032,4
"1154","spotify:track:567e29TDzLwZwfDuEpGTwo","STAY (with Justin Bieber)","F*CK LOVE 3+: OVER YOU","The Kid LAROI;Justin Bieber","2021-07-27",141805,87,"true","204029","2023-09-25T08:11:30Z","","Columbia",0.591,0.764,1,-5.484,1,0.0483,0.0383,0,0.103,0.478,169.928,4
"1155","spotify:track:6FfLg6FFqhCsrFOaHIGkg0","Honeypie","For Abby","JAWNY","2020-10-27",135581,82,"false","204029","2023-09-27T12:48:50Z","bedroom pop","Johnny Utah LLC",0.74,0.688,5,-4.361,0,0.0916,0.061,0,0.138,0.935,115.035,4
"1156","spotify:track:5MhsZlmKJG6X5kTHkdwC4B","I'm an Albatraoz","I'm an Albatraoz","AronChupa;Little Sis Nora","2014-08-08",166848,75,"true","204029","2023-10-02T00:52:50Z","electro swing,melbourne bounce","Aron Ekberg",0.883,0.817,0,-5.414,1,0.235,0.601,0.00449,0.11,0.595,128.078,4
"1157","spotify:track:5JLv62qFIS1DR3zGEcApRt","Wide Awake","Teenage Dream: The Complete Confection","Katy Perry","2012-03-12",220946,80,"false","204029","2023-10-03T12:13:57Z","pop","Capitol Records",0.515,0.683,5,-5.099,1,0.0371,0.0749,2.64e-06,0.392,0.572,159.878,4
"1158","spotify:track:1AdYZ6X00nXmO613Y7GJOl","I Miss You","blink-182","blink-182","2003-11-01",227250,73,"false","204029","2023-10-17T12:03:44Z","pop punk,punk,skate punk,rock,emo","Geffen",0.423,0.714,11,-8.295,1,0.045,0.00113,6.28e-06,0.0855,0.593,110.017,4
"1159","spotify:track:5kHMfzgLZP95O9NBy0ku4v","I Can See You (Taylor’s Version) (From The Vault)","Speak Now (Taylor's Version)","Taylor Swift","2023-07-07",273186,72,"false","204029","2023-10-17T12:04:16Z","","Taylor Swift",0.695,0.768,6,-4.883,1,0.0344,0.0577,0,0.0426,0.813,123.054,4
"1160","spotify:track:1gYMxXXGANfGIGXDFf9Czv","We Found Love","Talk That Talk","Rihanna;Calvin Harris","2011-11-18",215226,2,"false","204029","2023-10-24T11:22:05Z","edm","Universal Music Group",0.75,0.756,1,-4.45,1,0.0426,0.0187,0.00125,0.196,0.6,127.992,4
"1161","spotify:track:26rdOwwjC2UnweK3xeS58u","GDFR (feat. Sage the Gemini & Lookas)","My House","Flo Rida;Sage The Gemini;Lookas","2015-04-07",190185,77,"false","204029","2023-10-24T11:22:21Z","hyphy,edm trap,future bass,dubstep","Poe Boy/Atlantic",0.657,0.827,5,-4.036,1,0.0734,0.000704,0.00534,0.065,0.69,145.889,4
"1162","spotify:track:7ef4DlsgrMEH11cDZd32M6","One Kiss (with Dua Lipa)","One Kiss (with Dua Lipa)","Calvin Harris;Dua Lipa","2018-04-06",214846,82,"false","204029","2023-10-24T11:24:34Z","edm,pop","Sony Music UK",0.791,0.862,9,-3.24,0,0.11,0.037,2.19e-05,0.0814,0.592,123.994,4
"1163","spotify:track:6pL7puHxh1psrLzrAlobxQ","Sexy Bitch (feat. Akon)","One More Love","David Guetta;Akon","2010-11-22",195853,57,"true","204029","2023-10-24T11:25:07Z","edm","Parlophone (France)",0.813,0.627,11,-5.018,0,0.0486,0.0771,0.000616,0.131,0.801,130.011,4
"1164","spotify:track:1i1fxkWeaMmKEB4T7zqbzK","Don't Let Me Down","Don't Let Me Down","The Chainsmokers;Daya","2016-02-05",208373,87,"false","204029","2023-10-24T11:25:20Z","","Disruptor Records/Columbia",0.533,0.869,11,-5.093,1,0.173,0.156,0.00538,0.136,0.425,159.805,4
"1165","spotify:track:1DFD5Fotzgn6yYXkYsKiGs","Piece Of Your Heart","Piece Of Your Heart","MEDUZA;Goodboys","2019-02-01",152913,71,"false","204029","2023-10-24T11:25:28Z","","Intercord",0.677,0.744,10,-6.806,0,0.0295,0.0404,0.00016,0.074,0.631,124.08,4
"1166","spotify:track:5FXNtC1tLueMAs0V2UdvRx","Body (feat. Brando)","Body (feat. Brando)","Loud Luxury;Brando","2018-07-20",163216,1,"false","204029","2023-10-24T11:25:49Z","","Armada",0.752,0.764,1,-4.399,1,0.038,0.0476,9.44e-05,0.0543,0.582,121.958,4
"1167","spotify:track:0zLCBJZSiELJf02ucPP9wb","Roses - Imanbek Remix","While The World Was Burning","SAINt JHN;Imanbek","2020-11-20",176867,3,"true","204029","2023-10-24T11:25:59Z","slap house","HITCO",0.769,0.719,8,-5.472,1,0.0474,0.0143,0.00777,0.359,0.863,121.955,4
"1168","spotify:track:7AzlLxHn24DxjgQX73F9fU","No Idea","Heaven Or Hell","Don Toliver","2020-03-13",154424,84,"false","204029","2023-10-24T11:26:49Z","","We Run It Ent./Cactus Jack/Atlantic",0.652,0.631,6,-5.718,0,0.0893,0.524,0.000579,0.165,0.35,127.998,4
"1169","spotify:track:62zFEHfAYl5kdHYOivj4BC","International Love (feat. Chris Brown)","Planet Pit (Deluxe Version)","Pitbull;Chris Brown","2011-06-17",227280,85,"false","204029","2023-10-24T11:27:59Z","r&b","Mr.305/Polo Grounds Music/J Records",0.67,0.855,0,-3.035,0,0.0499,0.0124,0,0.335,0.648,120.05,4
"1170","spotify:track:3Tu7uWBecS6GsLsL8UONKn","Don't Stop the Party (feat. TJR)","Global Warming: Meltdown (Deluxe Version)","Pitbull;TJR","2012",206122,73,"false","204029","2023-10-24T11:28:07Z","melbourne bounce,big room,uk garage","Mr.305/Polo Grounds Music/RCA Records",0.722,0.958,4,-3.617,1,0.0912,0.00726,0,0.375,0.952,127.008,4
"1171","spotify:track:3jlbL2OTD5YmIunYzgQTAN","Live Your Life","Paper Trail","T.I.;Rihanna","2008-09-07",338853,83,"true","204029","2023-10-24T11:28:13Z","southern hip hop","Grand Hustle, LLC",0.375,0.862,11,-3.363,0,0.255,0.071,0,0.211,0.478,159.841,4
"1172","spotify:track:0NrwQdPgOlLkVEC3VMlU42","Memories (feat. Kid Cudi)","One More Love","David Guetta;Kid Cudi","2010-11-22",210093,46,"false","204029","2023-10-24T11:28:42Z","edm","Parlophone (France)",0.561,0.87,8,-6.103,1,0.343,0.0015,2.82e-06,0.246,0.498,129.98,4
"1173","spotify:track:0wwPcA6wtMf6HUMpIRdeP7","Hotline Bling","Views","Drake","2016-05-06",267066,86,"false","204029","2023-10-24T11:30:13Z","rap","Cash Money Records/Young Money Ent./Universal Rec.",0.891,0.628,2,-7.863,1,0.0551,0.00258,0.00019,0.0504,0.552,134.966,4
"1174","spotify:track:0CokSRCu5hZgPxcZBaEzVE","Glorious (feat. Skylar Grey)","GEMINI","Macklemore;Skylar Grey","2017-09-22",220454,81,"true","204029","2023-10-24T11:30:27Z","","Bendo LLC",0.731,0.794,0,-5.126,0,0.0522,0.0323,2.59e-05,0.112,0.356,139.994,4
"1175","spotify:track:472HDHu7PsxjbYHy6s8PJ9","LOVE.","Top 30 US","Kendrick Lamar;Zacari","2018-04-27",214053,44,"false","204029","2023-10-24T11:31:32Z","hip hop,west coast hip hop","UMG Recordings, Inc.",0.806,0.57,10,-7.529,1,0.0874,0.268,0,0.156,0.788,126.074,4
"1176","spotify:track:2kQuhkFX7uSVepCD3h29g5","Smack That","Konvicted","Akon;Eminem","2006-01-01",212360,88,"true","204029","2023-10-24T11:37:11Z","rap,hip hop","Konvict/Upfront/SRC/Universal Records",0.939,0.741,5,-5.171,0,0.0471,0.323,0,0.107,0.925,118.978,4
"1177","spotify:track:0wsXdby1T3PWLauIkGUZzg","Hula Hoop","Me 4 U","OMI","2015-10-16",205474,61,"false","204029","2023-10-24T11:37:44Z","","Ultra Records, LLC",0.673,0.842,10,-4.666,0,0.039,0.0248,0,0.294,0.508,121.986,4
"1178","spotify:track:1vYXt7VSjH9JIM5oRRo7vA","Dance The Night - From Barbie The Album","Dance The Night (From Barbie The Album)","Dua Lipa","2023-05-25",176579,83,"false","204029","2023-10-24T11:39:49Z","pop","Atlantic Records",0.671,0.845,11,-4.93,0,0.048,0.0207,0,0.329,0.775,110.056,4
"1179","spotify:track:3IJYUaN3tx04S4TYyZHKoP","Party Girl","Fallin'","StaySolidRocky","2020-07-15",147800,73,"true","204029","2023-10-24T11:40:14Z","","Columbia",0.73,0.439,6,-9.864,0,0.0609,0.747,0,0.0988,0.615,130.09,4
"1180","spotify:track:63WVeFX5l2UHPhLlQv0ipB","In the Air Tonight","R-Kive","Phil Collins","2014-09-30",330493,54,"false","204029","2023-10-24T11:40:29Z","soft rock","Rhino Atlantic",0.429,0.233,0,-14.292,1,0.0337,0.538,2.54e-06,0.0556,0.268,189.567,4
"1181","spotify:track:466s1BacUmiRdR3ISvNjyx","Bang Bang","My Everything (Deluxe)","Jessie J;Ariana Grande;Nicki Minaj","2014-08-22",199320,64,"false","204029","2023-10-24T11:41:40Z","pop","Universal Records",0.703,0.747,0,-4.446,0,0.0894,0.283,0,0.396,0.699,149.974,4
"1182","spotify:track:7EiZI6JVHllARrX9PUvAdX","Low Life (feat. The Weeknd)","EVOL","Future;The Weeknd","2016-04-13",313546,84,"true","204029","2023-10-24T11:42:58Z","rap,trap","Epic/Freebandz/A1",0.722,0.331,8,-7.789,1,0.0726,0.337,0.282,0.146,0.102,143.961,4
"1183","spotify:track:7tGlzXJv6GD5e5qlu5YmDg","Love Me","I Am Not A Human Being II (Deluxe)","Lil Wayne;Drake;Future","2013-01-01",253440,3,"true","204029","2023-10-24T11:44:32Z","rap,hip hop,trap","CM/Republic",0.674,0.608,8,-6.628,0,0.0334,0.0119,0,0.103,0.464,124.952,4
"1184","spotify:track:3wKKkGVn7cVSfgPeYYIiXG","Kiss Kiss (feat. T-Pain)","Exclusive (Expanded Edition)","Chris Brown;T-Pain","2007-11-06",250666,80,"false","204029","2023-10-24T11:46:11Z","r&b","Jive",0.729,0.658,10,-3.386,0,0.225,0.0506,0,0.0693,0.551,140.043,3
"1185","spotify:track:02nTpchENdZ4Nm8AfTmrFv","Conceited","Conceited","Flo Milli","2022-06-17",147340,54,"true","204029","2023-11-19T03:13:44Z","","'94 Sounds/RCA Records",0.978,0.683,8,-5.743,1,0.0981,0.0634,5.88e-05,0.523,0.419,118.041,4
"1186","spotify:track:7gihksIHhs6nw5tYlI6UEq","Mrs. Officer","Tha Carter III","Lil Wayne;Bobby V.;Kidd Kidd","2008-01-01",286906,71,"true","204029","2023-11-19T12:56:01Z","rap,hip hop,r&b","CM/Republic",0.92,0.553,6,-5.068,1,0.191,0.236,0,0.0767,0.947,112.022,5
"1187","spotify:track:7E1dQbOk1qcx9gEPUMBKsk","Maria","Believe (Deluxe Edition)","Justin Bieber","2012-06-15",248293,75,"false","204029","2023-11-20T10:29:38Z","","RBMG/Def Jam",0.825,0.687,6,-6.794,0,0.0414,0.00997,1.32e-05,0.19,0.294,111.002,4
"1188","spotify:track:0dcf0L6F1LUA1nE2zWH4J2","The Party & The After Party","Trilogy","The Weeknd","2012-11-13",459386,71,"true","204029","2023-11-26T10:13:48Z","","CP Records",0.424,0.634,5,-7.456,0,0.392,0.476,0,0.113,0.385,203.592,4
"1189","spotify:track:3F5CgOj3wFlRv51JsHbxhe","Jimmy Cooks (feat. 21 Savage)","Honestly, Nevermind","Drake;21 Savage","2022-06-17",218364,82,"true","204029","2023-11-27T11:21:58Z","rap","OVO",0.529,0.673,0,-4.711,1,0.175,0.000307,2.41e-06,0.093,0.366,165.921,4
"1190","spotify:track:7hU3IHwjX150XLoTVmjD0q","MONEY","LALISA","LISA","2021-09-10",168227,75,"true","204029","2023-12-05T23:10:38Z","k-pop","YG Entertainment/Interscope Records",0.831,0.554,1,-9.998,0,0.218,0.161,6.12e-05,0.152,0.396,140.026,4
"1191","spotify:track:1xWkeSPhf3bZqHY7Ncz8vp","500lbs","500lbs","Lil Tecca","2023-07-21",144390,67,"true","204029","2023-12-05T23:11:36Z","melodic rap,rap","Galactic / Republic Records",0.724,0.779,7,-5.412,0,0.0807,0.098,0,0.127,0.53,123.013,4
"1192","spotify:track:4tKGFmENO69tZR9ahgZu48","Murder On The Dancefloor","Read My Lips (Deluxe Version)","Sophie Ellis-Bextor","2002-06-06",230013,82,"false","204029","2024-01-21T02:31:40Z","","Polydor Records",0.73,0.849,1,-5.281,0,0.0299,0.00234,2.57e-05,0.312,0.887,117.308,4
"1193","spotify:track:6Se3x9ANMLv0dCDsjGmEjh","do re mi","digital druglord","blackbear","2017-04-21",212027,77,"true","204029","2024-01-26T12:04:58Z","","Alamo",0.745,0.593,8,-6.35,1,0.0524,0.00522,5.06e-06,0.123,0.17,111.001,3
"1194","spotify:track:3pndPhlQWjuSoXhcIIdBjv","What They Want","There's Really A Wolf","Russ","2017-05-05",165853,73,"true","204029","2024-01-28T09:09:54Z","","Columbia",0.71,0.404,1,-10.04,0,0.379,0.484,0,0.0953,0.398,139.553,4
"1195","spotify:track:1Has1GQfJPjAxwKuyWHgu6","Or Nah (feat. The Weeknd, Wiz Khalifa & DJ Mustard) - Remix","Playlist: Hip Hop","Ty Dolla $ign;The Weeknd;Wiz Khalifa;DJ Mustard","2018-09-28",242983,66,"true","204029","2024-02-05T23:08:12Z","trap soul,kuduro","Rhino",0.805,0.33,1,-8.712,0,0.1,0.22,0,0.105,0.211,121.97,4
"1196","spotify:track:4QCnMOWxfDkTsGt82HULFb","Lights","Old But Gold","Ellie Goulding","2020-03-20",245853,61,"false","204029","2024-02-11T06:14:00Z","","UME - Global Clearing House",0.699,0.732,8,-6.307,0,0.0304,0.0771,0.00198,0.131,0.676,120.028,4
"1197","spotify:track:7MmG8p0F9N3C4AXdK6o6Eb","Outside (feat. Ellie Goulding)","Motion","Calvin Harris;Ellie Goulding","2014-10-31",227266,90,"false","204029","2024-02-11T08:04:42Z","edm","Columbia",0.646,0.823,2,-4.123,0,0.0394,0.213,0,0.322,0.418,128.035,4
"1198","spotify:track:6et5HwX6nTYddg7hDGAxug","ONE CALL","ONE CALL","Rich Amiri","2023-11-03",121399,66,"true","204029","2024-03-07T04:18:01Z","rage rap","Internet Money Records / 10K Projects",0.65,0.539,1,-7.281,1,0.0561,0.00617,2.67e-05,0.114,0.253,158.105,4
"1199","spotify:track:6dgUya35uo964z7GZXM07g","Nonsense","emails i can't send","Sabrina Carpenter","2022-07-15",163648,84,"false","204029","2024-03-10T06:13:04Z","pop","Island Records",0.74,0.697,8,-4.912,1,0.034,0.0268,0,0.224,0.732,138.992,4
"1200","spotify:track:3h5TiWTqGxjSjFrbruPFH9","Praise Jah In The Moonlight","Praise Jah In The Moonlight","YG Marley","2023-12-27",263040,75,"false","204029","2024-03-26T09:50:38Z","reggae","YG Marley Music",0.66,0.727,6,-4.028,0,0.0441,0.128,1.31e-05,0.524,0.418,125.023,4
"1201","spotify:track:01ic7FjnOXA5uYwLn41uWH","So You Can Cry","Year Of The Gentleman","Ne-Yo","2008-01-01",257972,30,"false","204029","2024-03-31T13:11:53Z","","Def Soul",0.699,0.568,8,-6.39,1,0.0286,0.162,0,0.207,0.613,120.06,4
"1202","spotify:track:1bjeWoagtHmUKputLVyDxQ","Saturn","Saturn","SZA","2024-02-22",186191,78,"false","204029","2024-03-31T13:12:31Z","r&b","Top Dawg Entertainment/RCA Records",0.411,0.619,1,-6.834,1,0.0368,0.62,0,0.11,0.337,177.937,4
"1203","spotify:track:0gmbgwZ8iqyMPmXefof8Yf","How You Remind Me","Silver Side Up","Nickelback","2001-09-11",223840,90,"false","204029","2024-04-02T07:52:40Z","post-grunge,rock","Roadrunner Records",0.446,0.764,10,-5.042,1,0.033,0.00135,0,0.099,0.543,172.094,4
"1204","spotify:track:6TxrU9ldAkoESfGOEuYEqR","i like the way you kiss me - slowed down","i like the way you kiss me (sped up & slowed)","10X","2024-03-19",179557,67,"false","204029","2024-05-03T01:59:01Z","","10X",0.709,0.935,7,-4.786,1,0.0381,0.00492,0.801,0.311,0.519,120.346,4
"1205","spotify:track:2p33SUZHJxFybdvHjwQGVW","Show Business","Show Business","Hilltop Hoods;Eamon","2022-03-16",217138,46,"true","204029","2024-05-05T00:30:05Z","","Universal Music Australia Pty. Ltd.",0.716,0.682,1,-3.966,1,0.27,0.281,0,0.0574,0.703,173.995,4
"1206","spotify:track:751srcHf5tUqcEa9pRCQwP","Tek It","Running","Cafuné","2021-07-20",191823,85,"false","204029","2024-05-07T02:38:16Z","","Elektra (NEK)",0.423,0.913,8,-5.354,1,0.0655,6.53e-05,0,0.269,0.596,146.995,4
"1207","spotify:track:3JsydWaf2Ev4ehaLUjj3SY","Confident","Journals","Justin Bieber;Chance the Rapper","2014-05-13",248133,90,"false","204029","2024-05-14T07:22:45Z","","RBMG/Def Jam",0.741,0.565,5,-5.448,0,0.108,0.114,0,0.205,0.892,134.122,4
"1208","spotify:track:3DXXKDbbZKyAZfNb96ST3q","Confident","Confident","Demi Lovato","2015-01-01",205745,76,"true","204029","2024-05-14T07:23:16Z","","Hollywood Records",0.594,0.749,3,-6.251,1,0.0677,0.00188,0.000139,0.0869,0.344,130.064,4
"1209","spotify:track:1uXbwHHfgsXcUKfSZw5ZJ0","Run the World (Girls)","4","Beyoncé","2011-06-24",236093,74,"false","204029","2024-05-14T07:23:31Z","","Parkwood Entertainment/Columbia",0.732,0.899,0,-4.237,1,0.143,0.00496,4.64e-05,0.372,0.759,127.091,4
"1210","spotify:track:12KUFSHFgT0XCoiSlvdQi4","Break Free","My Everything (Deluxe)","Ariana Grande;Zedd","2014-08-22",214840,86,"false","204029","2024-05-14T07:24:50Z","pop,edm","Universal Records",0.686,0.702,7,-5.325,0,0.0455,0.00637,4.46e-05,0.204,0.29,129.948,4
"1211","spotify:track:6HZ9VeI5IRFCNQLXhpF4bq","I Love It (feat. Charli XCX)","THIS IS... ICONA POP","Icona Pop;Charli xcx","2013-08-23",157152,80,"true","204029","2024-05-14T07:25:35Z","hyperpop,art pop","Record Company TEN/Big Beat/ATL",0.711,0.906,8,-2.671,1,0.0284,0.00952,1.64e-05,0.153,0.824,125.916,4
"1212","spotify:track:4Y7XAxTANhu3lmnLAzhWJW","Fireball (feat. John Ryan)","Globalization","Pitbull;John Ryan","2014-11-24",236253,85,"false","204029","2024-05-14T07:25:53Z","","Mr.305/Polo Grounds Music/RCA Records",0.761,0.933,10,-5.38,1,0.056,0.0908,8.53e-05,0.0607,0.836,122.959,4
"1213","spotify:track:1yvMUkIOTeUNtNWlWRgANS","Unstoppable","This Is Acting (Deluxe Version)","Sia","2016-10-21",217746,81,"false","204029","2024-05-14T07:26:58Z","","Monkey Puzzle Records/RCA Records",0.468,0.779,9,-4.839,1,0.0779,0.112,0.000373,0.101,0.26,173.799,4
"1214","spotify:track:4B0JvthVoAAuygILe3n4Bs","What Do You Mean?","Purpose (Deluxe)","Justin Bieber","2015-11-13",205680,86,"false","204029","2024-05-14T07:43:00Z","","RBMG/Def Jam",0.845,0.567,5,-8.118,0,0.0956,0.59,0.00142,0.0811,0.793,125.02,4
"1215","spotify:track:1louJpMmzEicAn7lzDalPW","No Promises (feat. Demi Lovato)","No Promises (feat. Demi Lovato)","Cheat Codes;Demi Lovato","2017-03-31",223503,71,"false","204029","2024-05-18T14:38:57Z","","Parlophone UK",0.741,0.667,10,-5.445,1,0.134,0.0575,0,0.106,0.595,112.956,4
"1216","spotify:track:5A6OHHy73AR5tLxgTc98zz","Black and Yellow","Rolling Papers","Wiz Khalifa","2011-03-29",217666,84,"true","204029","2024-06-19T10:57:11Z","","Rostrum/Atlantic",0.684,0.834,2,-4.524,0,0.0675,0.0646,0,0.271,0.538,164.02,4
"1217","spotify:track:3850dYVgOFIXJh5U4BFEWH","Hung Up","Confessions on a Dance Floor","Madonna","2005-11-11",337733,85,"false","204029","2024-06-19T10:58:33Z","","Warner Records",0.649,0.647,9,-7.695,0,0.0452,0.0039,0.161,0.0686,0.405,125.02,4
"1218","spotify:track:2S2od3hT7ceytw7d1pTRuE","Again (feat. XXXTENTACION)","Again (feat. XXXTENTACION)","Noah Cyrus;XXXTENTACION","2017-09-22",193961,85,"false","204029","2024-06-23T09:13:00Z","emo rap","Records Label, LLC",0.664,0.738,9,-4.095,0,0.0338,0.188,5.75e-05,0.135,0.203,119.973,4
"1219","spotify:track:4lCv7b86sLynZbXhfScfm2","Firework","Teenage Dream: The Complete Confection","Katy Perry","2012-03-12",227880,75,"false","204029","2024-06-26T09:33:25Z","pop","Capitol Records",0.639,0.826,8,-4.968,1,0.0479,0.139,0,0.0803,0.648,124.075,4
"1220","spotify:track:4z8ssgZfs5TzKiO8HaGWXO","E.T.","Teenage Dream: The Complete Confection","Katy Perry","2012-03-12",206373,73,"false","204029","2024-06-26T09:33:51Z","pop","Capitol Records",0.603,0.871,5,-5.404,0,0.08,0.0213,0,0.364,0.69,150.103,4
"1221","spotify:track:3oL3XRtkP1WVbMxf7dtTdu","The One That Got Away","Teenage Dream: The Complete Confection","Katy Perry","2012-03-12",227333,87,"false","204029","2024-06-26T09:34:59Z","pop","Capitol Records",0.688,0.792,1,-4.023,0,0.0353,0.000802,0,0.2,0.863,133.958,4
"1222","spotify:track:3C0nOe05EIt1390bVABLyN","On The Floor","Love?","Jennifer Lopez;Pitbull","2011-04-29",284866,92,"false","204029","2024-06-26T09:36:24Z","","Nuyorican Productions / IDJ",0.73,0.777,3,-5.194,0,0.0496,0.105,0.000486,0.0691,0.575,130.003,4
"1223","spotify:track:3BxWKCI06eQ5Od8TY2JBeA","Buttons","PCD","The Pussycat Dolls","2005-01-01",225560,75,"false","204029","2024-06-26T09:38:37Z","","Pussycat Dolls",0.569,0.821,2,-4.38,1,0.267,0.178,0,0.289,0.408,210.857,4
"1224","spotify:track:7lWUJpax919G4JdaFEVmCy","Blah Blah Blah (feat. 3OH!3)","Animal (Expanded Edition)","Kesha;3OH!3","2010-01-01",172053,70,"true","204029","2024-06-26T09:39:14Z","","RCA Records Label",0.752,0.836,10,-3.173,1,0.115,0.0843,0.000425,0.424,0.519,120.003,4
"1225","spotify:track:5HbCnVLXRyZVxnreOPgJCK","Girlfriend","The Best Damn Thing","Avril Lavigne","2007-04-17",216600,8,"true","204029","2024-06-26T09:39:31Z","","RCA Records Label",0.56,0.959,7,-2.433,1,0.102,0.000738,0.000206,0.209,0.67,163.983,4
"1226","spotify:track:2hloaUoRonYssMuqLCBLTX","bloodline","thank u, next","Ariana Grande","2019-02-08",216893,83,"true","204029","2024-07-02T11:36:46Z","pop","Republic Records",0.757,0.665,2,-5.194,0,0.0774,0.0815,0.000158,0.216,0.643,151.979,4
"1227","spotify:track:1NNAI51EuoRWw1ydX1zV7S","Daylight","Overexposed Track By Track","Maroon 5","2012-01-01",225066,76,"false","204029","2024-07-03T22:51:02Z","pop","Interscope Records*",0.656,0.674,7,-5.473,1,0.0269,0.00242,0,0.255,0.369,120.001,4
"1228","spotify:track:57kR5SniQIbsbVoIjjOUDa","You Know You Like It","You Know You Like It","DJ Snake;AlunaGeorge","2014-10-14",247266,81,"false","204029","2024-07-09T11:06:14Z","","Universal-Island Records Ltd.",0.407,0.725,5,-5.346,0,0.188,0.0141,2.46e-06,0.306,0.247,196.093,4
"1229","spotify:track:3bwCMbwDZVtvJDnUTQIdCX","Beat It (feat. Chris Brown & Wiz Khalifa)","Back 2 Life","Sean Kingston;Chris Brown;Wiz Khalifa","2013-09-10",253453,74,"true","204029","2024-07-25T10:21:58Z","r&b","Epic/Beluga Heights",0.477,0.637,1,-5.386,1,0.109,0.00487,0,0.284,0.555,198.12,4
"1230","spotify:track:6dbSBQXCctYSVryynHXaZ4","Freaky Friday (feat. Chris Brown)","Freaky Friday (feat. Chris Brown)","Lil Dicky;Chris Brown","2018-03-16",216631,75,"true","204029","2024-07-25T10:22:11Z","r&b","Commission/BMG",0.755,0.599,8,-5.042,1,0.224,0.147,0,0.109,0.755,133.123,4
"1231","spotify:track:1x075F39Q0zOhjPzPKgG8E","Baby By Me","Before I Self-Destruct","50 Cent;Ne-Yo","2009-01-01",213360,80,"true","204029","2024-07-29T10:33:27Z","old school hip hop,east coast hip hop","Aftermath/Shady",0.611,0.827,0,-4.665,0,0.0876,0.0045,0.0132,0.0283,0.355,190.058,4
"1232","spotify:track:519tXYJVcrpEMqV2BMbh6E","No Air (feat. Chris Brown)","Jordin Sparks","Jordin Sparks;Chris Brown","2007-11-20",264373,1,"false","204029","2024-07-29T10:36:36Z","r&b","19 Recordings",0.466,0.759,8,-4.978,0,0.199,0.0521,0,0.0587,0.328,160.033,4
"1233","spotify:track:4WDpDsVuRIgUJtJWorGW92","Don't Worry (feat. Ray Dalton) - KAR4MBA Remix","Don't Worry (feat. Ray Dalton) [Remixes]","Madcon;Ray Dalton","2015-07-03",185000,35,"false","204029","2024-08-20T21:54:20Z","norwegian hip hop","WM Germany",0.768,0.84,7,-6.888,1,0.0455,0.0636,2.66e-05,0.347,0.915,126.061,4
"1234","spotify:track:37adYGaYaAWTGhBaOzX4Fh","Take A Slice","How To Be A Human Being","Glass Animals","2016-08-26",229717,78,"true","204029","2024-08-28T23:03:33Z","","Wolf Tone",0.623,0.661,9,-7,1,0.1,0.0212,0.000229,0.267,0.63,151.97,4
"1235","spotify:track:4eWQlBRaTjPPUlzacqEeoQ","Never Be the Same","Camila","Camila Cabello","2018-01-12",226986,84,"false","204029","2024-08-29T13:32:47Z","","Syco Music/Epic",0.637,0.713,0,-4.333,1,0.0747,0.181,0.000637,0.137,0.243,129.923,4
"1236","spotify:track:6piAUJJQFD8oHDUr0b7l7q","VALENTINO","DROPPED OUTTA COLLEGE","24kGoldn","2019-11-22",179133,69,"true","204029","2024-09-07T05:06:08Z","","Records/Columbia",0.746,0.717,9,-4.841,0,0.179,0.199,0,0.132,0.523,150.964,4
"1237","spotify:track:1oWM79mUVdZGCGYjSirHZR","Bandit (with YoungBoy Never Broke Again)","Death Race For Love (Bonus Track Version)","Juice WRLD;YoungBoy Never Broke Again","2019-03-08",189322,77,"true","204029","2024-09-07T05:06:13Z","melodic rap,emo rap","Grade A Productions/Interscope Records",0.474,0.631,5,-5.884,0,0.343,0.0687,0,0.132,0.424,180.056,4
"1238","spotify:track:1SOClUWhOi8vHZYMz3GluK","Infinity","Feel Something","Jaymes Young","2017-06-23",237720,82,"false","204029","2024-09-11T10:21:12Z","","Atlantic Records",0.671,0.673,11,-6.941,0,0.0444,0.148,5.29e-05,0.304,0.494,121.963,4
"1239","spotify:track:2plbrEY59IikOBgBGLjaoe","Die With A Smile","Die With A Smile","Lady Gaga;Bruno Mars","2024-08-16",251667,91,"false","204029","2024-09-14T08:13:27Z","art pop,pop","Interscope",0.521,0.592,6,-7.777,0,0.0304,0.308,0,0.122,0.535,157.969,3
"1240","spotify:track:6qUSs4FDzZUdAhY6JDIJfa","Who's That Chick? (feat. Rihanna)","One More Love","David Guetta;Rihanna","2010-11-22",201040,59,"false","204029","2024-09-16T09:32:44Z","edm","Parlophone (France)",0.675,0.602,11,-4.733,0,0.116,0.00377,0,0.0458,0.933,127.938,4
"1241","spotify:track:1JdQibdvxgcrB8Rv1KFndw","HEAVEN AND BACK","PHASES","Chase Atlantic","2019-06-28",248240,77,"false","204029","2024-09-25T00:05:24Z","","BMG Rights Management (US) LLC",0.309,0.793,10,-6.195,0,0.0774,0.0902,0.092,0.0888,0.532,193.714,4
"1242","spotify:track:3PqAnW2bB5TQnMoBivyFOb","Are You That Somebody","I Care 4 U","Aaliyah","2002-12-10",265666,0,"false","204029","2024-09-26T05:40:40Z","r&b,contemporary r&b","Blackground Records, LLC",0.85,0.657,9,-7.078,0,0.166,0.14,0.0192,0.0939,0.843,137.971,4
"1243","spotify:track:0xM8GcOTYlxy9ERBV8Ksx1","Lay It Down","King Of Hearts","Lloyd","2011-01-01",240120,61,"true","204029","2024-10-02T07:18:46Z","r&b","Zone 4 Inc/Interscope",0.522,0.785,1,-5.129,0,0.0699,0.0167,0,0.0774,0.525,156.05,4
"1244","spotify:track:068AyhyvE67qMRsMXLqAnd","Lady Killers II","Lady Killers II","G-Eazy","2024-03-17",297794,13,"true","204029","2024-10-14T06:11:38Z","","G-EAZY",0.673,0.567,7,-10.334,0,0.0322,0.0344,0.00506,0.151,0.497,136.005,4
"1245","spotify:track:3rUGC1vUpkDG9CZFHMur1t","greedy","greedy","Tate McRae","2023-09-15",131872,88,"true","204029","2024-10-14T11:37:54Z","","RCA Records Label",0.749,0.729,6,-3.19,0,0.0321,0.261,0,0.113,0.816,111.004,1
"1246","spotify:track:1i36kkhmhBxf4lYJscg5zK","Fantasy","COSMIC","Bazzi","2018-04-12",148229,73,"true","204029","2024-11-25T10:01:02Z","","iamcosmic",0.699,0.668,5,-4.272,0,0.0336,0.154,3.2e-06,0.362,0.314,144.105,4
"1247","spotify:track:5ubHAQtKuFfiG4FXfLP804","Lego House","+","Ed Sheeran","2011-09-09",185093,75,"false","204029","2024-12-18T07:55:27Z","soft pop","Atlantic Records UK",0.592,0.637,11,-8.48,1,0.0992,0.562,0,0.13,0.565,159.701,4
"1248","spotify:track:7cgu4JBW3hq1GwTM1ilkKQ","Talking Body","Queen Of The Clouds","Tove Lo","2014-09-24",238426,85,"true","204029","2024-12-30T05:36:24Z","","Universal Music AB",0.736,0.761,4,-5.449,0,0.0338,0.0966,0,0.0823,0.114,119.999,4
"1249","spotify:track:0W4NhJhcqKCqEP2GIpDCDq","Love","The Way It Is","Keyshia Cole","2005-06-21",255333,84,"false","204029","2025-01-06T06:01:27Z","r&b","A&M (UC)",0.688,0.518,5,-4.285,1,0.0283,0.0642,0,0.1,0.314,116.714,4
"1250","spotify:track:0FIDCNYYjNvPVimz5icugS","Timeless (feat Playboi Carti)","Hurry Up Tomorrow","The Weeknd;Playboi Carti","2025-01-31",256000,91,"true","204029","2025-02-04T22:55:57Z","rage rap","XO / Republic Records",0.768,0.775,11,-5.06,0,0.0466,0.069,2.96e-06,0.138,0.6,119.999,4
"1251","spotify:track:3qhlB30KknSejmIvZZLjOD","End of Beginning","DECIDE","Djo","2022-09-16",159245,95,"false","204029","2025-02-04T22:57:08Z","","Djo",0.689,0.454,2,-7.643,1,0.0584,0.0351,0.00259,0.0707,0.912,159.982,4
"1252","spotify:track:6GQuF9vzJAVs7fYN9ftBdP","Diva","I AM...SASHA FIERCE - Platinum Edition","Beyoncé","2008",200320,71,"false","204029","2025-02-04T22:57:18Z","","Music World Music/Columbia",0.869,0.546,6,-6.755,0,0.327,0.0512,0.0113,0.0541,0.855,146.118,4
"1253","spotify:track:3vkCueOmm7xQDoJ17W1Pm3","My Love Mine All Mine","The Land Is Inhospitable and So Are We","Mitski","2023-09-15",137773,88,"false","204029","2025-02-04T22:57:59Z","","Dead Oceans",0.504,0.308,9,-14.958,1,0.0321,0.868,0.135,0.158,0.121,113.95,4
"1254","spotify:track:0pJW1Xw3aY4Eh6k5iuBkfI","I Know The End","Punisher","Phoebe Bridgers","2020-06-18",344692,78,"false","204029","2025-03-01T06:40:43Z","","Dead Oceans",0.323,0.323,1,-10.268,1,0.0351,0.33,0.0229,0.233,0.256,111.826,4
"1255","spotify:track:1UNEuG9DYOWiikf00ayr52","Love Me Not","Love Me Not / Love Is Blind","Ravyn Lenae","2024-05-03",213466,89,"false","204029","2025-03-21T04:07:45Z","alternative r&b,indie soul","Atlantic Records",0.786,0.741,0,-6.147,1,0.0309,0.293,0,0.132,0.816,113.98,4
"1256","spotify:track:6uH6wz08OPQ2WpvEcst2S8","Evacuate the Dancefloor","Best of Cascada","Cascada","2018-05-18",205884,0,"true","204029","2025-04-16T11:37:14Z","europop,eurodance,nightcore","Central Station Records",0.76,0.697,0,-5.812,1,0.0489,0.0197,0,0.278,0.895,127.031,4
"1257","spotify:track:2VyaGJJI8dOiv36F8vHZIL","Slow Down","Paradise - EP","Chase Atlantic","2016-12-20",212093,81,"true","204029","2025-04-18T06:51:33Z","","BMG Rights Management (US) LLC",0.473,0.78,10,-4.861,1,0.0358,0.0169,5.9e-06,0.291,0.261,129.972,4
"1258","spotify:track:4HwDCXsMBC7SUdp2WT4MZP","Into It","Chase Atlantic","Chase Atlantic","2017-10-04",196767,84,"true","204029","2025-04-18T06:51:48Z","","Warner Records",0.518,0.572,10,-6.706,0,0.0416,0.0503,2.41e-05,0.129,0.291,130.053,4
"1259","spotify:track:6St9lR6dhV2tpCNVz7qfrS","In My Head","Jason Derulo (International)","Jason Derulo","2010-02-24",199026,76,"false","204029","2025-05-01T12:06:18Z","","Beluga Heights/Warner Records",0.762,0.748,0,-4.15,0,0.033,0.0266,0,0.348,0.851,110.009,4
"1260","spotify:track:4jvjzW7Hm0yK4LvvE0Paz9","Falling Down - Bonus Track","Come Over When You're Sober, Pt. 2","Lil Peep;XXXTENTACION","2018-11-09",196400,85,"true","204029","2025-05-01T12:45:36Z","emo rap,cloud rap","Columbia",0.669,0.574,4,-6.442,0,0.0286,0.0175,0.00294,0.146,0.273,120.013,4
"1261","spotify:track:3SAga35lAPYdjj3qyfEsCF","Feel It (From “Invincible”)","Feel It (From “Invincible”)","d4vd","2024-03-28",157974,77,"false","204029","2025-05-01T12:56:36Z","","D4VD ENT, LLC",0.565,0.593,8,-5.864,1,0.0883,0.0288,0,0.215,0.429,120.509,4
"1262","spotify:track:7I8tomzL7OFXyGt1HAKyb9","The Cut That Always Bleeds","Kid Krow","Conan Gray","2020-03-20",231920,59,"false","204029","2025-05-01T12:57:04Z","","Republic Records",0.494,0.414,0,-6.504,1,0.0314,0.592,0,0.0639,0.244,135.996,4
"1263","spotify:track:7F25roCtYi55JouckaayPC","Judas","Born This Way (International Special Edition Version)","Lady Gaga","2011-05-23",249066,85,"false","204029","2025-05-01T12:57:21Z","art pop,pop","Interscope",0.664,0.934,10,-3.848,0,0.0696,0.00108,2.73e-05,0.271,0.529,130.983,4
"1264","spotify:track:0PWgAyoxsjwGRuFSO0fyya","Better Than Revenge","Speak Now","Taylor Swift","2010-10-25",217173,61,"false","204029","2025-06-01T11:27:35Z","","Taylor Swift",0.519,0.917,11,-3.185,0,0.0887,0.0167,2.06e-05,0.359,0.652,145.882,4
"1265","spotify:track:5yVIlYEHZxQVLyInCdldoS","Impossible","James Arthur (Deluxe)","James Arthur","2013-11-04",209440,83,"false","204029","2025-06-16T23:07:17Z","soft pop","Syco Music",0.376,0.695,0,-4.782,0,0.0933,0.135,0,0.11,0.302,169.533,4
"1266","spotify:track:0sPJELXHyWpFgkxlzvvRFI","Hard 2 Face Reality","Hard 2 Face Reality","Poo Bear;Justin Bieber;J A Y E L E C T R O N I C A","2018-04-06",196569,75,"false","204029","2025-07-13T10:10:41Z","alternative hip hop","Bearthday Music, LLC",0.625,0.626,7,-5.281,1,0.0293,0.22,0,0.228,0.282,142.043,4
"1267","spotify:track:364dI1bYnvamSnBJ8JcNzN","Intentions","Intentions","Justin Bieber;Quavo","2020-02-07",212868,72,"false","204029","2025-07-17T08:33:51Z","","RBMG/Def Jam",0.811,0.553,9,-6.644,1,0.0552,0.317,0,0.105,0.86,148.014,4
"1268","spotify:track:37F0uwRSrdzkBiuj0D5UHI","Reminder","Starboy","The Weeknd","2016-11-25",218880,84,"true","204029","2025-08-08T04:44:51Z","","The Weeknd/Lyric",0.705,0.505,8,-6.923,1,0.193,0.142,0,0.164,0.388,160.053,4
"1269","spotify:track:6aJn7Cst74cj4lNIiPRgav","Touch","Touch","KATSEYE","2024-07-26",129882,87,"false","204029","2025-09-18T11:07:29Z","k-pop","HYBE/Geffen",0.739,0.904,5,-2.655,0,0.0442,0.549,1.03e-05,0.0948,0.788,167.033,4
"1270","spotify:track:0fonaf88IEDQM309zmU80L","Be My Baby","My Everything (Deluxe)","Ariana Grande;Cashmere Cat","2014-08-22",217053,71,"false","204029","2026-03-31T09:23:36Z","pop","Universal Records",0.622,0.586,3,-6.241,0,0.0356,0.0735,7.41e-06,0.0803,0.434,145.081,4
"1271","spotify:track:6mapJIPnQ23RTAevUoE0DL","Swang","SremmLife 2 (Deluxe)","Rae Sremmurd","2016-08-12",208120,81,"true","204029","2026-03-31T09:23:52Z","","Mike WiLL Made-It",0.681,0.314,8,-9.319,1,0.0581,0.2,9.82e-06,0.1,0.166,139.992,4
"1272","spotify:track:30TmLgK0ja5O8q9l4BShIX","Everyday","Dangerous Woman","Ariana Grande;Future","2016-04-01",194840,79,"true","204029","2026-04-07T03:51:49Z","pop,rap,trap","Universal Records",0.637,0.733,7,-4.413,0,0.0563,0.0149,0,0.162,0.431,131.004,4
"1273","spotify:track:5Uc37Y6FijZcM538PqqkWd","Legendary Lovers","PRISM (Deluxe)","Katy Perry","2013-10-18",224216,85,"false","204029","2026-06-04T22:00:01Z","pop","Capitol Records (CAP)",0.622,0.839,4,-4.788,0,0.0843,0.0222,0,0.0781,0.403,126.027,4
"1274","spotify:track:6ZAuQOgLrNQb9s7BXheuTy","Sue me","Who's the Clown?","Audrey Hobert","2025-08-15",170320,88,"true","204029","2026-06-04T22:00:16Z","","Audrey Hobert/RCA Records",0.553,0.79,8,-5.734,1,0.0749,0.0215,0,0.0624,0.545,119.913,4
"1275","spotify:track:3JfbMm4LfBmm96mkKhyG6I","RICHMAN","WANT","3OH!3","2008-07-07",199600,78,"true","204029","2026-06-05T08:43:40Z","","Photo Finish/Atlantic",0.59,0.813,5,-3.543,0,0.342,0.00416,0,0.748,0.517,161.868,4
"1276","spotify:track:4PYiIgzcp4o5pEYji1xY9q","Masterpiece","Sweet Talker (Deluxe Version)","Jessie J","2014-10-10",220653,64,"false","204029","2026-07-19T08:54:33Z","","Lava Music/Republic Records",0.661,0.733,0,-2.7,0,0.0434,0.0153,0,0.0982,0.612,143.932,4
"1277","spotify:track:5IMpnpD0tQVcqWlVIgtAtV","iloveitiloveitiloveit","iloveitiloveitiloveit","Bella Kay","2026-01-11",183237,86,"true","204029","2026-08-11T10:44:36Z","","2026 Bella Kay",0.615,0.327,6,-8.13,0,0.0332,0.735,3.09e-05,0.112,0.382,143.198,4
"1278","spotify:track:2wNGoon7FlKnVEyYS1ZRBQ","Sweet Dreams","I AM...SASHA FIERCE - Platinum Edition","Beyoncé","2008",207480,76,"false","204029","2026-08-13T06:04:48Z","","Music World Music/Columbia",0.693,0.822,1,-6.01,1,0.102,0.0995,1.73e-05,0.061,0.765,121.969,4
"1279","spotify:track:3ouNEk0tv5TTi8VWMe1xbX","Animal","Animal","KATSEYE","2026-07-24",158494,94,"false","204029","2026-08-13T22:14:47Z","k-pop","HYBE/Geffen",0.777,0.839,0,-4.119,0,0.0539,0.42,0,0.24,0.962,149.973,4
"1280","spotify:track:2SaWT781xr3hHLdbVt5DB7","Freakin’ Out","Freakin’ Out","Dexter and The Moonrocks","2026-03-11",217897,89,"false","204029","2026-08-16T04:12:28Z","","Who's Dexter Enterprises / Severance Records / Big Loud Rock",0.554,0.819,7,-4.789,1,0.0415,0.176,3.54e-06,0.198,0.107,124.026,4
"1281","spotify:track:0e7ipj03S05BNilyu5bRzt","rockstar (feat. 21 Savage)","beerbongs & bentleys","Post Malone;21 Savage","2018-04-27",218146,85,"true","204029","2026-08-20T21:31:10Z","","Republic Records",0.585,0.52,5,-6.136,0,0.0713,0.124,7.75e-05,0.131,0.129,159.798,4
"1282","spotify:track:3at4D3FZnJnYR0Mfcn6JSN","Take You Dancing","Nu King","Jason Derulo","2024-02-16",190306,72,"false","204029","2026-09-18T12:16:56Z","","Atlantic Records",0.78,0.687,2,-5.22,1,0.0468,0.0411,0,0.0701,0.741,112.975,4
"1283","spotify:track:4ZtFanR9U6ndgddUvNcjcG","good 4 u","SOUR","Olivia Rodrigo","2021-05-21",178146,86,"true","katsura_jones","2023-05-11T19:50:13Z","","Olivia Rodrigo PS",0.563,0.664,9,-5.044,1,0.154,0.335,0,0.0849,0.688,166.928,4
"1284","spotify:track:6Skh3CBum0pZw9TOr7FQnX","Safe With Me (with Audrey Mika)","Safe With Me (with Audrey Mika)","Gryffin;Audrey Mika","2020-11-19",205164,51,"false","katsura_jones","2023-05-11T19:50:13Z","edm,melodic bass,future bass","Darkroom/Interscope Records",0.497,0.757,11,-4.189,1,0.127,0.0449,0,0.119,0.507,169.902,4
"1285","spotify:track:5HCyWlXZPP0y6Gqq8TgA20","STAY (with Justin Bieber)","STAY (with Justin Bieber)","The Kid LAROI;Justin Bieber","2021-07-09",141805,83,"true","katsura_jones","2023-05-11T19:50:13Z","","Columbia",0.591,0.764,1,-5.484,1,0.0483,0.0383,0,0.103,0.478,169.928,4
"1286","spotify:track:4Z1xD1Wr3EF2uqgEODVPyH","From Here","OWSLA Worldwide Broadcast","Louis The Child","2016-01-29",203720,41,"false","katsura_jones","2023-05-11T19:50:13Z","","OWSLA",0.591,0.532,0,-7.509,1,0.226,0.338,0.883,0.359,0.254,171.957,4
"1287","spotify:track:75scDPqGs75FotglJSoOI2","MIC Drop (Steve Aoki Remix) [Full Length Edition]","Love Yourself 結 'Answer'","BTS;Steve Aoki","2018-08-24",307675,7,"false","katsura_jones","2023-05-11T19:50:13Z","k-pop,electro house,edm","BIGHIT MUSIC / HYBE",0.606,0.848,11,-3.952,1,0.184,0.0114,1.06e-06,0.206,0.54,170.01,4
"1288","spotify:track:2eMh8ISgK9dylE51SJUixA","My Friends Never Die","My Friends Never Die","ODESZA","2013-09-17",171500,5,"false","katsura_jones","2023-05-11T19:50:13Z","chillwave,chillstep","Odesza",0.489,0.595,4,-8.106,0,0.0374,0.00439,0.878,0.0855,0.56,170.05,4
"1289","spotify:track:3mXOssdHHkN6AvLw6ZgKiL","SAME ENERGY","F*CK LOVE 3: OVER YOU","The Kid LAROI","2021-07-23",93176,5,"true","katsura_jones","2023-05-11T19:50:13Z","","Columbia",0.676,0.494,2,-7.077,1,0.261,0.135,0,0.0995,0.756,169.685,4
"1290","spotify:track:6xsEAm6w9oMQYYg3jkEkMT","Bad Blood","Bad Blood","Taylor Swift;Kendrick Lamar","2015-05-17",200106,70,"false","katsura_jones","2023-05-11T19:50:13Z","hip hop,west coast hip hop","Taylor Swift",0.654,0.655,11,-7.388,0,0.106,0.0294,0,0.139,0.221,170.16,4
"1291","spotify:track:40xhyfAPDoMtv494MfPevP","XO","BEYONCÉ [Platinum Edition]","Beyoncé","2014-11-24",215946,69,"false","katsura_jones","2023-05-11T19:50:13Z","","Parkwood Entertainment/Columbia",0.47,0.793,0,-8.929,1,0.26,0.164,1.31e-06,0.313,0.216,170.1,4
"1292","spotify:track:5l60Z7gXN9MhAyhdZdy3uA","Never A Good Time","NOTED...EP","NOTD;The Band CAMINO","2022-09-09",167232,57,"false","katsura_jones","2023-05-11T19:50:13Z","","Universal Music AB",0.542,0.829,6,-4.266,1,0.0311,0.018,0.000134,0.181,0.643,167.942,4
"1293","spotify:track:4Dnss7a0Fobyvw2aWBnDzm","Starlight","Starlight","Jai Wolf;Mr Gabriel","2017-04-07",223058,4,"false","katsura_jones","2023-05-11T19:50:13Z","","Mom+Pop",0.312,0.72,9,-5.511,1,0.0338,0.00601,0.0337,0.0936,0.119,170.071,4
"1294","spotify:track:1OEywzfuZMT4tjuWWcypL1","Faded","Faded","Kim Petras;lil aaron","2017-12-15",244149,36,"false","katsura_jones","2023-05-11T19:50:13Z","emo rap","Republic Records",0.687,0.808,2,-4.296,1,0.104,0.0175,0,0.129,0.783,172.04,4
"1295","spotify:track:1PuQTv1Kr1gzLgVeATSuh6","Somebody Told Me","Voicenotes","Charlie Puth","2018-05-11",216053,54,"false","katsura_jones","2023-05-11T19:50:13Z","soft pop","Artist Partner",0.592,0.839,1,-4.944,0,0.0564,0.101,0,0.0528,0.457,168.501,4
"1296","spotify:track:6d48aJz9FrGQCfA9zj0ZMM","IN A DREAM","In A Dream","Troye Sivan","2020-08-21",229613,53,"true","katsura_jones","2023-05-11T19:50:13Z","","EMI Recorded Music Australia Pty Ltd",0.538,0.808,0,-5.644,1,0.132,0.019,1.99e-06,0.136,0.702,170.032,4
"1297","spotify:track:40CyjWHnex920T67TMP5zO","Nobody Loves Me (feat. ELIO)","Nobody Loves Me (feat. ELIO)","Winona Oak;ELIO","2021-03-05",150763,33,"false","katsura_jones","2023-05-11T19:50:13Z","","Neon Gold/Atlantic",0.62,0.63,0,-8.749,1,0.0935,0.466,0.00496,0.152,0.773,169.969,4
"1298","spotify:track:6E70mw7GcKtIyCGVonFBPv","Waiting All Day To Get To You","Second Nature","Netsky","2020-10-30",175058,4,"false","katsura_jones","2023-05-11T19:50:13Z","drum and bass,liquid funk,drumstep,chillstep","Hospital Records",0.582,0.934,2,-2.861,1,0.0342,0.00206,0.00684,0.134,0.436,170.054,4
"1299","spotify:track:7gNRYLOwgmzMEpgXARSnX9","Leave Me (feat. Marc E. Bassy)","Leave Me (feat. Marc E. Bassy)","Skizzy Mars;Marc E. Bassy","2019-10-24",171034,46,"true","katsura_jones","2023-05-11T19:50:13Z","","Kingmaker/Please Rewind",0.696,0.729,1,-3.779,0,0.0485,0.046,0,0.178,0.555,173.954,4
"1300","spotify:track:34eF4BoV8FPk0uhAAoqU7h","SUN GOES DOWN","SUN GOES DOWN","Lil Nas X","2021-05-21",168275,57,"false","katsura_jones","2023-05-11T19:50:13Z","","Columbia",0.551,0.636,2,-6.798,1,0.054,0.0837,4.28e-06,0.112,0.148,174.065,4
"1301","spotify:track:47No93LxERvV6MtOAmQzHS","Ignorance","Brand New Eyes","Paramore","2009-09-25",218626,75,"false","katsura_jones","2023-05-11T19:50:13Z","pop punk,emo","Fueled By Ramen",0.522,0.964,11,-2.645,0,0.095,0.00109,0.000389,0.0387,0.51,170.944,4
"1302","spotify:track:3ZlFUr0RBrUYYsmlcFvD0e","Paper Planes","Paper Planes","M.I.A.","2008-10-13",205200,6,"false","katsura_jones","2023-05-11T19:50:13Z","","XL Recordings",0.447,0.848,2,-6.175,1,0.222,0.033,7.46e-05,0.65,0.485,172.253,4
"1303","spotify:track:1aU1wpYBSpP0M6IiihY5Ue","Renegade (feat. Taylor Swift)","Renegade (feat. Taylor Swift)","Big Red Machine;Taylor Swift","2021-07-02",254466,3,"true","katsura_jones","2023-05-11T19:50:13Z","","Jagjaguwar",0.532,0.708,0,-8.121,1,0.0505,0.435,0.0236,0.107,0.586,167.977,4
"1304","spotify:track:0lUSd7TCG8srh6HpIAEIWL","Power","Glory Days (Expanded Edition)","Little Mix","2016-11-18",247840,75,"false","katsura_jones","2023-05-11T19:50:13Z","","Syco Music",0.566,0.855,7,-4.016,1,0.211,0.0372,0.000157,0.181,0.517,172.966,4
"1305","spotify:track:21DHouHM5YSgRNz5j8Rfiw","London Queen","SUCKER","Charli xcx","2014-12-15",171346,35,"false","katsura_jones","2023-05-11T19:50:13Z","hyperpop,art pop","Atlantic Records UK",0.615,0.873,6,-3.125,0,0.331,0.0147,0.000213,0.0963,0.531,171.87,4
"1306","spotify:track:6iOvnACn4ChlAw4lWUU4dd","Go To Town","Amala","Doja Cat","2018-03-30",217806,67,"true","katsura_jones","2023-05-11T19:50:13Z","","MAU Records",0.71,0.71,0,-2.474,1,0.0579,0.0716,1.07e-06,0.206,0.7,169.944,4
"1307","spotify:track:4kV4N9D1iKVxx1KLvtTpjS","break up with your girlfriend, i'm bored","thank u, next","Ariana Grande","2019-02-08",190440,79,"true","katsura_jones","2023-05-11T19:50:13Z","pop","Republic Records",0.727,0.554,5,-5.29,0,0.0915,0.0421,0,0.106,0.335,170,4
"1308","spotify:track:77lGafvlU68CeHgB2pkHC9","At My Best (feat. Hailee Steinfeld)","bloom","mgk;Hailee Steinfeld","2017-05-12",199973,58,"false","katsura_jones","2023-05-11T19:50:13Z","","Bad Boy / Interscope",0.524,0.772,7,-6.696,0,0.152,0.00273,0.000169,0.224,0.237,169.855,4
"1309","spotify:track:6megtuCIeO5CwQwvzVBNx8","Sunday","Colour The Small One","Sia","2005-01-01",257533,29,"false","katsura_jones","2023-05-11T19:50:13Z","","Astralwerks",0.467,0.707,7,-6.36,0,0.0299,0.053,0.393,0.172,0.526,171.091,4
"1310","spotify:track:67YPjbcxUypwNOwYBZquq1","Superposition","Mirror Master","Young the Giant","2018-10-12",230959,71,"false","katsura_jones","2023-05-11T19:50:13Z","","Elektra (NEK)",0.593,0.697,7,-5.416,1,0.0399,0.00289,0.0257,0.14,0.428,170,4
"1311","spotify:track:6cFbC4iK69ZM9em1EolL12","She Knows How to Love Me (feat. Jess Glynne & Stefflon Don)","7","David Guetta;Jess Glynne;Stefflon Don","2018-09-14",181733,30,"false","katsura_jones","2023-05-11T19:50:13Z","edm,dancehall","Parlophone (France)",0.629,0.676,11,-5.413,0,0.156,0.112,0,0.396,0.441,171.801,4
"1312","spotify:track:47TQjzeG4KI0XWWb0wkbri","Australia","Wincing The Night Away","The Shins","2007-01-23",236711,63,"false","katsura_jones","2023-05-11T19:50:13Z","indie,indie pop","Sub Pop Records",0.416,0.827,4,-5.177,1,0.0384,0.00428,0.000242,0.277,0.87,169.902,4
"1313","spotify:track:3MYWKl8ScgDu3sAvyneMCG","Portugal","TALKING IS HARD","WALK THE MOON","2014-12-02",241253,45,"false","katsura_jones","2023-05-11T19:50:13Z","","RCA Records Label",0.446,0.881,2,-4.368,1,0.0545,0.00749,0,0.13,0.415,169.889,4
"1314","spotify:track:2Vfbf60Ujpom3Bcljzw7Dd","Cigarettes In the Theatre","Tourist History","Two Door Cinema Club","2010-02-17",214253,2,"false","katsura_jones","2023-05-11T19:50:13Z","indie,indie rock","Glassnote Entertainment Group LLC",0.454,0.867,0,-5.321,1,0.214,8.03e-05,0.265,0.115,0.67,168.973,4
"1315","spotify:track:7fwT1XDInUCYFc0V0jb4Y7","Always Where I Need To Be","Konk","The Kooks","2008-01-01",161720,45,"false","katsura_jones","2023-05-11T19:50:13Z","indie,indie rock","Virgin Records",0.331,0.961,11,-4.627,1,0.0663,0.000146,0,0.322,0.882,168.355,4
"1316","spotify:track:23oxJmDc1V9uLUSmN2LIvx","Ocean Avenue","Ocean Avenue","Yellowcard","2003-01-01",198266,78,"false","katsura_jones","2023-05-11T19:50:13Z","pop punk,punk,emo","Capitol Records",0.486,0.904,6,-3.751,0,0.0638,3.43e-05,2.83e-05,0.0947,0.786,173.734,4
"1317","spotify:track:6kcuYyyU2tPxGP3PDVWYJT","Summer Paradise (feat. Sean Paul) - Single Version","Summer Paradise (feat. Sean Paul)","Simple Plan;Sean Paul","2012-02-21",234786,38,"false","katsura_jones","2023-05-11T19:50:13Z","pop punk,punk,emo,dancehall","Atlantic Records",0.421,0.822,2,-4.415,1,0.0542,0.0132,0,0.092,0.751,171.935,4
"1318","spotify:track:5sbooPcNgIE22DwO0VNGUJ","POP/STARS","POP/STARS","K/DA;Madison Beer;i-dle;Jaira Burns;League of Legends","2018-11-03",191100,9,"false","katsura_jones","2023-05-11T19:50:13Z","k-pop","Riot Games",0.566,0.769,7,-4.342,1,0.0872,0.0183,0,0.108,0.385,170.036,4
"1319","spotify:track:4A2LfnduSTsE8u0ecYROxE","You Are In Love","1989 (Deluxe Edition)","Taylor Swift","2014-10-27",267106,57,"false","katsura_jones","2023-05-11T19:50:13Z","","Taylor Swift",0.474,0.48,2,-8.894,1,0.0622,0.707,0.000108,0.0903,0.319,170.109,4
"1320","spotify:track:1AHMLvqgyEaUtyvy2MN21a","It's Strange - Melvv Remix","It's Strange (Remixes)","Louis The Child;K.Flay;MELVV","2016-01-15",218023,2,"true","katsura_jones","2023-05-11T19:50:13Z","","Ultra Records",0.676,0.642,0,-5.035,1,0.0516,0.166,4.65e-05,0.254,0.481,171.966,4
"1321","spotify:track:4wFK5ESRSBrmVDjOkOSa7g","Crash and Burn","PARANOIA","Maggie Lindemann","2021-01-22",159636,3,"false","katsura_jones","2023-05-11T19:50:13Z","","swixxzaudio",0.463,0.836,7,-2.224,1,0.0419,0.00142,0,0.342,0.379,169.916,4
"1322","spotify:track:0sgPj1qwzTDn6aM0kHbM9b","Josslyn (with 24kGoldn)","Josslyn (with 24kGoldn)","Olivia O'Brien;24kGoldn","2020-05-22",189250,36,"true","katsura_jones","2023-05-11T19:50:13Z","","Island Records",0.466,0.708,2,-5.664,1,0.145,0.0184,0,0.49,0.439,170.065,4
"1323","spotify:track:3QCU8BT0zDS9LPVfEhRFEE","ALWAYS DO","F*CK LOVE (SAVAGE)","The Kid LAROI","2020-11-06",151704,3,"true","katsura_jones","2023-05-11T19:50:13Z","","Columbia",0.762,0.426,8,-6.865,1,0.113,0.0442,0,0.0858,0.582,167.827,4
"1324","spotify:track:4bNa2MHnPB7zckROAHh8mR","Bite Me","Bite Me","Avril Lavigne","2021-11-10",159746,2,"true","katsura_jones","2023-05-11T19:50:13Z","","DTA Records",0.491,0.792,8,-4.382,1,0.0699,0.00381,0,0.359,0.74,169.997,4
"1325","spotify:track:0FJw1Pg9xXCxbcyQMI6GAe","My Way (Steve Aoki & Aloe Blacc)","My Way (Steve Aoki & Aloe Blacc)","Steve Aoki;Aloe Blacc","2020-12-23",197647,2,"false","katsura_jones","2023-05-11T19:50:13Z","electro house,edm","Ultra Records",0.585,0.82,10,-4.428,1,0.0774,0.11,0,0.134,0.396,169.895,4
"1326","spotify:track:0suLmBuEbatdochI4tHduq","FEELING GUD","FEELING GUD","NGHTMRE;SLANDER;Matthew Santos","2020-02-07",190682,53,"false","katsura_jones","2023-05-11T19:50:13Z","dubstep,edm,edm trap,future bass,melodic bass","Gud Vibes",0.484,0.94,5,-3.682,0,0.257,0.0145,0.000323,0.266,0.334,173.741,4
"1327","spotify:track:63XV1peZpNd431dAJIOEiM","No Time (feat. Wiz Khalifa and PRINCE$$ ROSIE)","No Time (feat. Wiz Khalifa and PRINCE$$ ROSIE)","Cheat Codes;DVBBS;PRINCE$$ ROSIE;Wiz Khalifa","2020-08-14",158892,29,"true","katsura_jones","2023-05-11T19:50:13Z","edm,big room,slap house,electronica","300 Entertainment",0.68,0.72,11,-5.319,0,0.27,0.243,0,0.164,0.354,171.11,4
"1328","spotify:track:0cTmZAWgUFAPQXj2ZNgU8T","Another Day in Paradise","Change of Scenery","Quinn XCII","2015-04-28",255000,2,"false","katsura_jones","2023-05-11T19:50:13Z","","Quinn XCII",0.653,0.802,11,-5.308,1,0.0666,0.161,0,0.143,0.56,167.952,5
"1329","spotify:track:2OvV4NjEBRE9v8Oo7QeUCq","Jump (with Trippie Redd)","Jump (with Trippie Redd)","Julia Michaels;Trippie Redd","2018-05-04",207856,49,"true","katsura_jones","2023-05-11T19:50:13Z","melodic rap","J/Republic",0.654,0.547,10,-6.598,1,0.127,0.25,0,0.0961,0.507,173.981,4
"1330","spotify:track:4gzsuuZypVbxs0Af1LSZyB","Lo Siento BB:/ (with Bad Bunny & Julieta Venegas)","Lo Siento BB:/ (with Bad Bunny & Julieta Venegas)","Tainy;Bad Bunny;Julieta Venegas","2021-10-05",207301,75,"false","katsura_jones","2023-05-11T19:50:13Z","reggaeton,trap latino,latin,urbano latino,latin pop,latin rock","Insolito LLC",0.639,0.703,4,-6.33,0,0.0794,0.0889,1.78e-06,0.0865,0.138,169.888,4
"1331","spotify:track:6B12OgEwp6J6bmQKUrJIQ9","The Half","Encore","DJ Snake;Jeremih;Young Thug;Swizz Beatz","2016-08-05",217333,27,"false","katsura_jones","2023-05-11T19:50:13Z","rap,melodic rap,trap","DJ Snake Def Jam",0.723,0.719,11,-3.307,1,0.111,0.00957,0,0.72,0.454,169.936,4
"1332","spotify:track:6UTgq5vISNXk2OUWLg2x3r","Stars Don't Shine (feat. Global Dan)","HiROQUEST: Genesis","Steve Aoki;Global Dan","2022-09-16",221647,34,"false","katsura_jones","2023-05-11T19:50:13Z","electro house,edm,melodic rap,emo rap","Steve Aoki",0.576,0.826,0,-3.207,1,0.0995,0.0751,7.62e-06,0.252,0.549,170.019,4
"1333","spotify:track:3aHgTNM3PKYuTJt1zCFpJP","Flip Me Upside Down","Fix Yourself, Not The World","The Wombats","2022-01-14",193720,25,"true","katsura_jones","2023-05-11T19:50:13Z","indie","WM Australia",0.48,0.827,1,-5.54,1,0.0657,0.00607,0,0.0653,0.526,171.91,4
"1334","spotify:track:13CLRmU5f8vvqnrt1DKoQW","With Ur Love (feat. Mike Posner)","Sticks & Stones","Cher Lloyd;Mike Posner","2011-11-07",225613,49,"false","katsura_jones","2023-05-11T19:50:13Z","","Syco Music UK",0.551,0.86,4,-2.11,1,0.0431,0.0106,0,0.175,0.723,169.989,4
"1335","spotify:track:2HtSqfsa6fCxCFBGKBWILM","Nights","I Can Feel You Forgetting Me","Neon Trees","2020-07-24",215888,47,"false","katsura_jones","2023-05-11T19:50:13Z","","Thrill Forever, LLC",0.501,0.858,0,-4.34,0,0.0342,0.0126,0,0.294,0.599,169.946,4
"1336","spotify:track:4548LyFomXQmDAINcFizEq","Learn To Love Again","Learn To Love Again","Audien","2021-05-07",224285,52,"false","katsura_jones","2023-05-11T19:50:13Z","edm,progressive house","Armada Music",0.53,0.81,1,-3.335,1,0.0487,0.0417,2.89e-06,0.0759,0.415,167.842,4
"1337","spotify:track:6YMXxomWa9gMt9gnhZOVJY","Addicted To You - David Guetta Remix","Addicted To You (Remixes)","Avicii;David Guetta","2014-01-01",318666,55,"false","purewow","2020-07-21T17:24:10Z","edm","Pophouse Entertainment Group",0.448,0.812,1,-6.558,1,0.0542,0.00727,0.0725,0.0476,0.142,127.982,4
"1338","spotify:track:7CYCgMa7IgSjDwL3THbeCa","Power","Glory Days: The Platinum Edition","Little Mix","2017-11-24",247840,3,"false","purewow","2020-07-21T17:25:29Z","","Syco Music",0.566,0.855,7,-4.016,1,0.211,0.0367,0.000162,0.181,0.513,172.977,4
"1339","spotify:track:3KliPMvk1EvFZu9cvkj8p1","Work Bitch","Britney Jean (Deluxe Version)","Britney Spears","2013-11-30",247960,74,"true","purewow","2020-07-21T17:26:07Z","pop","RCA Records Label",0.629,0.824,9,-6.53,1,0.159,0.155,0.000628,0.0651,0.852,128.01,4
"1340","spotify:track:2id8E4WvczfKHB4LHI7Np3","Edge of Seventeen","Crystal Visions...The Very Best of Stevie Nicks","Stevie Nicks","2007-03-27",329680,72,"false","purewow","2020-07-21T17:26:50Z","","Reprise",0.59,0.828,0,-6.28,1,0.0439,0.277,5.57e-06,0.0868,0.636,111.353,4
"1341","spotify:track:6g0Orsxv6glTJCt4cHsRsQ","Formation","Lemonade","Beyoncé","2016-04-23",206080,72,"true","purewow","2020-07-21T17:27:01Z","","Parkwood Entertainment/Columbia",0.896,0.621,5,-6.857,0,0.237,0.00532,0,0.196,0.818,121.966,4
"1342","spotify:track:5ubwXXOsH9bUhZsQ0Cybha","Level Up","Level Up","Ciara","2018-07-18",204150,4,"false","purewow","2020-07-21T17:27:12Z","","Ciara",0.746,0.825,1,-4.666,1,0.169,0.0142,0.0107,0.121,0.584,152.914,4
"1343","spotify:track:0rIAC4PXANcKmitJfoqmVm","Motivation","Motivation","Normani","2019-08-16",193837,67,"false","purewow","2020-07-21T17:27:34Z","","Keep Cool/RCA Records",0.599,0.887,4,-3.967,1,0.0984,0.0192,1.21e-06,0.3,0.881,170.918,4
"1344","spotify:track:5Z01UMMf7V1o0MzF86s6WJ","Lose Yourself","Curtain Call: The Hits (Deluxe Edition)","Eminem","2005-12-06",326466,82,"true","purewow","2020-07-21T17:28:18Z","rap,hip hop","Eminem Catalog PS",0.692,0.744,2,-4.565,1,0.257,0.00868,0.000423,0.359,0.0612,171.374,4
"1345","spotify:track:0E6PsO3ymCfUh7pJQjBgkj","APESHIT","EVERYTHING IS LOVE","The Carters","2018-06-16",264853,61,"true","purewow","2020-07-21T17:28:56Z","","Roc Nation – JAY-Z Duet",0.705,0.784,2,-6.477,1,0.271,0.0133,0,0.168,0.377,160.035,4
"1346","spotify:track:2xLMifQCjDGFmkHkpNLD9h","SICKO MODE","ASTROWORLD","Travis Scott","2018-08-03",312820,86,"true","purewow","2020-07-21T17:29:09Z","rap","Cactus Jack / Epic",0.834,0.73,8,-3.714,1,0.222,0.00513,0,0.124,0.446,155.008,4
"1347","spotify:track:7nXq1vaZiz7PdbfojpPjW5","Fighter","Stripped","Christina Aguilera","2002-07-19",245960,71,"false","purewow","2020-07-21T17:30:44Z","","RCA Records Label",0.435,0.92,4,-1.357,0,0.201,0.235,0.000353,0.552,0.45,188.899,4
"1348","spotify:track:3RauEVgRgj1IuWdJ9fDs70","The Man","Lover","Taylor Swift","2019-08-23",190360,79,"false","purewow","2020-07-21T17:31:34Z","","Taylor Swift",0.777,0.658,0,-5.191,1,0.054,0.0767,0,0.0901,0.633,110.048,4
"1349","spotify:track:0v1XpBHnsbkCn7iJ9Ucr1l","It's My Life","Crush","Bon Jovi","2000-01-01",224493,86,"false","purewow","2020-07-21T17:32:17Z","glam metal","Island Records",0.551,0.914,0,-4.063,0,0.0465,0.0263,1.35e-05,0.347,0.543,119.994,4
"1350","spotify:track:0LWkaEyQRkF0XAms8Bg1fC","Party Up","...And Then There Was X","DMX","1999-12-21",268866,76,"true","purewow","2020-07-21T17:34:42Z","east coast hip hop,old school hip hop,hardcore hip hop","RAL",0.51,0.931,11,-3.302,1,0.337,0.0738,0,0.5,0.533,201.932,4
"1351","spotify:track:21qnJAMtzC6S5SESuqQLEK","Pump Up The Jam","Pump Up The Jam","Technotronic","1989-11-28",320306,78,"false","purewow","2020-07-21T17:35:11Z","eurodance,hip house,dance","Universal Music S.A.",0.885,0.844,10,-9.225,0,0.0733,0.0147,4.49e-06,0.0494,0.715,124.602,4
"1352","spotify:track:3lrNq7iGL5r3KS93YiKAbC","Don't Stop Me Now","Greatest Hits","Queen","1981-10-26",209600,3,"false","purewow","2020-07-21T17:35:29Z","classic rock,rock,glam rock","Hollywood Records",0.557,0.761,5,-9.58,1,0.167,0.057,0.00109,0.567,0.666,156.442,4
"1353","spotify:track:4VqPOruhp5EdPBeR92t6lQ","Uprising","The Resistance","Muse","2009-09-10",304840,82,"false","purewow","2020-07-21T17:35:48Z","alternative rock,rock","Warner Records",0.602,0.905,2,-4.046,1,0.0775,0.000202,0.064,0.117,0.411,128.019,4
"1354","spotify:track:0gFB5H3pHN13ERt2FyMuWi","It Takes Two","It Takes Two","Rob Base & DJ EZ Rock","1988-05-05",300373,65,"false","purewow","2020-07-21T17:36:35Z","hip house,old school hip hop","Arista/Profile",0.8,0.723,2,-9.719,1,0.158,0.00228,0,0.26,0.651,111.593,4
"1355","spotify:track:3hVrI7snZMTmHCnbwME47u","Physical","Physical","Olivia Newton-John","1981-01-01",224773,1,"false","purewow","2020-07-21T17:36:47Z","","Geffen*",0.834,0.633,4,-11.442,0,0.0422,0.0631,5e-05,0.313,0.904,123.815,4
"1356","spotify:track:2kWB9IV8EHDOU9EjgxWFrF","Sandstorm - Radio Edit","Sandstorm","Darude","1999-01-01",226533,62,"false","125714256","2024-10-21T17:18:48Z","eurodance","16 Inch Records",0.526,0.978,11,-6.798,0,0.0471,0.142,0.987,0.11,0.62,136.079,4
"1357","spotify:track:21RzyxY3EFaxVy6K4RqaU9","Body","Body","Loud Luxury;Brando","2017-10-27",163216,81,"false","125714256","2024-10-21T17:16:34Z","","Armada Music",0.752,0.764,1,-4.399,1,0.038,0.0476,9.44e-05,0.0543,0.582,121.958,4
"1358","spotify:track:5Xp473XG4dlvfspbyiEumB","Hallucinogenics - Seeb Remix","Hallucinogenics (Seeb Remix)","Matt Maeson;Seeb","2020-05-29",225903,55,"true","125714256","2024-10-21T17:19:42Z","tropical house","Neon Gold/Atlantic",0.465,0.857,0,-3.497,1,0.0548,0.000976,0,0.5,0.458,122.132,4
"1359","spotify:track:6p4SUKhIyPqbmU828M0JWD","'Till I Collapse","The Eminem Show (Edited Version)","Eminem;Nate Dogg","2002-05-26",297906,55,"false","125714256","2024-10-21T16:59:10Z","rap,hip hop,g-funk,west coast hip hop,old school hip hop","Aftermath Records",0.559,0.84,1,-3.264,1,0.236,0.0706,0,0.0967,0.113,171.311,4
"1360","spotify:track:1YLJVmuzeM2YSUkCCaTNUB","Dog Days Are Over","Lungs (Deluxe Edition)","Florence + The Machine","2009",251840,80,"false","125714256","2024-10-21T17:02:13Z","baroque pop","Universal-Island Records Ltd.",0.492,0.81,7,-5.315,1,0.0847,0.0416,0.00379,0.117,0.245,149.954,4
"1361","spotify:track:6aqNCrRA7vs7v6QvRpI50t","Dancing On My Own","Body Talk","Robyn","2010-01-01",285853,82,"false","125714256","2024-10-21T17:17:18Z","swedish pop","Universal-Island Records Ltd.",0.674,0.857,6,-5.328,1,0.0346,0.0557,0.196,0.0942,0.278,117.028,4
"1362","spotify:track:2yEHX6MqAXPyD7bm47A2Br","Pump It Louder","Pump It Louder","Tiësto;Black Eyed Peas","2022-10-07",158571,69,"false","125714256","2024-10-21T17:05:35Z","edm,trance,big room","Atlantic Records",0.66,0.942,4,-2.273,1,0.185,0.00789,1.76e-05,0.834,0.543,126.017,4
"1363","spotify:track:5UqCQaDshqbIk3pkhy4Pjg","Levels - Radio Edit","Levels","Avicii","2011-10-28",199906,84,"false","125714256","2024-10-21T17:06:27Z","edm","Pophouse Entertainment Group",0.584,0.889,1,-5.941,0,0.0343,0.0462,0.828,0.309,0.464,126.04,4
"1364","spotify:track:0K9tfzrxJyCQIf7oAlPwaK","YA YA","COWBOY CARTER","Beyoncé","2024-03-29",274766,64,"true","125714256","2024-10-21T17:13:14Z","","Parkwood Entertainment/Columbia",0.617,0.904,11,-5.371,1,0.341,0.317,0,0.507,0.764,151.926,4
"1365","spotify:track:4bZd0nRuX8HyjeXAUBczvm","I Cry","Wild Ones","Flo Rida","2012-06-22",223800,77,"false","125714256","2024-10-21T17:08:24Z","","Poe Boy/Atlantic",0.693,0.822,4,-5.441,0,0.0439,0.00616,1.79e-06,0.315,0.763,126.035,4
"1366","spotify:track:5VDHMi7own9vDZjiwDES1e","Wildest Dreams - R3hab Remix","Wildest Dreams (R3hab Remix)","Taylor Swift;R3HAB","2015-01-01",198106,57,"false","125714256","2024-10-21T17:09:15Z","slap house,edm","Taylor Swift",0.584,0.809,8,-4.352,1,0.0387,0.00429,0,0.0888,0.247,130.104,4
"1367","spotify:track:1MOh2kEqV4QBcye2ciQAjp","Where Have You Been","Talk That Talk","Rihanna","2011-11-19",242680,10,"false","125714256","2024-10-21T17:11:33Z","","Universal Music Group",0.719,0.847,0,-6.34,0,0.0916,0.00201,0.0204,0.223,0.444,127.963,4
"1368","spotify:track:1UqhkbzB1kuFwt2iy4h29Q","Cough Syrup","Young The Giant (Special Edition)","Young the Giant","2011",249520,70,"false","125714256","2024-10-21T17:16:56Z","","Roadrunner Records",0.534,0.721,11,-7.307,0,0.0417,0.0343,6.24e-06,0.115,0.225,128.978,3
"1369","spotify:track:3axkNosdVQLZiq1HakuGhc","Countdown","4","Beyoncé","2011-06-24",212146,64,"false","125714256","2024-10-21T17:14:57Z","","Parkwood Entertainment/Columbia",0.665,0.787,5,-5.73,1,0.151,0.31,0,0.219,0.699,167.351,4
"1370","spotify:track:12wSL3tGk3MtbDEhfG7xy3","You'll Always Find Your Way Back Home","Hannah Montana The Movie","Hannah Montana","2009-01-01",224186,70,"false","125714256","2024-10-21T17:18:20Z","","Walt Disney Records",0.577,0.906,8,-3.673,1,0.0583,0.0304,0,0.189,0.692,152.946,4
"1371","spotify:track:7leW1Dmvs9A4oDh9i5Qwpz","These Words","These Words","Badger;Natasha Bedingfield","2024-04-05",136580,72,"false","125714256","2024-10-21T17:18:32Z","bassline,uk garage","Sony Music UK",0.595,0.989,5,-2.695,1,0.0736,0.017,0,0.321,0.223,129.989,4
"1372","spotify:track:4ZnkygoWLzcGbQYCm3lkae","Rush","Something To Give Each Other","Troye Sivan","2023-10-13",156391,81,"true","125714256","2024-10-21T17:18:50Z","","EMI Recorded Music Australia Pty Ltd",0.728,0.841,10,-7.682,0,0.0567,0.00242,9.09e-05,0.106,0.402,125.991,4
"1373","spotify:track:1KqquoEp6nWY1s46lwFoTF","Still Falling For You - Jonas Blue Remix","Still Falling For You (Jonas Blue Remix)","Ellie Goulding;Jonas Blue","2016-09-02",188053,48,"false","125714256","2024-10-21T17:24:45Z","tropical house","Polydor Records",0.536,0.745,1,-7.695,1,0.0537,0.327,0,0.312,0.5,122.481,4
"1374","spotify:track:1DDsYldutVWnRrRbZc5X5B","Knockout","Rebirth (Deluxe)","Lil Wayne;Nicki Minaj","2009-01-01",249306,51,"true","125714256","2024-10-21T17:19:20Z","rap,hip hop","CM/Republic",0.483,0.821,7,-3.728,1,0.0483,0.00263,0.000505,0.287,0.354,159.964,4
"1375","spotify:track:3hgzEGrm5iTY6pkgJ827qX","Anklebiters","Paramore","Paramore","2013-04-05",137933,55,"false","125714256","2024-10-21T17:20:33Z","pop punk,emo","Fueled By Ramen",0.545,0.979,4,-3.875,1,0.0914,0.00015,1.1e-06,0.684,0.8,115.003,4
"1376","spotify:track:6wAdqKcL7uESrsekjLTKod","Born This Way","Born This Way","Lady Gaga","2011-01-01",260466,7,"false","125714256","2024-10-21T17:21:44Z","art pop,pop","Universal Music Group",0.615,0.833,11,-4.736,1,0.149,0.00497,0,0.343,0.587,123.971,4
"1377","spotify:track:4FWbsd91QSvgr1dSWwW51e","TRUSTFALL","TRUSTFALL","P!nk","2023-01-27",237200,66,"false","125714256","2024-10-21T17:29:16Z","","RCA Records Label",0.636,0.888,8,-3.889,1,0.0945,0.00162,0.000216,0.147,0.25,122.032,4
"1378","spotify:track:4qABfS1RaGVXdBhj2BQyhO","Runaway (U & I)","Runaway (U & I)","Galantis","2014-10-05",227073,56,"false","125714256","2024-10-21T17:29:22Z","","Big Beat Records/Atlantic",0.506,0.805,1,-4.119,1,0.0469,0.00711,0.00193,0.0856,0.383,126.008,4
"1379","spotify:track:2LM47nP1VSpxtsvQB2Nu4z","6's to 9's - CAZZETTE Remix","6’s to 9’s (CAZZETTE Remix)","Big Wild;Rationale;CAZZETTE","2019-11-04",170062,2,"false","125714256","2024-10-21T17:29:33Z","edm","Counter Records",0.586,0.852,8,-9.754,1,0.0598,0.00459,0.00519,0.242,0.392,126.119,4
"1380","spotify:track:44psOy0D0SP8rcIiUgKgBs","Tightrope","Walk The Moon","WALK THE MOON","2012-06-19",209186,50,"false","125714256","2024-10-21T17:32:14Z","","RCA Records Label",0.467,0.794,1,-6.174,0,0.0349,8.39e-05,0.00204,0.103,0.589,162.435,4
"1381","spotify:track:5H5vK2EzkPoCsoYTXbkU90","Free (with Drew Love) - Party Favor Remix","Free (with Drew Love) [Party Favor Remix]","Louis The Child;Party Favor;Drew Love","2020-05-29",258208,36,"false","125714256","2024-10-21T17:33:11Z","edm trap","Louis The Child / Interscope",0.275,0.846,8,-4.971,1,0.0491,0.00327,5.44e-06,0.0905,0.165,128.036,4
"1382","spotify:track:1rNSCrsOoWyhKH4g47mehU","Super Graphic Ultra Modern Girl","The Rise and Fall of a Midwest Princess","Chappell Roan","2023-09-22",183888,69,"false","125714256","2024-10-21T18:32:51Z","","Chappell Roan PS/ Island",0.646,0.905,1,-4.526,1,0.0695,0.0321,7.93e-06,0.23,0.787,125.891,4
"1383","spotify:track:7fROnnvjVQHESskj3WmQ6r","everywhere","everywhere","Smallpools;Emily Vaughn","2021-01-22",224041,39,"false","125714256","2024-10-21T17:33:40Z","","Smallpools",0.594,0.869,4,-4.151,1,0.0309,0.00462,0.000712,0.325,0.513,114.98,4
"1384","spotify:track:6sYJuVcEu4gFHmeTLdHzRz","Bittersweet Symphony (feat. Emily Roberts)","Bittersweet Symphony (feat. Emily Roberts)","GAMPER & DADONI;Emily Roberts","2019-03-29",194618,6,"false","125714256","2024-10-21T17:34:05Z","tropical house","Big Top Amsterdam",0.676,0.582,9,-7.58,1,0.128,0.221,0.00627,0.515,0.447,124.012,4
"1385","spotify:track:0HFx7PLqzGxSfN59j3UHmR","Want to Want Me","Want to Want Me","Jason Derulo","2015-03-09",207719,43,"false","125714256","2024-10-21T17:37:29Z","","Beluga Heights/Warner Records",0.775,0.68,0,-5.508,0,0.0629,0.00906,0,0.109,0.656,114.025,4
"1386","spotify:track:3qPXWPkEZgUhUgPifbE99z","WOW","WOW","Tiësto","2018-08-24",148125,58,"false","125714256","2024-10-21T17:40:16Z","edm,trance,big room","Musical Freedom",0.6,0.99,6,-3.016,1,0.337,0.00116,0.52,0.124,0.192,127.954,4
"1387","spotify:track:1fLibtVj3MrNTwRZq5yUOs","Let's Go (feat. Twista & Lil' Jon)","Thug Matrimony: Married to the Streets","Trick Daddy;Lil Jon;Twista","2004-10-26",222200,71,"true","125714256","2024-10-21T17:44:06Z","southern hip hop,crunk","Atlantic Records",0.748,0.767,11,-7.806,0,0.172,0.0267,0,0.334,0.519,133.929,4
"1388","spotify:track:46lFttIf5hnUZMGvjK0Wxo","Runaway (U & I)","Pharmacy","Galantis","2015-06-05",227073,81,"false","125714256","2024-10-21T18:18:50Z","","Big Beat Records/Atlantic",0.506,0.805,1,-4.119,1,0.0469,0.00711,0.00193,0.0856,0.383,126.008,4
"1389","spotify:track:5xyaPwLmgoyGlDDu2H0Uix","365 featuring shygirl","Brat and it’s completely different but also still brat","Charli xcx;Shygirl","2024-10-11",121273,65,"true","125714256","2024-10-21T18:23:03Z","hyperpop,art pop","Atlantic Records",0.735,0.654,0,-8.633,1,0.237,0.244,0.00514,0.709,0.688,137.713,4
"1390","spotify:track:7mDCg8XTEyDNPzC5Jdt7mu","Break Your Heart","Rokstarr (Special Edition)","Taio Cruz;Ludacris","2010-01-01",185146,75,"false","125714256","2024-10-21T18:05:40Z","southern hip hop","Universal-Island Records Ltd.",0.67,0.896,8,-4.673,1,0.0283,0.00157,0,0.188,0.651,122.044,4
"1391","spotify:track:0RC4QgdYTeCCa02PbXjd8r","Pumpin Blood - The Jane Doze Remix","We Are Only Remixes","NONONO;The Jane Doze","2015-07-24",234013,56,"false","125714256","2024-10-21T18:09:01Z","","WM Sweden",0.544,0.833,7,-6.903,1,0.0656,0.00595,0.0303,0.132,0.241,127.981,4
"1392","spotify:track:3aIhJDHxr1kgTSnutJxPTH","Peanut Butter Jelly","Pharmacy","Galantis","2015-06-05",203133,66,"false","125714256","2024-10-21T18:18:27Z","","Big Beat Records/Atlantic",0.708,0.945,5,-3.247,0,0.234,0.00104,0.0803,0.227,0.545,127.96,4
"1393","spotify:track:3nQ24dxqvxZEVwlHTeuLz0","Sympathy is a knife featuring ariana grande","Brat and it’s completely different but also still brat","Charli xcx;Ariana Grande","2024-10-11",154126,64,"true","125714256","2024-10-21T18:29:40Z","hyperpop,art pop,pop","Atlantic Records",0.711,0.603,3,-7.815,1,0.0405,0.0962,0,0.112,0.339,135.151,4
"1394","spotify:track:77FULy278MulVvGWS8BfK7","When Love Takes Over (feat. Kelly Rowland)","One Love (Deluxe)","David Guetta;Kelly Rowland","2009-08-21",191000,63,"false","125714256","2024-10-21T18:31:54Z","edm","Parlophone (France)",0.675,0.862,11,-4.614,1,0.0253,0.0165,0.000427,0.169,0.498,129.967,4
"1395","spotify:track:6mTnH6xSYwKohtsO9RFzcc","We Are Mirage","Liberate (Remixes)","Eric Prydz;Empire Of The Sun","2014-01-01",379500,71,"false","125714256","2024-10-21T18:39:03Z","","Virgin Records Ltd",0.556,0.792,4,-6.723,0,0.0361,0.000521,0.75,0.494,0.0871,127.956,4
"1396","spotify:track:5072hCBK3Z15qRnTEzd8fy","Titanium (feat. Sia) - David Guetta & MORTEN Future Rave Remix","Titanium (feat. Sia) [David Guetta & MORTEN Future Rave Remix]","David Guetta;Sia;MORTEN","2021-08-20",211428,72,"false","125714256","2024-10-21T18:39:51Z","edm","Rhino",0.448,0.911,10,-7.121,1,0.0491,0.00107,0.555,0.37,0.0305,126.021,4
"1397","spotify:track:0Ew1kz7hJjOTpH5IAwLcSU","Until You Were Gone (feat. Emily Warren) - Reez Remix","Until You Were Gone (Remixes) (feat. Emily Warren)","The Chainsmokers;Tritonal;Emily Warren;Reez","2015-12-18",216266,34,"false","125714256","2024-10-21T18:42:28Z","edm,progressive house,progressive trance","Disruptor Records/Columbia",0.509,0.733,1,-6.127,1,0.0569,0.064,2.2e-06,0.358,0.316,128.021,4
"1398","spotify:track:0TejbZNnypwBQDwkUPjPrT","Hot In It - Tiësto’s Hotter Mix","Hot In It (Tiësto’s Hotter Mix)","Tiësto;Charli xcx","2022-08-05",184871,48,"false","125714256","2024-10-21T20:12:26Z","edm,trance,big room,hyperpop,art pop","Atlantic Records",0.723,0.99,7,-4.409,1,0.198,0.00214,5.63e-05,0.328,0.167,126.05,4
"1399","spotify:track:3nPpCn5nYTMg0ajmzv57Jq","Lights - Bassnectar Remix","Lights (The Remixes Part 1)","Ellie Goulding;Bassnectar","2011-01-01",276560,50,"false","125714256","2024-10-21T19:33:10Z","dubstep,bass music,dub","Polydor Records",0.528,0.775,1,-4.877,1,0.0285,0.00356,0.542,0.778,0.261,140.015,4
"1400","spotify:track:63fyL7QZ1vhGZzZ9G56rcp","Hangover - Hardwell Remix Radio Edit","Hangover (Remixes)","Taio Cruz;Hardwell","2011-01-01",190160,46,"false","125714256","2024-10-21T18:47:19Z","big room,edm,progressive house,electronica","Universal-Island Records Ltd.",0.587,0.837,0,-3.847,0,0.0434,0.0122,0,0.351,0.326,127.96,4
"1401","spotify:track:40bm28QcJT5My540ymSQ2y","Untouched","Hook Me Up","The Veronicas","2005",255360,74,"false","125714256","2024-10-21T19:23:42Z","","Sire",0.557,0.783,6,-4.893,0,0.234,0.0171,0.0172,0.151,0.442,177.008,4
"1402","spotify:track:3nEHrvNNtgLv9rneTAYVr4","Heaven Takes You Home (feat. Connie Constance)","Paradise Again","Swedish House Mafia;Constance Power","2022-04-15",214071,80,"false","125714256","2024-10-21T19:32:53Z","edm","Republic Records",0.665,0.738,0,-5.931,0,0.0379,0.0124,0.00598,0.0923,0.0389,125.037,4
"1403","spotify:track:2MvvoeRt8NcOXWESkxWn3g","Ribs","Pure Heroine","Lorde","2013-09-27",258969,85,"false","125714256","2024-10-21T19:43:51Z","","Universal Music New Zealand Limited",0.525,0.472,4,-9.277,1,0.0739,0.534,0.614,0.11,0.0424,127.945,4
"1404","spotify:track:6e0CvGZf7CouOpYF8toXHC","Body On My","Body On My","Loud Luxury;Brando;Nicky Jam;Pitbull","2019-03-29",192506,66,"false","125714256","2024-10-21T20:17:30Z","reggaeton,latin","Armada Music",0.744,0.726,1,-4.675,1,0.0463,0.0399,0,0.374,0.687,121.985,4
"1405","spotify:track:2zMXH5k5NZy1Nw460bLvRh","Take Me Home (feat. Bebe Rexha)","Blood, Sweat & 3 Years","Cash Cash;Bebe Rexha","2016-06-24",205078,64,"false","125714256","2024-10-21T19:39:07Z","edm","Big Beat Records",0.571,0.903,7,-2.184,1,0.214,0.0615,1.23e-06,0.186,0.477,127.951,4
"1406","spotify:track:3qDfOd653TreEtBGROEK7I","Sofi Needs a Ladder","Sofi Needs a Ladder","deadmau5;SOFI","2010-10-31",401621,1,"false","125714256","2024-10-21T19:54:56Z","edm,progressive house,dubstep","Ultra Records",0.778,0.709,5,-7.752,1,0.0532,0.00424,0.00273,0.748,0.337,128.01,3
"1407","spotify:track:7KCXA4Y1gIGDSm388m9bW1","Keeping Your Head Up - Don Diablo Remix; Radio Edit","Keeping Your Head Up (Don Diablo Remix; Radio Edit)","Birdy;Don Diablo","2016-02-12",207145,51,"false","125714256","2024-10-21T19:41:36Z","future house,edm","Atlantic Records UK",0.639,0.931,11,-1.73,1,0.0708,0.46,0,0.0942,0.471,126.084,4
"1408","spotify:track:1xNcBAoUw8Hz6LqK2jt4Ff","Call on Me - Radio Mix","Call on Me (Radio Mix)","Eric Prydz","2004-09-10",171360,82,"false","125714256","2024-10-21T19:49:22Z","","Pryda Presents",0.597,0.837,10,-6.518,1,0.375,0.00427,0.00115,0.839,0.447,126.342,4
"1409","spotify:track:0o23Opkrop7lr9UkmUHDN3","This Is What It Feels Like - W&W Remix","Intense (The More Intense Edition)","Armin van Buuren;Trevor Guthrie;W&W","2013-05-03",206504,37,"false","125714256","2024-10-21T20:13:53Z","trance,progressive trance,progressive house,electronica,edm,big room","Armada Music Albums",0.551,0.816,8,-6.559,1,0.0415,0.00137,0.00131,0.278,0.298,129.921,4
"1410","spotify:track:4QAUGy6k7c3IOAhgWz52r7","Heaven - David Guetta & MORTEN Remix","Heaven (David Guetta & MORTEN Remix)","Avicii;David Guetta;MORTEN","2019-08-23",215238,56,"false","125714256","2024-10-21T20:15:42Z","edm","Pophouse Entertainment Group",0.572,0.934,6,-5.053,0,0.0446,0.00292,0.0198,0.105,0.204,125.948,4
"1411","spotify:track:4xkOaSrkexMciUUogZKVTS","Till I Collapse","The Eminem Show","Eminem;Nate Dogg","2002-05-26",297786,87,"true","125714256","2024-10-22T12:59:40Z","rap,hip hop,g-funk,west coast hip hop,old school hip hop","Eminem Catalog PS",0.548,0.847,1,-3.237,1,0.186,0.0622,0,0.0816,0.1,171.447,4
"1412","spotify:track:7g2uEIBiSXUNkLmEUCv5nq","Cry Dancing","Cry Dancing","NOTD;Nina Nesbitt","2020-07-17",179396,49,"false","125714256","2024-10-25T13:29:51Z","","Universal Music AB",0.664,0.884,3,-4.433,1,0.0885,0.304,0,0.0745,0.483,120.034,4
"1413","spotify:track:1KDYN3odJHnj9pqGHN3FVs","My Body","Young The Giant (Special Edition)","Young the Giant","2011",244400,58,"false","125714256","2024-10-28T14:31:10Z","","Roadrunner Records",0.488,0.909,10,-6.591,1,0.0929,0.0011,1.02e-05,0.456,0.643,129.774,4
"1414","spotify:track:1rdreHH1v6kyrx2mFQvLR4","Here's to Never Growing Up","Avril Lavigne","Avril Lavigne","2013-11-06",214320,0,"true","liv.pet.chill","2019-01-02T03:43:13Z","","Epic",0.487,0.876,0,-3.152,1,0.0946,0.011,0,0.401,0.725,164.997,4
"1415","spotify:track:27ilMN1oiW9849fReEYgOj","I Love It","Icona Pop","Icona Pop;Charli xcx","2012-01-01",156773,5,"true","liv.pet.chill","2019-01-02T04:51:49Z","hyperpop,art pop","Universal Music AB",0.71,0.901,1,-2.686,1,0.0296,0.00828,1.34e-05,0.172,0.86,125.953,4
"1416","spotify:track:5ReRX3klPvCNYtm6Bd1C1K","So What","Greatest Hits...So Far!!!","P!nk","2010-11-12",214506,42,"true","liv.pet.chill","2019-01-02T04:52:03Z","","LaFace Records",0.531,0.862,11,-2.996,0,0.0434,9.33e-05,4.82e-06,0.363,0.396,126.016,4
"1417","spotify:track:3tvWMBIblzT5FSjKtIeRR1","Whatever You Like","Paper Trail","T.I.","2008-09-08",249533,3,"true","liv.pet.chill","2019-01-02T04:53:00Z","southern hip hop","Grand Hustle/Atlantic",0.68,0.687,9,-6.162,0,0.0709,0.0161,0,0.261,0.467,150.053,4
"1418","spotify:track:0DdpxWfVvUGgkJv5536tiF","Sexy Can I feat. Yung Berg","All I Feel","Ray J","2008-04-08",204040,1,"true","liv.pet.chill","2019-01-02T04:53:09Z","","Koch Records",0.575,0.684,1,-6.007,1,0.325,0.299,0,0.614,0.926,172.155,4
"1419","spotify:track:6eDApnV9Jdb1nYahOlbbUh","One Time","My World","Justin Bieber","2009-01-01",215866,81,"false","liv.pet.chill","2019-01-02T04:53:16Z","","RBMG/Def Jam",0.691,0.853,1,-2.528,0,0.0372,0.0631,6.7e-05,0.082,0.762,145.999,4
"1420","spotify:track:5r6YGzvr9oZGVK6QVbh0HB","Scream & Shout","#willpower (Deluxe)","will.i.am;Britney Spears","2013-01-01",283400,46,"true","liv.pet.chill","2019-01-02T04:53:20Z","pop","Interscope",0.772,0.685,5,-6.849,1,0.0696,0.019,8.96e-05,0.131,0.501,130.039,4
"1421","spotify:track:3r04p85xiJh9Wqk59YDYdc","OMG","Raymond v Raymond","USHER;will.i.am","2010-03-30",269493,13,"false","liv.pet.chill","2019-01-02T04:54:01Z","r&b","LaFace Records",0.781,0.745,4,-5.81,0,0.0332,0.198,1.14e-05,0.36,0.326,129.998,4
"1422","spotify:track:5BoIP8Eha5hwmRVURkC2Us","In My Head","Jason Derulo","Jason Derulo","2010-02-24",198960,70,"false","liv.pet.chill","2019-01-02T04:54:18Z","","Beluga Heights/Warner Records",0.762,0.733,0,-4.175,0,0.0326,0.027,0,0.498,0.849,110.001,4
"1423","spotify:track:2Cd9iWfcOpGDHLz6tVA3G4","Waka Waka (This Time for Africa) [The Official 2010 FIFA World Cup (TM) Song] (feat. Freshlyground)","Waka Waka (This Time for Africa) [The Official 2010 FIFA World Cup (TM) Song] (feat. Freshlyground)","Shakira;Freshlyground","2010-05-07",202626,12,"false","liv.pet.chill","2019-01-02T04:56:09Z","latin pop,afro soul,afropop,dubstep","Epic",0.766,0.873,11,-6.381,0,0.143,0.00627,0,0.0764,0.743,126.988,4
"1424","spotify:track:1RvQQGwaPipiNgz8RXAKA8","Red","Red (Deluxe Edition)","Taylor Swift","2012-10-22",220826,53,"false","liv.pet.chill","2019-01-02T04:56:23Z","","Taylor Swift",0.602,0.896,1,-4.267,0,0.0437,0.0773,8.87e-05,0.091,0.641,124.978,4
"1425","spotify:track:5hgnY0mVcVetszbb85qeDg","Partition","BEYONCÉ [Platinum Edition]","Beyoncé","2014-11-24",319466,77,"true","liv.pet.chill","2019-01-02T04:58:53Z","","Parkwood Entertainment/Columbia",0.418,0.441,11,-11.522,0,0.283,0.029,0.0707,0.306,0.172,175.928,4
"1426","spotify:track:3rDFqo8yv93PtTmdOYOPzX","Tonight (I'm Fuckin' You)","Tonight (I'm Fuckin' You)","Enrique Iglesias;Ludacris;DJ Frank E","2010-01-01",231653,52,"true","liv.pet.chill","2019-01-02T04:58:57Z","latin pop,latin,southern hip hop","Universal Music Group International",0.666,0.877,0,-4.657,0,0.0446,0.0277,1.15e-05,0.142,0.272,125.989,4
"1427","spotify:track:6mnjcTmK8TewHfyOp3fC9C","Die Young","Warrior (Deluxe Version)","Kesha","2012-11-30",211920,5,"false","liv.pet.chill","2019-01-02T04:59:07Z","","Kemosabe Records/RCA Records",0.711,0.7,1,-4.805,0,0.046,0.00498,0.000125,0.215,0.801,128.001,4
"1428","spotify:track:2NMjRPEeyziyj9UHtKpDiV","Beauty And A Beat","Believe","Justin Bieber;Nicki Minaj","2012-01-01",227986,0,"false","liv.pet.chill","2019-01-02T05:01:07Z","","RBMG/Def Jam",0.601,0.843,0,-4.87,1,0.0593,0.000704,5.27e-05,0.0681,0.534,128.002,4
"1429","spotify:track:4g2zbjbLCJPkNEJMcUwGoJ","Vamos a La Playa - Radio Edit","Vamos A La Playa (Remixes)","Loona","2010",179960,29,"false","liv.pet.chill","2019-01-02T05:01:42Z","","Ultra Records, LLC",0.7,0.971,9,-4.481,1,0.0423,0.102,0,0.391,0.881,131.029,4
"1430","spotify:track:0x3TibRgnSqzkcwrqBd4iX","Down On Me","All About You","Jeremih;50 Cent","2010-01-01",228453,6,"false","liv.pet.chill","2019-01-02T05:02:23Z","old school hip hop,east coast hip hop","Def Jam",0.7,0.598,2,-7.783,1,0.114,0.0369,0,0.111,0.594,160.041,4
"1431","spotify:track:6jyXQ8HGI7ikECGA0670uo","Fabulous","High School Musical 2 (Original Soundtrack)","Sharpay Evans;Lucas Grabeel;Disney","2007-01-01",180693,64,"false","liv.pet.chill","2019-01-02T05:02:44Z","","Walt Disney Records",0.827,0.761,8,-5.185,1,0.138,0.233,0,0.0453,0.703,131.996,4
"1432","spotify:track:07HPV6hzecJmMJwsIX8YVU","He Could Be the One","Hannah Montana 3","Hannah Montana","2009-01-01",180800,69,"false","liv.pet.chill","2019-01-02T05:04:05Z","","Walt Disney Records",0.602,0.894,4,-3.975,1,0.032,0.00154,0,0.433,0.643,125.988,4
"1433","spotify:track:0AUIjHlr9KfbVoemhhxHS6","Yeah 3x","Yeah 3x","Chris Brown","2010-10-25",241093,14,"true","liv.pet.chill","2019-01-02T05:04:16Z","r&b","Jive",0.702,0.883,11,-3.239,0,0.0437,0.000407,1.27e-06,0.0885,0.709,129.999,4
"1434","spotify:track:05Z7jet4VDNVgNQWcYHnrk","Party (feat. Usher & Gucci Mane)","Party (feat. Usher & Gucci Mane)","Chris Brown;USHER;Gucci Mane","2016-12-16",220813,0,"true","liv.pet.chill","2019-01-02T05:04:35Z","r&b,southern hip hop,rap,trap","RCA Records Label",0.762,0.576,1,-4.951,0,0.0829,0.0556,0,0.0869,0.316,142.096,4
"1435","spotify:track:6N9ZOtguCnnrvwH7zD82WJ","GDFR (feat. Sage the Gemini & Lookas)","GDFR (feat. Sage The Gemini & Lookas)","Flo Rida;Sage The Gemini;Lookas","2014-09-29",190185,58,"false","liv.pet.chill","2019-01-02T05:06:00Z","hyphy,edm trap,future bass,dubstep","Poe Boy/Atlantic",0.657,0.827,5,-4.036,1,0.0734,0.000704,0.00534,0.065,0.69,145.889,4
"1436","spotify:track:5tXyNhNcsnn7HbcABntOSf","DJ Got Us Fallin' In Love (feat. Pitbull)","DJ Got Us Fallin' In Love (feat. Pitbull)","USHER;Pitbull","2010-07-13",222160,4,"false","liv.pet.chill","2019-01-02T05:07:04Z","r&b","LaFace Records",0.666,0.878,7,-2.85,0,0.0973,0.03,0,0.0828,0.669,119.932,4
"1437","spotify:track:0Ji2g9AlYLVHAMG5PJoHPU","We R Who We R","Cannibal","Kesha","2010-11-19",204760,3,"false","liv.pet.chill","2019-01-02T05:07:11Z","","RCA Records Label",0.734,0.821,8,-4.893,1,0.0406,0.00709,0.00281,0.127,0.648,119.993,4
"1438","spotify:track:3rLIv187BhjyweFe89SgLn","Somebody To Love","My World 2.0","Justin Bieber","2010-01-01",220920,80,"false","liv.pet.chill","2019-01-02T05:07:19Z","","RBMG/Def Jam",0.714,0.833,5,-5.239,1,0.0259,0.00249,0,0.298,0.663,129.964,4
"1439","spotify:track:6RcQOut9fWL6FSqeIr5M1r","Hollaback Girl","Love Angel Music Baby","Gwen Stefani","2004-10-27",199906,3,"true","liv.pet.chill","2019-01-02T05:07:58Z","","Interscope",0.918,0.918,10,-2.218,0,0.0954,0.344,5.35e-06,0.0243,0.882,110.024,4
"1440","spotify:track:4NTWZqvfQTlOMitlVn6tew","The Show Goes On","Lasers","Lupe Fiasco","2011-03-04",239613,77,"true","liv.pet.chill","2019-01-02T05:08:14Z","","1st & 15th/Atlantic",0.591,0.889,7,-3.839,1,0.115,0.0189,0,0.155,0.65,143.067,4
"1441","spotify:track:1Y4ZdPOOgCUhBcKZOrUFiS","Lip Gloss","Lip Gloss (Main Version)","Lil Mama","2007-03-06",219773,66,"false","liv.pet.chill","2019-01-02T05:08:36Z","","Jive",0.619,0.87,2,-4.956,1,0.501,0.41,1.37e-06,0.0571,0.94,188.772,4
"1442","spotify:track:116kG9vvdUtoprjYtToONt","Beggin' On Your Knees (feat. Victoria Justice)","Victorious: Music From The Hit TV Show (feat. Victoria Justice)","Victorious Cast;Victoria Justice","2011-08-01",193546,66,"false","liv.pet.chill","2019-01-02T05:11:07Z","","Nickelodeon/Columbia",0.623,0.869,5,-3.376,1,0.0481,0.00841,0,0.0771,0.663,130.013,4
"1443","spotify:track:0V8FYVlBFuXXTIvRnMbZyS","The Climb","Hannah Montana The Movie","Miley Cyrus","2009-01-01",236066,71,"false","liv.pet.chill","2019-01-02T05:11:49Z","","Walt Disney Records",0.327,0.588,4,-6.611,1,0.0336,0.0834,0,0.104,0.329,161.074,4
"1444","spotify:track:16MVSD0mGI4RMQT83Qzm69","Should've Said No","Taylor Swift","Taylor Swift","2006-10-24",242200,61,"false","liv.pet.chill","2019-01-02T05:12:36Z","","Taylor Swift",0.476,0.777,4,-3.771,0,0.0289,0.0103,0,0.196,0.472,167.964,4
"1445","spotify:track:1q8E1FfFuhd12c5JcJwPxQ","Sparks Fly","Speak Now (Deluxe Edition)","Taylor Swift","2010-10-25",260933,48,"false","liv.pet.chill","2019-01-02T05:12:56Z","","Taylor Swift",0.605,0.787,5,-3.002,1,0.0308,0.0396,1.42e-06,0.163,0.374,114.987,4
"1446","spotify:track:6LZaxlycSWrJZ4Volb25qx","Mine","Speak Now (Deluxe Edition)","Taylor Swift","2010-10-25",230706,48,"false","liv.pet.chill","2019-01-02T05:14:20Z","","Taylor Swift",0.624,0.757,7,-2.94,1,0.0296,0.00265,1.87e-06,0.189,0.658,121.07,4
"1447","spotify:track:4N60XfcTE1ysLZGbYgnYXq","Mean","Speak Now (Deluxe Edition)","Taylor Swift","2010-10-25",237733,47,"false","liv.pet.chill","2019-01-02T05:14:25Z","","Taylor Swift",0.568,0.761,4,-3.987,1,0.0459,0.452,0,0.217,0.789,163.974,4
"1448","spotify:track:7I60v3Ctgf1eMefMc69zAo","What I've Been Looking For (Reprise)","High School Musical","Troy;Gabriella;Disney","2006-01-01",79906,60,"false","liv.pet.chill","2019-01-02T05:14:52Z","","Walt Disney Records",0.584,0.265,9,-12.346,1,0.0396,0.874,0,0.159,0.226,110.03,4
"1449","spotify:track:1rKBOL9kJfX1Y4C3QaOvRH","Boyfriend","BTR","Big Time Rush","2010-10-11",201040,64,"false","liv.pet.chill","2019-01-02T05:15:00Z","","Nickelodeon/Columbia",0.614,0.857,1,-4.171,0,0.111,0.0987,0,0.177,0.677,164.146,4
"1450","spotify:track:0g4PXE9wMLmZpcDickZITM","Starstruck","Starstruck (Original Motion Picture Soundtrack)","Christopher Wilde","2010-01-01",175666,31,"false","liv.pet.chill","2019-01-02T05:15:56Z","","EMI Catalogue",0.554,0.796,7,-4.831,1,0.0702,0.0355,0,0.0857,0.795,174.024,4
"1451","spotify:track:0unE30Ni1mCtJ3ouixiwlB","Something About the Sunshine (Duet)","Starstruck (Original Motion Picture Soundtrack)","Anna Margaret;Christopher Wilde","2010-01-01",187506,35,"false","liv.pet.chill","2019-01-02T05:16:04Z","","EMI Catalogue",0.692,0.794,5,-6.219,1,0.0479,0.0977,0,0.141,0.782,125.027,4
"1452","spotify:track:5y6pj7OeBFF0CVgZKhRbOG","Black Magic","Get Weird (Deluxe)","Little Mix","2015-11-06",211773,1,"false","liv.pet.chill","2019-01-02T05:17:19Z","","Syco Music",0.777,0.896,4,-4.467,1,0.0619,0.0352,0,0.317,0.843,111.987,4
"1453","spotify:track:2q4rjDy9WhaN3o9MvDbO21","Kiss Me Thru The Phone","iSouljaBoyTellem","Soulja Boy;Sammie","2008-01-01",193386,84,"false","liv.pet.chill","2019-01-02T05:17:29Z","","Collipark / Interscope",0.758,0.712,7,-3.781,1,0.112,0.0188,0,0.0677,0.794,150.001,4
"1454","spotify:track:6j7hih15xG2cdYwIJnQXsq","Not Over You","Sweeter","Gavin DeGraw","2011-09-19",218520,66,"false","liv.pet.chill","2019-01-02T05:17:46Z","","RCA Records Label",0.63,0.894,10,-4.592,1,0.0544,0.255,0,0.181,0.364,142.051,4
"1455","spotify:track:4Tn2llBm1g0UlWctmgPL8Z","Shut Up And Drive","Good Girl Gone Bad: Reloaded","Rihanna","2008-06-02",212280,77,"false","liv.pet.chill","2019-01-02T05:18:17Z","","Def Jam Recordings",0.734,0.826,1,-4.909,1,0.0349,0.00101,0.129,0.197,0.74,132.96,4
"1456","spotify:track:2zJZwWF7BTGIIvrAlgzJEx","Whatcha Say","Jason Derulo (Deluxe Audio)","Jason Derulo","2010-02-24",221253,65,"false","liv.pet.chill","2019-01-02T05:20:04Z","","Beluga Heights/Warner Records",0.615,0.711,11,-5.507,1,0.078,0.0444,0,0.145,0.711,144.034,4
"1457","spotify:track:6HSqyfGnsHYw9MmIpa9zlZ","Forever","More Than A Game","Drake;Kanye West;Lil Wayne;Eminem","2009-01-01",357346,64,"true","liv.pet.chill","2019-01-02T05:20:21Z","rap,hip hop","Interscope",0.415,0.926,5,-1.304,0,0.374,0.253,0,0.256,0.542,158.423,4
"1458","spotify:track:2DPYlWl50ydYsnnuryL5aX","Cooler Than Me (feat. Big Sean)","Cooler Than Me EP","Mike Posner;Big Sean","2009-12-15",227840,62,"false","liv.pet.chill","2019-01-02T05:20:39Z","","J Records",0.837,0.515,7,-4.065,0,0.0793,0.103,0,0.233,0.769,129.001,4
"1459","spotify:track:7EKTo6rVJ3XSS7QTd6ep2j","Look At Me Now","Look At Me Now","Chris Brown;Lil Wayne;Busta Rhymes","2011-02-01",223933,1,"true","liv.pet.chill","2019-01-02T05:21:13Z","r&b,rap,hip hop,east coast hip hop,old school hip hop","Jive",0.764,0.694,11,-5.745,0,0.189,0.0439,3.67e-06,0.18,0.581,146.075,4
"1460","spotify:track:6fTdcGsjxlAD9PSkoPaLMX","Sunday Candy","Surf","Nico Segal","2015-06-30",226013,62,"false","liv.pet.chill","2019-01-02T05:22:03Z","","Donnie Trumpet & The Social Experiment",0.511,0.596,0,-6.56,1,0.224,0.53,0,0.0798,0.554,158.063,4
"1461","spotify:track:1sSNWjLtY4GwyhqAwAnPD9","Sit Still, Look Pretty","Daya","Daya","2015-09-04",200717,0,"false","liv.pet.chill","2019-01-02T05:23:56Z","","Z-Entertainment",0.66,0.767,2,-3.016,1,0.261,0.12,0,0.181,0.554,181.819,4
"1462","spotify:track:5CIb44Mj3kRW2FyGqMcVK4","Cake By The Ocean","SWAAY","DNCE","2015-10-23",218440,0,"false","liv.pet.chill","2019-01-02T05:24:22Z","","Universal Music Group",0.769,0.757,4,-5.424,0,0.0526,0.146,0,0.062,0.881,118.98,4
"1463","spotify:track:6K8qKeWo5MsFED7wCR6Kop","Sing","x (Deluxe Edition)","Ed Sheeran","2014-06-21",235382,72,"false","liv.pet.chill","2019-01-02T05:25:35Z","soft pop","Atlantic Records UK",0.818,0.67,8,-4.451,0,0.0472,0.304,1.22e-06,0.0601,0.939,119.988,4
"1464","spotify:track:33NHr7lu7tCMjK05jUj1v0","Black Magic","Black Magic","Little Mix","2015-05-21",211786,0,"false","liv.pet.chill","2019-01-02T05:25:56Z","","Syco Music",0.777,0.898,4,-4.461,1,0.0581,0.0322,0,0.313,0.866,111.996,4
"1465","spotify:track:6WLS56xiRrXjSm9RSdL3zD","Never Forget You","Never Forget You","Zara Larsson;MNEK","2015-09-10",213427,2,"false","liv.pet.chill","2019-01-02T05:26:02Z","","Epic/Record Company TEN",0.583,0.732,11,-5.728,0,0.0457,0.00312,9.86e-06,0.269,0.276,145.992,4
"1466","spotify:track:4EnwhEyuVrC1CgvSur5YL4","Bet On It","High School Musical 2 (Original Soundtrack)","Troy;Disney","2007-01-01",198320,68,"false","liv.pet.chill","2019-01-02T05:27:09Z","","Walt Disney Records",0.812,0.67,5,-6.385,0,0.0565,0.0218,0,0.0518,0.439,137.038,4
"1467","spotify:track:76VtA90NKurNqaQpV126Ue","Pour It Up","Unapologetic (Deluxe)","Rihanna","2012-12-11",161200,75,"true","liv.pet.chill","2019-01-29T16:26:52Z","","Def Jam Recordings",0.785,0.478,2,-8.735,1,0.0419,0.0259,0,0.0908,0.39,134.003,4
"1468","spotify:track:3q3pZHncNkvIWJebMeuQqQ","Hero","StarStruck","Christopher Wilde","2010-01-01",196893,61,"false","liv.pet.chill","2019-02-10T21:46:45Z","","Walt Disney Records",0.333,0.902,3,-4.65,1,0.123,0.0279,0,0.115,0.601,185.539,4
"1469","spotify:track:1nIDYHvLaZnD5lEf66SH80","TTYLXOX - From ""Shake It Up""","TTYLXOX (From ""Shake It Up: Live 2 Dance"")","Bella Thorne","2012-01-01",154773,46,"false","liv.pet.chill","2019-02-10T21:46:49Z","","Walt Disney Records",0.819,0.683,7,-6.144,1,0.156,0.00291,0.122,0.254,0.671,112.007,4
"1470","spotify:track:7smCjIc7MoUM4ay55LQrdu","Rock Star - From “Hannah Montana 2”","Hannah Montana 2 / Meet Miley Cyrus","Hannah Montana","2007-01-01",178560,0,"false","liv.pet.chill","2019-02-10T21:47:17Z","","Walt Disney Records",0.482,0.945,2,-3.969,1,0.124,0.00436,1.41e-06,0.364,0.626,160.792,4
"1471","spotify:track:1GBknQ67DCfKTPms1dw9EW","Nobody's Perfect - From “Hannah Montana 2”","Hannah Montana 2 / Meet Miley Cyrus","Hannah Montana","2007-01-01",200826,3,"false","liv.pet.chill","2019-02-10T21:47:35Z","","Walt Disney Records",0.594,0.977,8,-4.193,1,0.0646,0.0597,3.49e-06,0.309,0.793,131.976,4
"1472","spotify:track:5U4wYRHrCRxRP6iQfM824C","Everything Is Not As It Seems - Series Theme Song","Wizards of Waverly Place","Selena Gomez","2009-01-01",50613,53,"false","liv.pet.chill","2019-02-10T21:47:37Z","","Walt Disney Records",0.796,0.766,5,-5.937,0,0.0919,0.0549,0,0.0946,0.921,124.896,4
"1473","spotify:track:5lEsM6qpuzuZwij6jIZPvP","Big Time Rush","BTR","Big Time Rush","2010-10-11",197586,57,"false","liv.pet.chill","2019-02-10T21:47:39Z","","Nickelodeon/Columbia",0.599,0.888,11,-2.931,0,0.0514,0.0273,0,0.28,0.833,121.05,4
"1474","spotify:track:5e3UWcbvTaF5CJWu81MqlQ","Cruisin' for a Bruisin' - From ""Teen Beach Movie""/Soundtrack Version","Teen Beach Movie","Brady;Jason Evigan;Grace Phipps","2013-01-01",195733,65,"false","liv.pet.chill","2019-02-10T21:47:49Z","","Walt Disney Records",0.585,0.911,11,-4.623,1,0.119,0.0263,0,0.112,0.781,163.933,4
"1475","spotify:track:1oLcpJA9TfwwejiEM9C5gi","Shake It Up - From ""Shake It Up""","Shake It Up (From ""Shake It Up"")","Selena Gomez","2011-01-01",180826,50,"false","liv.pet.chill","2019-02-10T21:48:24Z","","Walt Disney Records",0.724,0.782,2,-7.407,0,0.0334,0.0368,0,0.196,0.797,128.01,4
"1476","spotify:track:51NrdlQOSTeq0d6U7xRKsz","Can't Back Down - From ""Camp Rock 2: The Final Jam""","Camp Rock 2: The Final Jam","Demi Lovato;Alyson Stoner;Anna Maria Perez de Taglé","2010-01-01",199933,62,"false","liv.pet.chill","2019-02-10T21:48:28Z","","Walt Disney Records",0.637,0.849,8,-4.348,1,0.0957,0.0793,0,0.0847,0.699,120.052,4
"1477","spotify:track:6Z0F3Mqj7tq1CBZo5qMlUg","The Best of Both Worlds","Hannah Montana","Hannah Montana","2006-01-01",174120,71,"false","liv.pet.chill","2019-02-10T21:48:31Z","","Walt Disney Records",0.676,0.861,1,-3.645,1,0.0501,0.0512,0,0.0613,0.681,124.031,3
"1478","spotify:track:0WcBvAA59kSYFHeqy0fpZp","Something To Dance For - From ""Shake It Up""","Something to Dance For (From ""Shake It Up: Live 2 Dance"")","Zendaya","2012-01-01",163266,49,"false","liv.pet.chill","2019-02-10T21:49:11Z","","Walt Disney Records",0.67,0.939,1,-5.579,0,0.0647,0.00471,3.18e-05,0.316,0.441,129.997,4
"1479","spotify:track:5J0d605KKCz4x8zbUKTaPe","Let's Get Crazy","Hannah Montana 3","Hannah Montana","2009-01-01",155600,55,"false","liv.pet.chill","2019-02-10T21:49:30Z","","Walt Disney Records",0.72,0.913,7,-3.67,1,0.0491,0.00303,6.24e-05,0.348,0.8,124.997,4
"1480","spotify:track:2zOWuWdyuMqOoboNRKlJO0","Pretty Boy Swag","The DeAndre Way","Soulja Boy","2010-01-01",236093,0,"true","liv.pet.chill","2019-02-21T04:27:49Z","","Collipark / Interscope",0.837,0.42,8,-5.158,1,0.0629,0.177,0,0.356,0.143,123.157,4
"1481","spotify:track:0PT7nlpo11hYYyfnBgtilT","Nasty Freestyle","Nasty Freestyle","T-Wayne","2015-05-04",142212,61,"true","liv.pet.chill","2019-02-21T04:35:30Z","","300 Entertainment/Unauthorized Entertinament",0.779,0.472,11,-7.116,1,0.218,0.0577,0,0.114,0.412,135.051,4
"1482","spotify:track:2iDjCLUOGhJtz5cPHljGVd","Ass Drop","Blacc Hollywood (Deluxe)","Wiz Khalifa","2014-08-19",166706,54,"true","liv.pet.chill","2019-02-21T05:55:28Z","","Rostrum/Atlantic",0.816,0.578,10,-4.536,0,0.0986,0.0136,1.2e-05,0.0412,0.302,177.959,4
"1483","spotify:track:0YfA79zrPI3JTmpVBbACt2","She Knows","She Knows","Ne-Yo;Juicy J","2014-09-16",221072,0,"false","liv.pet.chill","2019-02-21T05:56:34Z","crunk","Motown (Capitol)",0.702,0.601,8,-4.401,0,0.0301,0.0129,0,0.534,0.582,139.98,4
"1484","spotify:track:7gDKfEMIhyyO4asgEXwcrs","Fire Burning","Fire Burning","Sean Kingston","2009-04-30",243133,54,"false","liv.pet.chill","2019-02-21T05:57:54Z","","Epic/Beluga Heights",0.835,0.805,1,-2.545,1,0.033,0.0166,0,0.345,0.891,122.98,4
"1485","spotify:track:25oOaleife6E2MIKmFkPvg","Relationship (feat. Future)","Beautiful Thugger Girls","Young Thug;Future","2017-06-16",215306,72,"true","liv.pet.chill","2019-02-21T06:01:01Z","rap,melodic rap,trap","Atlantic Records",0.842,0.597,2,-6.336,1,0.0627,0.00252,0,0.124,0.298,145.992,4
"1486","spotify:track:5pKBCp3tRnM0VmNW4QL08v","Booty","Booty","Jennifer Lopez;Iggy Azalea","2014-09-23",209699,0,"false","liv.pet.chill","2019-02-21T06:03:29Z","","Universal Music Group",0.72,0.951,0,-4.138,1,0.0525,0.00362,0.000275,0.226,0.388,128.969,4
"1487","spotify:track:02M6vucOvmRfMxTXDUwRXu","7/11","BEYONCÉ [Platinum Edition]","Beyoncé","2014-11-24",213506,74,"false","liv.pet.chill","2019-02-21T06:04:15Z","","Parkwood Entertainment/Columbia",0.747,0.705,9,-5.137,0,0.126,0.0128,0,0.126,0.56,136.024,4
"1488","spotify:track:3ZAMtgYJFoHwJjFkhkXqKr","Dance (A$$) Remix","Finally Famous","Big Sean;Nicki Minaj","2011-01-01",220293,64,"true","liv.pet.chill","2019-02-21T06:05:38Z","","Getting Out Our Dreams Inc. (G.O.O.D.) Music / IDJ",0.788,0.73,11,-6.787,0,0.352,0.0275,0.00135,0.0828,0.72,159.825,4
"1489","spotify:track:1eVRnmGhDPATPxz6kqWuCP","Uh Huh","Uh Huh","Julia Michaels","2017-06-02",177840,0,"true","liv.pet.chill","2019-02-23T23:34:28Z","","Universal Music Group",0.763,0.673,4,-4.906,1,0.201,0.127,4.86e-05,0.0751,0.554,137.937,4
"1490","spotify:track:5EbX5xL3O2xT8FxCpYzgUO","How Far I'll Go - From ""Moana""","How Far I'll Go (From ""Moana"")","Alessia Cara;Disney","2016-10-28",175517,63,"false","liv.pet.chill","2019-03-25T04:18:19Z","","Walt Disney Records",0.309,0.544,9,-9.621,1,0.352,0.155,0.000265,0.0727,0.16,180.979,4
"1491","spotify:track:5MTQbjkMmE6WsDQ8JlyEVo","Play My Music","Camp Rock","Jonas Brothers","2008-01-01",197506,64,"false","liv.pet.chill","2019-03-25T15:12:52Z","","Walt Disney Records",0.471,0.875,2,-3.499,1,0.087,0.000652,0,0.239,0.759,177.98,4
"1492","spotify:track:7t2bFihaDvhIrd2gn2CWJO","Or Nah (feat. The Weeknd, Wiz Khalifa & DJ Mustard) - Remix","Or Nah (feat. The Weeknd, Wiz Khalifa & DJ Mustard) [Remix]","Ty Dolla $ign;The Weeknd;Wiz Khalifa;Mustard","2014-06-10",242983,84,"true","liv.pet.chill","2019-03-25T15:26:59Z","trap soul","Atlantic Records",0.805,0.33,1,-8.712,0,0.1,0.22,0,0.105,0.211,121.97,4
"1493","spotify:track:74tQaH4CxM5Rs9BzerEbHr","Introducing Me - From ""Camp Rock 2: The Final Jam""","Camp Rock 2: The Final Jam","Nick Jonas","2010-01-01",186893,69,"false","liv.pet.chill","2019-04-01T15:22:27Z","","Walt Disney Records",0.513,0.496,11,-6.049,1,0.0511,0.46,0,0.106,0.676,113.072,4
"1494","spotify:track:1UXBbmjIrxjckrbv5EfSVT","Tell Me Something I Don't Know - Soundtrack","Another Cinderella Story (Original Motion Picture Soundtrack)","Selena Gomez","2008-08-26",201426,58,"false","liv.pet.chill","2019-04-01T15:23:04Z","","Razor & Tie",0.611,0.936,7,-3.697,0,0.11,0.0309,0,0.12,0.697,144.901,4
"1495","spotify:track:2kIq7Oq6YNfdUuTrmPC4w1","Ordinary Girl","Hannah Montana Forever","Hannah Montana","2010-01-01",177506,68,"false","liv.pet.chill","2019-04-01T15:23:06Z","","Walt Disney Records",0.411,0.847,7,-3.705,1,0.219,0.0265,0,0.222,0.398,182.496,4
"1496","spotify:track:3528IXKpbb7OMjdjWYlbfD","Everybody Talks","Picture Show (Deluxe Edition)","Neon Trees","2012-01-01",177280,51,"true","liv.pet.chill","2019-04-03T02:47:50Z","","Mercury Records",0.471,0.924,8,-3.906,1,0.0584,0.00301,0,0.313,0.716,154.962,4
"1497","spotify:track:5RhxBpoCwX2vLBcSJzYa5j","Round & Round","A Year Without Rain","Selena Gomez & The Scene","2010-01-01",186493,62,"false","liv.pet.chill","2019-04-28T23:13:51Z","","Hollywood Records",0.545,0.686,10,-4.081,1,0.0665,0.00265,0,0.477,0.486,127.996,4
"1498","spotify:track:6sDP4912wjwB7BJhbSnjS1","S.O.S.","Jonas Brothers","Jonas Brothers","2007-01-01",153346,1,"false","liv.pet.chill","2019-04-28T23:13:55Z","","Republic Records",0.584,0.696,7,-3.836,1,0.0694,0.000728,0,0.184,0.699,137.11,4
"1499","spotify:track:5P5cGNzqh6A353N3ShDK6Y","Bad Romance","The Fame Monster","Lady Gaga","2009",294573,3,"true","liv.pet.chill","2019-05-14T23:10:40Z","art pop,pop","Interscope",0.697,0.921,0,-3.75,1,0.0391,0.00305,3.65e-05,0.0831,0.721,118.99,4
"1500","spotify:track:0f4eVOXklyLvjcvHkcjRYq","Telephone","The Fame Monster","Lady Gaga;Beyoncé","2009",220640,0,"false","liv.pet.chill","2019-05-14T23:11:01Z","art pop,pop","Interscope",0.824,0.83,3,-5.803,1,0.0416,0.00523,0.000282,0.111,0.729,122.031,4
"1501","spotify:track:57uX2vR9j9DNiANDYfXw1i","Never Say Never","The Fray","The Fray","2009-02-02",256613,71,"false","liv.pet.chill","2019-07-03T15:04:46Z","","Epic",0.23,0.492,8,-5.767,1,0.0317,0.568,8.18e-06,0.176,0.262,160.139,4
"1502","spotify:track:6gDPf8eJIRQ73rUktH17P3","Meant to Be - From ""Teen Beach Movie""/Soundtrack Version","Teen Beach Movie","Brady;Spencer Lee;Maia Mitchell;Grace Phipps;Garrett Clayton","2013-01-01",220253,56,"false","liv.pet.chill","2019-08-26T21:57:07Z","","Walt Disney Records",0.588,0.698,9,-4.718,1,0.0415,0.195,0,0.257,0.631,125.004,4
"1503","spotify:track:6YoYLN155MLavQcl3bHmvY","The Boys Are Back","High School Musical 3: Senior Year","High School Musical Cast;Corbin Bleu;Zac Efron;Disney","2008-01-01",224666,62,"false","liv.pet.chill","2019-08-26T21:57:14Z","musicals","Walt Disney Records",0.706,0.915,1,-3.169,1,0.0535,0.00742,1.1e-06,0.0343,0.872,114.992,4
"1504","spotify:track:34MJ07N9Bhu6iKPaxSVnCT","Neon Lights","Demi","Demi Lovato","2013-01-01",233173,68,"false","liv.pet.chill","2019-10-12T18:24:48Z","","Hollywood Records",0.631,0.819,9,-4.24,1,0.122,0.0767,0,0.1,0.733,125.928,4
"1505","spotify:track:0qwcGscxUHGZTgq0zcaqk1","Here's to Never Growing Up","Avril Lavigne (Expanded Edition)","Avril Lavigne","2013-11-01",214320,70,"true","liv.pet.chill","2019-10-16T23:21:06Z","","Epic",0.482,0.873,0,-3.145,1,0.0853,0.0111,0,0.409,0.737,165.084,4
"1506","spotify:track:5eo5uGyM4q70CLU3LZphfu","Hello Kitty","Avril Lavigne (Expanded Edition)","Avril Lavigne","2013-11-01",196253,64,"false","liv.pet.chill","2019-10-16T23:21:20Z","","Epic",0.753,0.79,6,-6.783,0,0.0861,0.00184,9.69e-05,0.648,0.588,127.991,4
"1507","spotify:track:1mz9ZrRYu3EPVg9ZHFtjjf","A Little Party Never Killed Nobody (All We Got)","Music From Baz Luhrmann's Film The Great Gatsby (Deluxe Edition)","Fergie;Q-Tip;GoonRock","2013-01-01",240906,1,"false","liv.pet.chill","2019-10-16T23:22:42Z","east coast hip hop","Water Tower Music/Interscope",0.763,0.653,5,-5.05,0,0.149,0.00876,5.46e-06,0.0854,0.477,130.025,4
"1508","spotify:track:3osQ5lSSqZb8HWRozdbVPw","M.I.L.F. $","Double Dutchess","Fergie","2017-09-22",162365,57,"true","liv.pet.chill","2019-10-16T23:22:48Z","","RETROFUTURE PRODUCTIONS INC.",0.773,0.706,0,-5.709,1,0.0999,0.00538,0.0148,0.0208,0.693,160.912,4
"1509","spotify:track:1CdqVF1ywD0ZO1zXtB9yWa","Break Your Heart","Rokstarr","Taio Cruz;Ludacris","2010-01-01",186266,74,"false","liv.pet.chill","2019-10-16T23:24:18Z","southern hip hop","Universal-Island Records Ltd.",0.666,0.899,8,-4.676,1,0.0281,0.00156,0,0.0678,0.616,122.049,4
"1510","spotify:track:7uYl7xgDeAOHP98obvrJvB","Who Knew","I'm Not Dead","P!nk","2006-04-04",208493,3,"false","liv.pet.chill","2019-10-16T23:27:21Z","","LaFace Records",0.688,0.734,9,-4.569,1,0.0274,0.00462,0,0.0756,0.46,140.004,4
"1511","spotify:track:4k80K0b6KZ2QjAYkXON7q6","Blow Me","The Truth About Love","P!nk","2012-09-18",256781,69,"true","liv.pet.chill","2019-10-16T23:28:16Z","","RCA Records Label",0.597,0.919,7,-2.954,1,0.0439,0.000145,0,0.282,0.729,113.991,4
"1512","spotify:track:78TTtXnFQPzwqlbtbwqN0y","FourFiveSeconds","FourFiveSeconds","Rihanna;Kanye West;Paul McCartney","2015-01-24",188238,80,"false","liv.pet.chill","2019-10-16T23:28:50Z","rap","Roc Nation / Rihanna",0.582,0.272,2,-5.662,1,0.0501,0.875,0,0.13,0.354,205.846,4
"1513","spotify:track:5rvSPYxUGL3Bu8BWtLj5Yw","Stay","Unapologetic","Rihanna;Mikky Ekko","2012-12-11",240706,56,"false","liv.pet.chill","2019-10-16T23:30:28Z","","Def Jam Recordings",0.621,0.31,9,-10.164,0,0.0283,0.945,6.12e-05,0.117,0.125,111.881,4
"1514","spotify:track:6BZJSdeVicl1LEtWUQKP4o","Where Have You Been","Talk That Talk (Deluxe)","Rihanna","2012-07-18",242680,67,"false","liv.pet.chill","2019-10-16T23:30:36Z","","Def Jam Recordings",0.719,0.847,0,-6.34,0,0.0919,0.00201,0.0204,0.223,0.443,127.96,4
"1515","spotify:track:0iYebKFUSfF72fUu2OW6ZT","Super Bass","Pink Friday (Deluxe)","Nicki Minaj","2010-01-01",200013,7,"true","liv.pet.chill","2019-10-16T23:34:41Z","","Nicki Minaj/Cash Money",0.72,0.861,11,-4.339,1,0.209,0.269,5.11e-06,0.601,0.669,126.991,4
"1516","spotify:track:16Of7eeW44kt0a1M0nitHM","You Make Me Feel... (feat. Sabi)","Night Shades","Cobra Starship;Sabi","2011-08-23",215693,78,"false","liv.pet.chill","2019-10-16T23:35:18Z","","Decaydance/Fueled By Ramen",0.668,0.857,7,-2.944,0,0.0535,0.0191,6.71e-06,0.0385,0.748,131.959,4
"1517","spotify:track:0Oe49j06Bjrxs8PltuVeaW","On The Floor - Radio Edit","On The Floor","Jennifer Lopez;Pitbull","2011-02-18",230906,82,"false","liv.pet.chill","2019-10-16T23:35:30Z","","Nuyorican Productions / IDJ",0.758,0.686,11,-6.346,1,0.0792,0.0848,0.00133,0.142,0.444,130.008,4
"1518","spotify:track:3pYDZTJM2tVBUhIRifWVzI","Blow","Cannibal (Expanded Edition)","Kesha","2010-11-19",219973,84,"false","liv.pet.chill","2019-10-16T23:35:33Z","","RCA Records Label",0.753,0.729,11,-3.862,0,0.0392,0.00334,5.66e-05,0.073,0.812,120.013,4
"1519","spotify:track:21pySLskKIKrhDziCX5ojQ","When I Grow Up","Doll Domination (Deluxe)","The Pussycat Dolls","2008-09-23",245680,77,"false","liv.pet.chill","2019-10-16T23:35:49Z","","Pussycat Dolls LP2 / Timbaland",0.672,0.685,11,-5.762,0,0.0499,0.00165,0,0.398,0.367,118.45,4
"1520","spotify:track:7kMfu3KUydmrFVGEAhjtyl","Good Girls Go Bad (feat. Leighton Meester)","Hot Mess","Cobra Starship;Leighton Meester","2009-08-07",196413,72,"false","liv.pet.chill","2019-10-16T23:36:23Z","","Decaydance/Fueled By Ramen",0.594,0.874,0,-3.716,1,0.0815,0.0116,0,0.549,0.628,119.964,4
"1521","spotify:track:0LohatbcUXRauoeMlR1jnS","Pound The Alarm","Pink Friday ... Roman Reloaded","Nicki Minaj","2011-01-01",205640,64,"true","liv.pet.chill","2019-10-18T02:12:56Z","","Nicki Minaj/Cash Money",0.728,0.858,9,-3.686,1,0.0609,0.0403,4.09e-06,0.0241,0.591,125.055,4
"1522","spotify:track:4ycLiPVzE5KamivXrAzGFG","Fuck You","The Lady Killer","CeeLo Green","2010-11-09",222933,65,"true","liv.pet.chill","2019-10-18T02:13:19Z","","Radiculture/Elektra",0.69,0.834,0,-5.79,1,0.0566,0.129,0,0.136,0.738,127.43,4
"1523","spotify:track:0XfuvxptNRVoEWp7SaneV8","My Life Would Suck Without You","All I Ever Wanted","Kelly Clarkson","2009-03-09",211493,47,"false","liv.pet.chill","2019-10-18T02:14:12Z","christmas","RCA Records Label",0.526,0.882,9,-4.006,1,0.0509,0.0014,0,0.144,0.424,144.982,4
"1524","spotify:track:0pwYLVXVknPSGUQb39cePC","As Long As You Love Me","Believe (Deluxe Edition)","Justin Bieber;Big Sean","2012-06-15",229466,73,"false","liv.pet.chill","2019-10-18T02:14:26Z","","RBMG/Def Jam",0.571,0.873,0,-3.382,0,0.1,0.0811,0,0.361,0.613,139.691,4
"1525","spotify:track:02jcEwywffn3Tsb48fXmlW","Get the Party Started","M!ssundaztood (Expanded Edition)","P!nk","2001",192533,73,"false","liv.pet.chill","2019-10-18T02:15:06Z","","Arista",0.802,0.903,11,-3.267,0,0.046,0.0011,0,0.173,0.96,128.93,4
"1526","spotify:track:6pymOcrCnMuCWdgGVTvUgP","3","The Singles Collection","Britney Spears","2009-11-09",213173,62,"false","liv.pet.chill","2019-10-18T02:15:41Z","pop","Jive",0.697,0.709,5,-1.917,0,0.0455,0.0452,0,0.138,0.787,134.91,4
"1527","spotify:track:3sP3c86WFjOzHHnbhhZcLA","Give Your Heart a Break","Unbroken","Demi Lovato","2011-01-01",205346,77,"false","liv.pet.chill","2019-10-18T02:15:50Z","","Hollywood Records",0.651,0.695,6,-3.218,1,0.0487,0.23,0,0.144,0.569,123.008,4
"1528","spotify:track:4zIaXqKCXZs02eB6jEe5Mf","Mr. Saxobeat - Radio Edit","Saxobeats","Alexandra Stan","2011",195280,1,"false","liv.pet.chill","2019-10-18T02:16:52Z","europop","Ultra Records, LLC",0.711,0.928,11,-4.162,0,0.0527,0.0239,0.000278,0.133,0.745,127.047,4
"1529","spotify:track:1sNctqVr9zdS7i1RZNjIgY","Crazy Kids","Warrior (Expanded Edition)","Kesha","2012-11-30",230746,58,"true","liv.pet.chill","2019-10-18T02:18:25Z","","Kemosabe Records/RCA Records",0.742,0.706,0,-4.6,0,0.0433,0.0141,0.00568,0.133,0.478,128.03,4
"1530","spotify:track:4urcG6Nfubqsuqy3juMjBi","Brokenhearted","Hello","Karmin","2012-05-07",227146,64,"false","liv.pet.chill","2019-10-18T02:18:42Z","","Epic",0.765,0.765,1,-2.732,0,0.0585,0.00765,3.82e-06,0.0527,0.886,120.001,4
"1531","spotify:track:0yIywEquxORnu1dR0WYsdN","Love Me","My World","Justin Bieber","2009-01-01",191573,77,"false","liv.pet.chill","2019-10-18T02:19:51Z","","RBMG/Def Jam",0.712,0.868,5,-3.319,0,0.0656,0.00939,0,0.283,0.652,125.028,4
"1532","spotify:track:34ceTg8ChN5HjrqiIYCn9Q","Miss Independent","Year Of The Gentleman (Bonus Track Edition)","Ne-Yo","2008-09-16",232000,84,"false","liv.pet.chill","2019-10-18T02:19:59Z","","Def Soul",0.673,0.681,1,-5.693,1,0.118,0.52,0,0.235,0.707,171.864,4
"1533","spotify:track:7d1CFwrBmH34gmS0Hkbfbt","Replay","Zendaya","Zendaya","2013-01-01",209186,77,"false","liv.pet.chill","2019-10-18T02:20:21Z","","Hollywood Records",0.688,0.723,6,-6.682,0,0.121,0.0416,2e-04,0.302,0.618,140.023,4
"1534","spotify:track:6Iocm6VMu6bVNYwiDoyQFW","Coming Home","Last Train To Paris","Diddy - Dirty Money;Skylar Grey","2010-01-01",238693,71,"false","liv.pet.chill","2019-10-18T02:21:18Z","","Bad Boy / Interscope",0.392,0.839,7,-1.921,1,0.193,0.158,0,0.3,0.232,168.001,4
"1535","spotify:track:4kte3OcW800TPvOVgrLLj8","Let Me Love You (Until You Learn To Love Yourself)","R.E.D. (Deluxe Edition)","Ne-Yo","2012-01-01",251626,74,"false","liv.pet.chill","2019-10-18T02:21:43Z","","Island Def Jam/Motown",0.657,0.676,5,-6.633,1,0.0393,0.245,0,0.368,0.246,124.904,4
"1536","spotify:track:5vTPxzm4h2bY9rYyVrGEU5","Really Don't Care","Demi","Demi Lovato;Cher Lloyd","2013-01-01",201600,74,"false","liv.pet.chill","2019-10-18T02:22:03Z","","Hollywood Records",0.706,0.728,7,-3.602,1,0.0852,0.123,0,0.185,0.851,121.017,4
"1537","spotify:track:7gUpO6td4OOnu0Lf9vhcIV","Lights - Single Version","Lights","Ellie Goulding","2010",211800,72,"false","liv.pet.chill","2019-10-18T02:22:45Z","","Polydor Records",0.683,0.788,8,-6.132,0,0.0354,0.0283,0.0469,0.112,0.809,120.019,4
"1538","spotify:track:1NrJYpdAi7uosDRPmSYrsG","Apologize","Dreaming Out Loud","OneRepublic","2007-01-01",208106,73,"false","liv.pet.chill","2019-10-18T02:24:18Z","","Mosley / Interscope",0.593,0.74,8,-6.12,1,0.0339,0.363,2.22e-05,0.102,0.502,118.008,4
"1539","spotify:track:4MKzCHlZvkwJOQRNkdw4zq","Sexy Chick (feat. Akon)","One More Love","David Guetta;Akon","2010-11-22",194346,59,"false","liv.pet.chill","2019-10-18T02:24:50Z","edm","Parlophone (France)",0.809,0.562,11,-7.694,0,0.0534,0.0816,0.000418,0.105,0.798,130.003,4
"1540","spotify:track:12eMQUn2GzfsfsQLH53M19","Scream","Looking 4 Myself (Expanded Edition)","USHER","2012-06-12",234693,74,"false","liv.pet.chill","2019-10-18T02:25:18Z","r&b","RCA Records Label",0.616,0.862,7,-5.18,0,0.0973,0.00117,0,0.179,0.569,127.992,4
"1541","spotify:track:6ciLLh4TkPYDUfNxn2Z0KO","Hit The Lights","When The Sun Goes Down","Selena Gomez & The Scene","2011-01-01",194426,63,"false","liv.pet.chill","2019-10-18T02:25:28Z","","Hollywood Records",0.56,0.88,7,-3.953,1,0.0567,0.115,0,0.299,0.573,129.97,4
"1542","spotify:track:6jG2YzhxptolDzLHTGLt7S","Drunk in Love (feat. JAŸ-Z)","BEYONCÉ [Platinum Edition]","Beyoncé;JAŸ-Z","2014-11-24",323480,79,"true","liv.pet.chill","2019-10-18T02:25:44Z","hip hop,east coast hip hop,rap","Parkwood Entertainment/Columbia",0.583,0.621,5,-6.902,0,0.0479,0.00972,0.00106,0.181,0.399,140.036,4
"1543","spotify:track:5FEXPoPnzueFJQCPRIrC3c","Day 'N' Nite (nightmare)","Man On The Moon: The End Of Day","Kid Cudi","2009-09-15",221266,69,"false","liv.pet.chill","2019-10-18T02:25:46Z","","Kid Cudi/Universal Records",0.871,0.44,11,-6.25,0,0.0762,0.499,4.14e-06,0.114,0.798,137.996,4
"1544","spotify:track:6nhvIZeu7g6OsDCLj1DKLl","Tell Me Something I Don't Know","Kiss & Tell","Selena Gomez & The Scene","2009-01-01",175333,61,"false","liv.pet.chill","2019-10-18T02:25:57Z","","Hollywood Records",0.71,0.935,7,-3.339,0,0.193,0.14,0,0.0593,0.914,145.063,4
"1545","spotify:track:76N7FdzCI9OsiUnzJVLY2m","Rumour Has It","21","Adele","2011-01-19",221426,1,"false","liv.pet.chill","2019-10-18T02:26:06Z","soft pop","XL Recordings/Columbia",0.618,0.753,7,-5.05,0,0.0451,0.637,0,0.0905,0.557,120.041,4
"1546","spotify:track:5FljCWR0cys07PQ9277GTz","The Other Side","Talk Dirty","Jason Derulo","2013-09-16",226986,67,"false","liv.pet.chill","2019-10-18T02:26:11Z","","Beluga Heights/Warner Records",0.561,0.836,9,-3.939,1,0.1,0.0525,0,0.136,0.517,127.923,4
"1547","spotify:track:5VGlqQANWDKJFl0MBG3sg2","Use Somebody","Only By The Night","Kings of Leon","2008-09-23",230760,86,"false","liv.pet.chill","2019-10-18T02:27:23Z","","RCA/Legacy",0.276,0.715,0,-5.356,1,0.0432,0.00552,0.000417,0.201,0.173,137.028,4
"1548","spotify:track:7FC9Lng8iXU081lbigu8m8","Heartbeat Song","Piece By Piece (Deluxe Version)","Kelly Clarkson","2015-02-27",198741,65,"false","liv.pet.chill","2019-10-18T02:27:40Z","christmas","RCA Records Label",0.49,0.798,6,-3.66,1,0.0489,0.0137,0,0.0627,0.479,149.109,4
"1549","spotify:track:7huo2wvrCgRucUsjdSDLQV","Ain't No Other Man","Back To Basics","Christina Aguilera","2006-08-14",228906,65,"false","liv.pet.chill","2019-10-18T02:28:21Z","","RCA Records Label",0.862,0.742,7,-4.722,1,0.222,0.00376,0.00855,0.103,0.511,127.91,4
"1550","spotify:track:18VfHIPaCo0s6FTi1Fnp6T","Don't Wake Me Up","Fortune (Expanded Edition)","Chris Brown","2012-07-03",222306,65,"false","liv.pet.chill","2019-10-18T02:28:55Z","r&b","RCA Records Label",0.602,0.691,7,-5.197,0,0.051,0.0548,0,0.144,0.206,127.967,4
"1551","spotify:track:5Fx2DfzfEm5KruaIsOC6xD","Fly","Pink Friday (Deluxe)","Nicki Minaj;Rihanna","2010-01-01",212920,0,"true","liv.pet.chill","2019-10-18T02:30:49Z","","Nicki Minaj/Cash Money",0.664,0.848,10,-4.926,1,0.0386,0.0148,0.000118,0.1,0.196,119.878,4
"1552","spotify:track:1lHXlGlve5Zx8tXLhyjDwM","Makes Me Wonder","It Won't Be Soon Before Long.","Maroon 5","2007-01-01",211080,68,"true","liv.pet.chill","2019-10-18T02:30:59Z","pop","Interscope Records*",0.803,0.852,7,-2.429,1,0.0357,0.00484,0.000331,0.0576,0.878,113.998,4
"1553","spotify:track:6u5M4jPpYkoRV4vVHDQvkd","All I Do Is Win (feat. T-Pain, Ludacris, Snoop Dogg & Rick Ross)","Victory","DJ Khaled;T-Pain;Ludacris;Snoop Dogg;Rick Ross","2010-03-02",227293,5,"true","liv.pet.chill","2019-10-18T02:32:14Z","southern hip hop,g-funk,west coast hip hop,gangster rap,old school hip hop,hip hop,rap","eOne Music",0.549,0.791,10,-3.535,1,0.133,0.0104,0,0.444,0.292,150.093,4
"1554","spotify:track:0kzw2tRyuL9rzipi5ntlIy","Shut Up and Dance","TALKING IS HARD (Expanded Edition)","WALK THE MOON","2014-12-02",199080,64,"false","liv.pet.chill","2019-10-18T02:32:33Z","","RCA Records Label",0.578,0.866,1,-3.804,1,0.0619,0.00701,0,0.257,0.619,128.038,4
"1555","spotify:track:7aXuop4Qambx5Oi3ynsKQr","I Don't Mind (feat. Juicy J)","I Don't Mind (feat. Juicy J)","USHER;Juicy J","2014-11-21",251989,68,"true","liv.pet.chill","2019-10-18T02:32:45Z","r&b,crunk","RCA Records Label",0.87,0.464,4,-8.337,1,0.178,0.205,0,0.0902,0.457,112.974,4
"1556","spotify:track:4y1LsJpmMti1PfRQV9AWWe","Girls Just Want to Have Fun","She's So Unusual","Cyndi Lauper","1983-10-14",238120,86,"false","liv.pet.chill","2019-10-18T02:33:50Z","","Portrait",0.71,0.799,6,-4.897,1,0.0328,0.22,0.000602,0.349,0.725,120.372,4
"1557","spotify:track:6qMXubogFdMrvVMJwqATzd","Jordan Belfort","Jordan Belfort","Wes Walker;Dyl","2015-08-26",207911,67,"true","liv.pet.chill","2019-10-18T02:34:00Z","","Atlantic Records",0.86,0.719,11,-4.325,0,0.33,0.125,0,0.0799,0.496,160.049,4
"1558","spotify:track:4G8gkOterJn0Ywt6uhqbhp","Radioactive","Night Visions","Imagine Dragons","2012-09-04",186813,75,"false","liv.pet.chill","2019-10-18T02:34:13Z","","Kid Ina Korner / Interscope",0.448,0.784,9,-3.686,1,0.0625,0.0999,0.000108,0.668,0.237,136.239,4
"1559","spotify:track:4MflGTO2ZTcSQ12bWcyRgI","Honey, I'm Good.","Magazines Or Novels","Andy Grammer","2014-08-05",199263,6,"false","liv.pet.chill","2019-10-18T02:34:18Z","","S-Curve Records",0.752,0.775,9,-7.289,1,0.0546,0.0324,0,0.351,0.595,122.014,4
"1560","spotify:track:0M9VqYG0wVun054JIdwFO8","La La Land","Don't Forget","Demi Lovato","2008-01-01",196466,63,"false","liv.pet.chill","2019-10-18T20:24:22Z","","Hollywood Records",0.467,0.919,6,-2.255,0,0.069,0.0149,0,0.0193,0.706,169.987,4
"1561","spotify:track:7L605WhF5EGf34ggj87yK6","You And Me","Lifehouse","Lifehouse","2005-01-01",195493,0,"false","liv.pet.chill","2019-10-21T23:53:10Z","post-grunge","Interscope",0.461,0.446,7,-7.703,1,0.0267,0.1,0,0.169,0.375,139.868,3
"1562","spotify:track:1BltsyC5W3SAABdxyrDXwi","Latch","Settle","Disclosure;Sam Smith","2013-01-01",255631,5,"false","liv.pet.chill","2019-10-24T02:34:14Z","house,soft pop","Universal-Island Records Ltd.",0.503,0.727,1,-5.456,1,0.167,0.0159,9.45e-05,0.0895,0.521,121.985,4
"1563","spotify:track:4bO6IzKXMWhmncfIO9GBq2","C'Mon","Warrior (Expanded Edition)","Kesha","2012-11-30",214306,66,"false","liv.pet.chill","2019-10-30T00:39:50Z","","Kemosabe Records/RCA Records",0.558,0.781,1,-5.448,0,0.0963,0.00657,0.00144,0.102,0.286,126.025,4
"1564","spotify:track:38iU2jg98IZZEIJPrP7aWD","Till the World Ends","Femme Fatale (Deluxe Version)","Britney Spears","2011-03-28",237946,69,"false","liv.pet.chill","2019-11-03T20:05:48Z","pop","Jive",0.693,0.705,8,-5.747,1,0.0665,0.0228,0,0.202,0.45,131.951,4
"1565","spotify:track:6tnrFU8iLQ6orFXjCA3flL","Somebody to Love (feat. Justin Bieber) - Remix","Raymond v Raymond (Expanded Edition)","USHER;Justin Bieber;benny blanco","2010-03-30",208626,48,"false","liv.pet.chill","2019-11-13T11:05:24Z","r&b","LaFace Records",0.642,0.87,9,-2.879,1,0.034,0.0113,0,0.677,0.649,129.982,4
"1566","spotify:track:4MRT0dDbhqFKl67WzhUbSw","Only","The Pinkprint (Deluxe)","Nicki Minaj;Drake;Lil Wayne;Chris Brown","2014-12-15",312026,66,"true","liv.pet.chill","2019-11-13T11:07:29Z","rap,hip hop,r&b","Nicki Minaj/Cash Money",0.573,0.495,8,-7.245,0,0.592,0.405,0,0.0969,0.255,179.369,3
"1567","spotify:track:794F99D5BQHS5ZGRXAs7I5","Anaconda","The Pinkprint (Deluxe)","Nicki Minaj","2014-12-15",260239,62,"true","liv.pet.chill","2019-11-13T11:07:42Z","","Nicki Minaj/Cash Money",0.964,0.605,9,-6.223,1,0.179,0.0668,7.78e-06,0.214,0.646,129.996,4
"1568","spotify:track:6MrEz3o9Roi0jpUmyKIyXn","Va Va Voom","Pink Friday: Roman Reloaded The Re-Up","Nicki Minaj","2012-01-01",182280,43,"true","liv.pet.chill","2019-11-13T11:09:09Z","","Nicki Minaj/Cash Money",0.648,0.807,8,-3.802,1,0.0317,0.0649,0.00482,0.237,0.696,126.879,4
"1569","spotify:track:29brda8lHNEl5kmQDnLmjR","Beez In The Trap","Pink Friday: Roman Reloaded The Re-Up","Nicki Minaj;2 Chainz","2012-01-01",268480,41,"true","liv.pet.chill","2019-11-13T11:09:31Z","southern hip hop,rap","Nicki Minaj/Cash Money",0.813,0.782,9,-6.005,1,0.218,0.0227,0.00165,0.0956,0.681,150.003,4
"1570","spotify:track:7nvcYOcku4V1XmopEmPAY5","Pound The Alarm","Pink Friday: Roman Reloaded The Re-Up","Nicki Minaj","2012-01-01",205640,43,"true","liv.pet.chill","2019-11-13T11:09:39Z","","Nicki Minaj/Cash Money",0.728,0.858,9,-3.686,1,0.0609,0.0403,4.09e-06,0.0241,0.591,125.055,4
"1571","spotify:track:4AiGz7pTyLXBHjniRuioaw","Starships","Pink Friday: Roman Reloaded The Re-Up","Nicki Minaj","2012-01-01",210626,56,"true","liv.pet.chill","2019-11-13T11:09:43Z","","Nicki Minaj/Cash Money",0.747,0.716,11,-2.457,0,0.0751,0.135,0,0.251,0.751,125.006,4
"1572","spotify:track:3t3bnn2VzxXYqleFpsH6Cb","Super Bass","Pink Friday (Deluxe Edition)","Nicki Minaj","2010-11-22",200013,0,"true","liv.pet.chill","2019-11-13T11:10:08Z","","Nicki Minaj/Cash Money",0.723,0.862,11,-4.357,1,0.201,0.264,4.46e-06,0.599,0.679,126.989,4
"1573","spotify:track:3iL2l5gUqyPS6vDwJFgJTR","BedRock","We Are Young Money","Young Money;Lloyd","2009-01-01",288133,74,"true","liv.pet.chill","2019-11-13T11:10:57Z","r&b","Cash Money Records/Motown Records",0.733,0.665,8,-6.163,1,0.273,0.103,0,0.191,0.549,147.998,4
"1574","spotify:track:0aBKFfdyOD1Ttvgv0cfjjJ","More - RedOne Jimmy Joker Remix","More","USHER","2010-11-22",219986,73,"false","liv.pet.chill","2019-11-13T11:11:11Z","r&b","LaFace Records",0.551,0.893,7,-2.628,1,0.0543,0.00166,0,0.348,0.794,125.083,4
"1575","spotify:track:11dxtPJKR4E0wlSr0A0t47","Potential Breakup Song","Insomniatic","Aly & AJ","2007-01-01",219773,68,"false","liv.pet.chill","2019-11-13T11:11:20Z","","Hollywood Records",0.572,0.89,6,-4.139,0,0.039,0.00082,0.00937,0.564,0.765,158.038,4
"1576","spotify:track:1ARJhjuI6TNYZCxYygFQ4F","Right Now (Na Na Na)","Freedom","Akon","2008-01-01",240746,2,"false","liv.pet.chill","2019-11-13T11:11:34Z","","Konvict/Upfront/SRC/Universal Records",0.832,0.87,8,-4.2,0,0.167,0.267,0,0.412,0.566,138.003,4
"1577","spotify:track:2habSXqcJGExM6JJyskY7O","Malibu","Malibu","Miley Cyrus","2017-05-11",231905,1,"false","liv.pet.chill","2019-11-21T01:55:56Z","","RCA Records Label",0.565,0.782,8,-6.413,1,0.0506,0.0577,4.16e-05,0.0757,0.4,140.004,4
"1578","spotify:track:3BtuIIrQlkujKPuWF2B85z","Too Good","Views","Drake;Rihanna","2016-05-06",263373,77,"true","liv.pet.chill","2019-11-21T01:59:09Z","rap","Cash Money Records/Young Money Ent./Universal Rec.",0.794,0.653,7,-7.839,1,0.104,0.0489,4.88e-05,0.1,0.397,117.996,4
"1579","spotify:track:0aPZbnkMoWJaJ5CNVLCj8S","That Should Be Me","My World 2.0","Justin Bieber","2010-01-01",232720,86,"false","liv.pet.chill","2019-11-21T01:59:29Z","","RBMG/Def Jam",0.552,0.603,8,-5.71,1,0.0334,0.199,0,0.151,0.231,139.907,4
"1580","spotify:track:3yx6eryOZgO54bt3B671cn","Work","The New Classic","Iggy Azalea","2014-01-01",223196,62,"true","liv.pet.chill","2019-11-21T02:00:11Z","","EMI",0.699,0.804,7,-4.898,1,0.144,0.0631,0,0.414,0.492,140.014,4
"1581","spotify:track:1QNoKVgA758HFLu3TW2q7R","Kill Em With Kindness","Revival (Deluxe)","Selena Gomez","2015-10-09",217906,59,"false","liv.pet.chill","2019-11-21T02:00:34Z","","Selena Gomez PS",0.757,0.884,10,-5.488,0,0.0404,0.00789,5.87e-05,0.0973,0.399,120.013,4
"1582","spotify:track:1Tt4sE4pXi57mTD1GCzsqm","Needed Me","ANTI","Rihanna","2016-01-28",191600,2,"true","liv.pet.chill","2019-11-21T02:01:31Z","","Roc Nation / Rihanna",0.671,0.314,5,-8.091,0,0.244,0.11,0,0.0825,0.296,110.898,4
"1583","spotify:track:4Iz171BOalhbOxdlodJSJD","Kid In Love","Handwritten","Shawn Mendes","2015-04-14",225826,51,"false","liv.pet.chill","2019-11-21T02:02:36Z","","Island Records",0.529,0.598,7,-7.085,1,0.0403,0.0268,0,0.15,0.373,169.959,4
"1584","spotify:track:2toY6JyyfKy9TwNk3Ou2XG","She's so Mean","North (Deluxe Edition)","Matchbox Twenty","2012-08-28",232320,68,"false","liv.pet.chill","2019-11-21T02:02:47Z","post-grunge","Emblem/Atlantic",0.672,0.875,0,-3.728,1,0.0378,0.0136,0,0.279,0.676,118.014,4
"1585","spotify:track:3oXhdrlwJwkx7T4RBIv3nr","Something Big","Handwritten (Revisited)","Shawn Mendes","2015-11-20",161346,38,"false","liv.pet.chill","2019-11-21T02:03:52Z","","Island Records",0.704,0.84,7,-3.914,0,0.0402,0.00606,0,0.146,0.827,111.989,4
"1586","spotify:track:6Xw2FLih8m5ItDbyP992HH","U Smile","My World 2.0","Justin Bieber","2010-01-01",196906,67,"false","liv.pet.chill","2019-11-21T02:04:57Z","","RBMG/Def Jam",0.705,0.59,1,-5.308,1,0.0284,0.504,0,0.116,0.421,112.565,3
"1587","spotify:track:7xB3TwyZMOnKcF50RIXh5b","Rap God","The Marshall Mathers LP2","Eminem","2013-11-05",363521,44,"true","liv.pet.chill","2019-11-21T02:05:11Z","rap,hip hop","Eminem Catalog PS",0.709,0.843,7,-2.66,1,0.314,0.395,0,0.799,0.625,148.134,4
"1588","spotify:track:7l94dyN2hX9c6wWcZQuOGJ","Dangerous Woman","Dangerous Woman","Ariana Grande","2016-05-20",235946,2,"false","liv.pet.chill","2019-11-21T02:06:21Z","pop","Universal Records",0.664,0.602,4,-5.369,0,0.0412,0.0529,0,0.356,0.289,134.049,3
"1589","spotify:track:4gbfxlzThi6Hi0KnV1wH4t","Change Your Life","The New Classic","Iggy Azalea;T.I.","2014-01-01",220748,52,"true","liv.pet.chill","2019-11-21T02:08:19Z","southern hip hop","EMI",0.675,0.773,6,-5.545,0,0.22,0.0206,0,0.12,0.687,131.935,4
"1590","spotify:track:6U0D8PIh75fnX6T6TWJLxl","Jet Black Heart","Sounds Good Feels Good (Deluxe)","5 Seconds of Summer","2015-10-23",221715,64,"false","liv.pet.chill","2019-11-21T02:08:45Z","","Capitol",0.506,0.85,11,-4.273,0,0.033,0.000163,0,0.0812,0.545,153.96,4
"1591","spotify:track:4dASQiO1Eoo3RJvt74FtXB","Sucker for Pain (with Wiz Khalifa, Imagine Dragons, Logic & Ty Dolla $ign feat. X Ambassadors)","Sucker for Pain (with Logic & Ty Dolla $ign feat. X Ambassadors)","Lil Wayne;Wiz Khalifa;Imagine Dragons;X Ambassadors;Logic;Ty Dolla $ign","2016-06-24",243490,79,"true","liv.pet.chill","2019-11-21T02:15:29Z","rap,hip hop,trap soul","Atlantic Records",0.502,0.786,9,-4.378,0,0.317,0.255,0,0.65,0.739,169.021,4
"1592","spotify:track:1dWXQWIjjYWafYgw0zVGnG","Without Me","Suicide Squad: The Album","Eminem","2016-08-05",295826,0,"true","liv.pet.chill","2019-11-21T02:15:36Z","rap,hip hop","Atlantic Records",0.914,0.64,7,-3.512,1,0.0738,0.00365,0,0.258,0.655,112.254,4
"1593","spotify:track:6NdcSEhpGGAYXNnnhGS2s6","What I Like About You","What I Like About You (And Other Romantic Hits)","The Romantics","1990",175400,63,"false","liv.pet.chill","2019-11-21T02:15:58Z","power pop","Epic",0.542,0.915,9,-9.637,1,0.0549,0.319,5.34e-05,0.171,0.92,159.81,4
"1594","spotify:track:5K7fGxZQB0K5sPKhLe9e07","Can't Blame a Girl for Trying","Eyes Wide Open","Sabrina Carpenter","2015-04-10",169306,57,"false","liv.pet.chill","2019-11-21T02:17:43Z","pop","Hollywood Records",0.601,0.392,0,-7.322,1,0.0342,0.449,0,0.13,0.352,143.716,4
"1595","spotify:track:3CHwhGXeK1kCzxfbmoRK1d","18","5 Seconds Of Summer","5 Seconds of Summer","2014-06-27",189009,50,"false","liv.pet.chill","2019-11-21T02:19:56Z","","Capitol",0.458,0.958,2,-4.012,1,0.198,0.000325,0.000377,0.355,0.352,160.121,4
"1596","spotify:track:6kwAbEjseqBob48jCus7Sz","Elastic Heart","1000 Forms Of Fear","Sia","2014-07-07",257200,82,"false","liv.pet.chill","2019-11-21T02:24:02Z","","Monkey Puzzle Records/RCA Records",0.421,0.791,9,-4.998,1,0.0496,0.0117,1.48e-05,0.146,0.499,130.075,4
"1597","spotify:track:4VrWlk8IQxevMvERoX08iC","Chandelier","1000 Forms Of Fear","Sia","2014-07-07",216120,85,"false","liv.pet.chill","2019-11-21T02:26:43Z","","Monkey Puzzle Records/RCA Records",0.399,0.787,1,-2.88,1,0.0499,0.0197,6.07e-05,0.0685,0.572,117.089,5
"1598","spotify:track:4qULqxfCRhJAXVc75UupQB","No Broken Hearts (feat. Nicki Minaj)","No Broken Hearts (feat. Nicki Minaj)","Bebe Rexha;Nicki Minaj","2016-03-16",239991,59,"true","liv.pet.chill","2019-11-21T02:27:11Z","","Warner Records",0.704,0.722,0,-3.524,1,0.045,0.0522,0,0.0645,0.675,122.094,4
"1599","spotify:track:4M7aciOBSbGnh1bN3YbuS0","Anaconda","The Pinkprint","Nicki Minaj","2014-12-12",260239,65,"true","liv.pet.chill","2019-11-21T02:28:00Z","","Nicki Minaj/Cash Money",0.964,0.605,9,-6.223,1,0.179,0.0668,7.78e-06,0.214,0.646,129.996,4
"1600","spotify:track:10sqe2FD4eb8MovY8Nyaii","Talking Body","Queen Of The Clouds (Blueprint Edition)","Tove Lo","2015-10-02",238426,56,"true","liv.pet.chill","2019-11-21T02:28:19Z","","Universal Music AB",0.736,0.761,4,-5.449,0,0.0338,0.0966,0,0.0823,0.114,119.999,4
"1601","spotify:track:3AqhGYasXnen5PvLsHL1vc","Girls Talk Boys (from the ""Ghostbusters"" Original Motion Picture Soundtrack)","Ghostbusters (Original Motion Picture Soundtrack) [2016]","5 Seconds of Summer","2016-07-15",216098,47,"false","liv.pet.chill","2019-11-21T02:28:27Z","","RCA Records Label",0.828,0.777,7,-3.356,1,0.0513,0.0901,0,0.0973,0.867,120.04,4
"1602","spotify:track:2Lg4kvhOrPhpGEZmSe7VAN","Country Grammar (Hot Shit)","Country Grammar","Nelly","2000-06-27",287000,3,"true","liv.pet.chill","2019-11-21T02:28:32Z","","Universal/Island Def Jam",0.872,0.673,2,-6.879,1,0.108,0.00802,0,0.155,0.527,162.781,4
"1603","spotify:track:2771LMNxwf62FTAdpJMQfM","Bodak Yellow","Bodak Yellow","Cardi B","2017-06-16",223962,55,"true","liv.pet.chill","2019-11-21T02:28:45Z","","KSR/Atlantic",0.929,0.723,11,-5.792,0,0.109,0.0672,0,0.346,0.458,125.022,4
"1604","spotify:track:0n8ob8S72lvznoVfiwz4qL","Where Are Ü Now","Purpose (Deluxe)","Skrillex;Diplo;Justin Bieber","2015-11-13",242520,2,"false","liv.pet.chill","2019-11-21T02:30:18Z","dubstep,edm,electro,electronic,moombahton","RBMG/Def Jam",0.432,0.741,7,-5.057,1,0.0619,0.0342,6.42e-06,0.139,0.192,139.421,4
"1605","spotify:track:5dONhl6aXFuN86UBdayF6W","Olivia","Made In The A.M. (Deluxe Edition)","One Direction","2015-11-13",177971,67,"false","liv.pet.chill","2019-11-21T02:34:04Z","","Syco Music",0.64,0.681,6,-5.362,1,0.0334,0.0438,0,0.166,0.676,118.069,4
"1606","spotify:track:0KMYgSe9JWHloFeEVBU6qq","Me, Myself & I","Me, Myself & I","G-Eazy;Bebe Rexha","2015-10-14",252141,0,"true","liv.pet.chill","2019-11-21T02:35:17Z","","BPG/RVG/RCA Records",0.755,0.686,0,-6.106,0,0.0869,0.0174,0,0.11,0.386,111.977,4
"1607","spotify:track:3TJk0aoXM0knrOlgd1fnbx","Weak","What Everyone's Thinking - EP","AJR","2017",202186,0,"false","liv.pet.chill","2019-11-21T02:36:25Z","","Black Butter",0.675,0.632,5,-4.542,1,0.0439,0.122,0,0.141,0.704,124.035,4
"1608","spotify:track:5XwIdRXvHTtxH5BmBOSCCM","Good Girls","5 Seconds Of Summer","5 Seconds of Summer","2014-06-27",206423,56,"false","liv.pet.chill","2019-11-21T02:36:47Z","","Capitol",0.531,0.915,4,-5.215,1,0.0828,0.0131,0,0.119,0.557,141.06,4
"1609","spotify:track:04aAxqtGp5pv12UXAg4pkq","Centuries","American Beauty/American Psycho","Fall Out Boy","2015-01-16",228360,85,"false","liv.pet.chill","2019-11-21T02:37:07Z","emo,pop punk","Island Records",0.393,0.858,4,-2.868,0,0.0729,0.00359,0,0.102,0.56,176.042,4
"1610","spotify:track:7jmqSz6yTrGWI1kNqNYI28","Blah Blah Blah (feat. 3OH!3)","Animal","Kesha;3OH!3","2010",172053,0,"true","liv.pet.chill","2019-11-21T02:38:02Z","","RCA Records Label",0.752,0.832,10,-3.243,1,0.0971,0.0833,0.000265,0.424,0.534,120.003,4
"1611","spotify:track:6YL5zD4SggAZAQcdPv5r0C","Habits (Stay High)","Queen Of The Clouds (Blueprint Edition)","Tove Lo","2015-10-02",209160,41,"false","liv.pet.chill","2019-11-21T02:38:40Z","","Universal Music AB",0.733,0.65,5,-3.539,1,0.0315,0.0703,6.59e-05,0.0829,0.348,110.003,4
"1612","spotify:track:5ndfVSDyPq90jaIUhNPeby","Chained To The Rhythm","Chained To The Rhythm","Katy Perry;Skip Marley","2017-02-10",237915,1,"false","liv.pet.chill","2019-11-21T02:41:18Z","pop,reggae","Universal Music Group",0.446,0.793,0,-5.365,1,0.156,0.089,0,0.211,0.47,189.891,4
"1613","spotify:track:5GFDrUTLGJix84sNhjCG0g","Caroline","Caroline","Aminé","2016-08-26",209746,1,"true","liv.pet.chill","2019-11-21T02:41:43Z","","Universal Records",0.945,0.394,10,-8.571,1,0.492,0.303,0,0.131,0.743,120.058,4
"1614","spotify:track:52hpSaCHjkqoxE9Tpr2w0p","The Way - Spanglish Version","The Way (Spanglish Version)","Ariana Grande;J Balvin","2013-01-01",226893,0,"false","liv.pet.chill","2019-11-21T02:42:49Z","pop,reggaeton,latin","Universal Records",0.663,0.899,5,-2.399,0,0.171,0.416,0,0.0863,0.857,164.892,4
"1615","spotify:track:6r027Faonff84hxFMjMbIH","Rap God","Rap God","Eminem","2013-01-01",363973,62,"true","liv.pet.chill","2019-11-21T02:43:43Z","rap,hip hop","Eminem Catalog PS",0.708,0.849,7,-2.666,1,0.324,0.38,0,0.849,0.649,148.102,4
"1616","spotify:track:1sXUWdKx03aP9Gmzft58rt","Issues","Issues","Julia Michaels","2017-01-13",176346,0,"false","liv.pet.chill","2019-11-21T02:44:02Z","","Universal Music Group",0.683,0.427,8,-6.827,1,0.0777,0.368,0,0.0604,0.426,113.634,4
"1617","spotify:track:4qikXelSRKvoCqFcHLB2H2","Mercy","Mercy","Kanye West;Big Sean;Pusha T;2 Chainz","2012-01-01",329320,77,"true","liv.pet.chill","2019-11-21T02:44:09Z","rap,southern hip hop","Getting Out Our Dreams Inc. (G.O.O.D.) Music / IDJ",0.563,0.496,6,-9.381,0,0.406,0.0685,5.8e-05,0.173,0.426,139.993,4
"1618","spotify:track:7yyRTcZmCiyzzJlNzGC9Ol","Broccoli (feat. Lil Yachty)","Big Baby DRAM","DRAM;Lil Yachty","2016-10-21",225205,63,"true","liv.pet.chill","2019-11-21T02:44:57Z","","W.A.V.E. Recordings/EMPIRE/Atlantic",0.886,0.525,8,-7.39,1,0.131,0.236,0,0.057,0.708,145.99,4
"1619","spotify:track:3f2jTceMr6Arp6zDWXVbZN","Moments","Queen Of The Clouds (Blueprint Edition)","Tove Lo","2015-10-02",202422,32,"true","liv.pet.chill","2019-11-21T02:46:29Z","","Universal Music AB",0.66,0.798,0,-6.624,1,0.0523,0.0599,1.59e-06,0.305,0.61,125.987,4
"1620","spotify:track:42wmRq3kfUUuyszlkWQbPS","That Should Be Me","Never Say Never - The Remixes","Justin Bieber;Rascal Flatts","2011-01-01",230786,62,"false","liv.pet.chill","2019-11-21T02:53:04Z","country","RBMG/Def Jam",0.467,0.631,5,-6.762,0,0.0318,0.0312,0,0.0596,0.3,139.962,4
"1621","spotify:track:25KybV9BOUlvcnv7nN3Pyo","In The Night","Beauty Behind The Madness","The Weeknd","2015-08-28",235653,75,"true","liv.pet.chill","2019-11-21T02:54:26Z","","The Weeknd/Lyric",0.505,0.68,7,-4.993,1,0.0714,0.0796,0,0.0465,0.539,168.022,3
"1622","spotify:track:6u0oHknFYrnUd42A6rvFly","Sing","x (Wembley Edition)","Ed Sheeran","2013",235382,53,"false","liv.pet.chill","2019-11-21T02:54:44Z","soft pop","Atlantic Records UK",0.818,0.67,8,-4.451,0,0.0472,0.304,1.22e-06,0.0601,0.939,119.988,4
"1623","spotify:track:3ylFvJfARlPKxGWAJv6Bvf","Hey Everybody!","Sounds Good Feels Good (Deluxe)","5 Seconds of Summer","2015-10-23",196937,51,"false","liv.pet.chill","2019-11-21T02:55:28Z","","Capitol",0.753,0.803,9,-3.737,1,0.0316,0.000938,0,0.101,0.854,126.014,4
"1624","spotify:track:0Zx8khUcEfCFK2AEoIhC92","Don't Leave","Don't Leave","Snakehips;MØ","2017-01-06",214685,62,"true","liv.pet.chill","2019-11-21T02:55:39Z","","Hoffman West/Columbia",0.657,0.703,1,-3.402,1,0.0753,0.222,0,0.256,0.338,122.381,4
"1625","spotify:track:5FQazQxWUHsJ8QDaXLdFzR","Blow","Cannibal","Kesha","2010-11-19",219973,11,"false","liv.pet.chill","2019-11-21T02:56:08Z","","RCA Records Label",0.752,0.73,11,-3.897,0,0.0412,0.00272,3.62e-05,0.175,0.769,120.032,4
"1626","spotify:track:1gWnUzwTMhOv4cWyj1CDxB","Born To Be Somebody","Never Say Never - The Remixes","Justin Bieber","2011-01-01",181026,52,"false","liv.pet.chill","2019-11-21T02:56:39Z","","RBMG/Def Jam",0.674,0.619,1,-5.239,1,0.0295,0.187,0,0.0493,0.296,117.927,4
"1627","spotify:track:3fo6DYGktjENCiagUeU9yH","Pity Party","Cry Baby (Deluxe Edition)","Melanie Martinez","2015-08-14",204085,75,"false","liv.pet.chill","2019-11-21T02:57:58Z","","Atlantic Records",0.716,0.73,6,-4.126,0,0.0364,0.058,7.32e-06,0.151,0.339,136.05,4
"1628","spotify:track:0lYBSQXN6rCTvUZvg9S0lU","Let Me Love You","Encore","DJ Snake;Justin Bieber","2016-08-05",205946,91,"false","liv.pet.chill","2019-11-25T02:20:00Z","","DJ Snake Def Jam",0.475,0.715,8,-5.371,1,0.058,0.0863,2.67e-05,0.135,0.159,199.892,4
"1629","spotify:track:7MXVkk9YMctZqd1Srtv4MB","Starboy","Starboy","The Weeknd;Daft Punk","2016-11-25",230453,93,"true","liv.pet.chill","2019-11-25T02:20:54Z","french house,electronic,electro","The Weeknd/Lyric",0.679,0.587,7,-7.015,1,0.276,0.141,6.35e-06,0.137,0.486,186.003,4
"1630","spotify:track:66hayvUbTotekKU3H4ta1f","Where Are Ü Now (with Justin Bieber)","Skrillex and Diplo present Jack Ü","Jack Ü;Skrillex;Diplo;Justin Bieber","2015-02-24",250285,81,"false","liv.pet.chill","2019-11-25T02:20:59Z","dubstep,edm,electro,electronic,moombahton","OWSLA/Mad Decent",0.432,0.781,4,-4.038,0,0.0567,0.041,4.21e-06,0.0789,0.197,139.432,4
"1631","spotify:track:6n2GPvMJtFZ4ckoc9EWHMx","Do My Thang","Bangerz (Deluxe Version)","Miley Cyrus","2013-10-04",225498,55,"true","liv.pet.chill","2019-11-25T02:21:11Z","","RCA Records Label",0.76,0.575,6,-4.06,1,0.0444,0.282,0.000383,0.0993,0.314,131.983,4
"1632","spotify:track:1tAutlhI9FwnKn7fVgmd5P","Without You (feat. Usher)","Nothing but the Beat 2.0","David Guetta;USHER","2011-08-24",208133,72,"false","liv.pet.chill","2020-02-10T20:29:36Z","edm,r&b","Parlophone (France)",0.608,0.614,2,-3.727,1,0.0285,0.227,3.82e-06,0.157,0.402,127.885,4
"1633","spotify:track:2zFF6jG5hQArbzcXz3KUWk","Cool for the Summer","Confident (Deluxe Edition)","Demi Lovato","2015-10-16",214739,64,"true","liv.pet.chill","2020-02-10T20:30:26Z","","Hollywood Records",0.583,0.61,5,-5.639,0,0.0382,0.00425,0.000105,0.14,0.336,114.06,4
"1634","spotify:track:7rdjfrTBMNt3KaaGvSv3YG","Nothing but Trouble - Instagram Models","Nothing but Trouble (Instagram Models) [From 808: The Music]","Lil Wayne;Charlie Puth","2015-06-30",217984,50,"true","liv.pet.chill","2020-02-19T18:43:13Z","rap,hip hop,soft pop","Big Beat Records/Atlantic",0.724,0.691,6,-5.665,0,0.0324,0.0172,1.68e-05,0.194,0.236,126.002,4
"1635","spotify:track:2MdtJWg3tsw1oPbpbIVzJK","Play It Again","Play It Again","Becky G","2013-05-06",189160,38,"false","liv.pet.chill","2020-03-07T08:12:07Z","reggaeton,latin","Kemosabe Records/RCA Records",0.714,0.69,1,-4.747,1,0.158,0.0445,0.00429,0.099,0.93,159.998,4
"1636","spotify:track:7mnGQesk1TzQLzQ9bYWZPR","She's so High","Tal Bachman","Tal Bachman","1999-02-23",224693,78,"false","liv.pet.chill","2020-03-07T08:13:18Z","","Columbia",0.537,0.84,9,-4.626,1,0.0363,0.2,2.15e-06,0.0998,0.211,124.269,4
"1637","spotify:track:6Uy6K3KdmUdAfelUp0SeXn","Brave","The Blessed Unrest","Sara Bareilles","2013-07-16",220460,71,"false","liv.pet.chill","2020-03-07T08:13:26Z","","Epic",0.551,0.836,10,-3.838,0,0.0524,0.00502,2.1e-05,0.0425,0.758,185.063,4
"1638","spotify:track:4IoYz8XqqdowINzfRrFnhi","You Found Me","The Fray","The Fray","2009-02-02",241853,81,"false","liv.pet.chill","2020-03-07T08:14:18Z","","Epic",0.338,0.803,8,-5.412,0,0.0413,0.0187,0,0.136,0.4,151.994,4
"1639","spotify:track:10QJkBWQJXPr3TYaPuH6gR","Dumb Love","Dumb Love","Sean Kingston","2010-09-07",186773,0,"false","liv.pet.chill","2020-03-07T08:15:28Z","","Epic/Beluga Heights",0.758,0.646,0,-3.662,1,0.0724,0.356,0,0.473,0.876,128.031,4
"1640","spotify:track:0A5qqtFMG1qrNQEcjvr1A2","Break the Rules","SUCKER","Charli xcx","2014-12-15",203907,55,"true","liv.pet.chill","2020-03-07T08:15:46Z","hyperpop,art pop","Atlantic Records UK",0.676,0.926,0,-2.244,0,0.0425,0.0305,0.000658,0.0771,0.818,124.019,4
"1641","spotify:track:1le5KVGTF1xWf2aUj7ruLy","Fallin' For You","Breakthrough (Deluxe Edition)","Colbie Caillat","2009",215546,64,"false","liv.pet.chill","2020-03-07T08:17:26Z","","Universal Records",0.644,0.834,4,-6.473,1,0.0275,0.156,0,0.112,0.593,117.043,4
"1642","spotify:track:4x3381mYJqptPqT6OKUfmu","Dare You To Move","Learning To Breathe","Switchfoot","2000-01-01",247893,63,"false","liv.pet.chill","2020-03-07T08:18:29Z","christian rock,christian alternative rock,ccm,christian","Rethink",0.426,0.881,4,-4.526,1,0.0404,0.00573,0.0693,0.389,0.259,139.986,4
"1643","spotify:track:5QpaGzWp0hwB5faV8dkbAz","Wherever You Will Go","Camino Palmero","The Calling","2001",208600,84,"false","liv.pet.chill","2020-03-07T08:20:17Z","pop rock","RCA Records Label",0.558,0.719,2,-5.113,1,0.0267,0.0367,0,0.115,0.371,112.027,4
"1644","spotify:track:70C4NyhjD5OZUMzvWZ3njJ","Piano Man","Piano Man (Legacy Edition)","Billy Joel","1973-11-07",339000,88,"false","liv.pet.chill","2020-03-07T08:20:56Z","soft rock","Columbia/Legacy",0.331,0.55,0,-6.483,1,0.0272,0.605,3.96e-06,0.192,0.429,177.734,3
"1645","spotify:track:2mobr1UlKjhxDTOVqng3jw","Home","Daughtry (Deluxe Edition)","Daughtry","2006",255666,63,"false","liv.pet.chill","2020-03-07T08:21:47Z","post-grunge","RCA Records Label",0.443,0.853,6,-3.885,1,0.0361,0.00217,1.77e-06,0.198,0.338,143.986,4
"1646","spotify:track:1vNn7rVQT6UtEW1NGH53fT","All Night Longer","All Night Longer","Sammy Adams","2012-08-20",177093,58,"true","liv.pet.chill","2020-03-07T08:22:19Z","","RCA Records Label",0.712,0.649,1,-4.753,1,0.063,0.000652,0,0.0683,0.616,127.028,4
"1647","spotify:track:5S9lfZu1YF8xKkgSsqL2Bd","Elastic Heart","1000 Forms Of Fear (Deluxe Version)","Sia","2015-05-04",257200,72,"false","liv.pet.chill","2020-03-11T01:20:20Z","","Monkey Puzzle Records/RCA Records",0.421,0.791,9,-4.998,1,0.0496,0.0117,1.48e-05,0.146,0.499,130.075,4
"1648","spotify:track:3JTMWdhcJPiegDSe7SvZS3","Cannibal","Cannibal (Expanded Edition)","Kesha","2010-11-19",194253,75,"false","liv.pet.chill","2020-03-12T04:39:28Z","","RCA Records Label",0.71,0.68,1,-4.676,1,0.106,0.0078,0.0165,0.0493,0.571,129.971,4
"1649","spotify:track:3l9gO3v451yMJxkfhQWBAD","Paparazzi","The Fame Monster","Lady Gaga","2010-01-01",208306,0,"false","liv.pet.chill","2020-03-12T04:39:58Z","art pop,pop","Interscope",0.762,0.692,5,-3.973,0,0.0438,0.113,0,0.094,0.397,114.906,4
"1650","spotify:track:0NwHcjsMMGgolX6CXFDwQT","E.T. - feat. Kanye West","E.T. (featuring Kanye West)","Katy Perry","2011",230986,0,"false","liv.pet.chill","2020-03-12T04:40:27Z","pop","Capitol Records",0.62,0.874,1,-5.251,1,0.18,0.0146,0,0.37,0.776,151.62,4
"1651","spotify:track:5PaqFdIb4vspKAmpCqDuzz","Am I Wrong","Am I Wrong","Nico & Vinz","2013-04-12",249520,36,"false","liv.pet.chill","2020-03-12T04:41:02Z","","Parlophone Norway",0.719,0.45,8,-13.529,1,0.0346,0.183,2.54e-06,0.0979,0.794,119.935,4
"1652","spotify:track:5BJSZocnCeSNeYMj3iVqM7","Love Runs Out","Native","OneRepublic","2014-01-01",224226,67,"false","liv.pet.chill","2020-03-12T04:41:26Z","","Mosley / Interscope",0.719,0.935,7,-3.752,1,0.0589,0.167,0,0.0974,0.737,120.022,4
"1653","spotify:track:3P8zSSoklAkP84OjpJ6HHC","OMG (feat. will.i.am)","Raymond v Raymond","USHER;will.i.am","2010",269493,0,"false","liv.pet.chill","2020-03-12T04:43:43Z","r&b","LaFace Records",0.781,0.745,4,-5.81,0,0.0332,0.198,1.14e-05,0.36,0.326,129.998,4
"1654","spotify:track:24LS4lQShWyixJ0ZrJXfJ5","Sweet Nothing (feat. Florence Welch)","18 Months","Calvin Harris;Florence Welch","2012-10-29",212560,83,"false","liv.pet.chill","2020-03-12T04:44:05Z","edm","Columbia",0.573,0.929,8,-3.942,0,0.109,0.197,0.000112,0.0567,0.582,127.934,4
"1655","spotify:track:0sQLhT32E9ZG2zn5iYR6nN","Locked Away (feat. Adam Levine)","Locked Away (feat. Adam Levine)","R. City;Adam Levine","2015-06-29",227280,62,"false","liv.pet.chill","2020-03-12T04:44:53Z","","Kemosabe Records/RCA Records",0.508,0.677,1,-5.696,1,0.0656,0.328,0,0.0491,0.575,121.928,5
"1656","spotify:track:6IYvjFPDOwImnHs9yTLcuO","Don't Stop The Party","Don't Stop The Party","Pitbull;TJR","2012-01-01",206099,47,"false","liv.pet.chill","2020-03-12T04:45:24Z","melbourne bounce,big room,uk garage","London",0.749,0.937,4,-4.984,1,0.0998,0.00851,0,0.342,0.966,127.01,4
"1657","spotify:track:5dXUOwoGcomIpyCelCQOAI","The Other Side","Talk Dirty (Deluxe Edition)","Jason Derulo","2013-09-16",226986,19,"false","liv.pet.chill","2020-03-12T04:45:38Z","","Beluga Heights/Warner Records",0.561,0.836,9,-3.939,1,0.1,0.0525,0,0.136,0.517,127.923,4
"1658","spotify:track:3TKt9EoDMmKvNYpk1e6GkI","White Walls (feat. ScHoolboy Q & Hollis)","The Heist (Deluxe Edition)","Macklemore & Ryan Lewis;Hollis;ScHoolboy Q","2012-10-09",220319,0,"true","liv.pet.chill","2020-03-12T04:46:56Z","","Macklemore",0.767,0.782,7,-5.545,1,0.14,0.0541,0,0.338,0.827,116.491,4
"1659","spotify:track:1SSmCRKVovLanPi3mx3pVe","Hello - Single Edit","Hello","Martin Solveig;Dragonette","2010-11-26",282480,0,"false","liv.pet.chill","2020-03-12T04:48:28Z","french house","Third Party",0.671,0.933,3,-4.323,1,0.0318,0.0266,0.0219,0.0429,0.517,127.99,4
"1660","spotify:track:4V9JDRqKjN8F2HWdlEDxvI","Harder To Breathe","Songs About Jane: 10th Anniversary Edition","Maroon 5","2002",173693,72,"true","liv.pet.chill","2020-03-12T04:48:54Z","pop","Interscope Records*",0.662,0.908,1,-4.764,0,0.0449,0.0506,0,0.0508,0.967,149.941,4
"1661","spotify:track:4VL2XUsn5dHQYdf5nPHGdM","Best Song Ever","Best Song Ever","One Direction","2013-07-22",202440,0,"false","liv.pet.chill","2020-03-12T04:51:42Z","","Syco Music",0.654,0.877,1,-2.988,1,0.045,0.025,0,0.0699,0.561,118.499,4
"1662","spotify:track:527quxJuyqYr8kz2c94WAc","Look At Me Now (feat. Lil' Wayne & Busta Rhymes)","F.A.M.E. (Deluxe Version)","Chris Brown;Lil Wayne;Busta Rhymes","2011-04-19",222586,0,"true","liv.pet.chill","2020-03-12T04:52:29Z","r&b,rap,hip hop,east coast hip hop,old school hip hop","Jive",0.767,0.677,11,-6.128,0,0.184,0.0339,5.51e-06,0.144,0.538,146.155,4
"1663","spotify:track:0Mn3amMRMoabaoTf1Publ4","Confident","Confident (Deluxe Edition)","Demi Lovato","2015-10-16",205745,62,"true","liv.pet.chill","2020-03-12T04:55:28Z","","Hollywood Records",0.594,0.749,3,-6.251,1,0.0677,0.00188,0.000139,0.0869,0.344,130.064,4
"1664","spotify:track:4PhsKqMdgMEUSstTDAmMpg","Often","Beauty Behind The Madness","The Weeknd","2015-08-28",249040,83,"true","liv.pet.chill","2020-03-12T04:56:38Z","","The Weeknd/Lyric",0.572,0.631,7,-9.836,0,0.0476,0.222,0,0.135,0.0713,134.078,4
"1665","spotify:track:0LzrhCZFXW94Y8nwtTuRlw","Hollaback Girl","Love. Angel. Music. Baby. (Deluxe Version)","Gwen Stefani","2004-11-12",199853,78,"true","liv.pet.chill","2020-03-12T05:00:25Z","","Interscope",0.926,0.916,10,-2.221,0,0.0929,0.35,6.01e-06,0.0234,0.904,110.009,4
"1666","spotify:track:4sQmCQUZcnBPaVm4dEUKv7","CAN'T STOP THE FEELING! - Film Version","TROLLS (Original Motion Picture Soundtrack)","Justin Timberlake;Anna Kendrick;Gwen Stefani;James Corden;Zooey Deschanel;Ron Funches;Caroline Hjelt;Aino Jawo;Christopher Mintz-Plasse;Kunal Nayyar","2016-09-23",237400,67,"false","liv.pet.chill","2020-03-12T05:00:33Z","children's music,comedy","Villa 40/RCA Records",0.658,0.82,0,-5.825,1,0.0674,0.00816,0,0.0839,0.697,112.944,4
"1667","spotify:track:60JyWL5XwjKn33yzND3KlI","Since U Been Gone","Greatest Hits - Chapter One","Kelly Clarkson","2012-11-16",190013,42,"false","liv.pet.chill","2020-03-12T05:05:09Z","christmas","RCA Records Label",0.664,0.761,9,-4.872,0,0.033,0.00179,0.0365,0.113,0.415,131.012,4
"1668","spotify:track:61Qhe2mHSLhUE04QeK4lkD","Breakaway","Breakaway","Kelly Clarkson","2004-01-17",237000,71,"false","liv.pet.chill","2020-03-12T05:05:27Z","christmas","RCA Records Label",0.446,0.701,9,-4.179,0,0.0295,0.0298,8.89e-06,0.0931,0.394,159.958,3
"1669","spotify:track:25sA1vM4BFkTb5cJGWftFo","Walk Away","Breakaway","Kelly Clarkson","2004-01-17",189306,55,"false","liv.pet.chill","2020-03-12T05:06:29Z","christmas","RCA Records Label",0.75,0.888,0,-4.524,1,0.0426,0.0147,1.11e-06,0.0759,0.935,115.973,4
"1670","spotify:track:5zTzDqrEmseqL2G8ElgBu7","What the Hell","Goodbye Lullaby","Avril Lavigne","2011-03-04",220626,0,"false","liv.pet.chill","2020-03-12T05:08:11Z","","Epic",0.571,0.932,6,-3.68,0,0.0576,0.00448,0.00939,0.117,0.864,150.014,4
"1671","spotify:track:4Kz4RdRCceaA9VgTqBhBfa","The Motto","Take Care (Deluxe)","Drake;Lil Wayne","2011-11-15",181573,77,"true","liv.pet.chill","2020-03-12T05:09:02Z","rap,hip hop","Cash Money Records/Young Money Ent./Universal Rec.",0.766,0.442,1,-8.558,1,0.356,0.000107,6.12e-05,0.111,0.39,201.8,4
"1672","spotify:track:7y911sqgHGHcyU4ivapjwi","All Me","Nothing Was The Same (Deluxe)","Drake;2 Chainz;Big Sean","2013-01-01",270866,67,"true","liv.pet.chill","2020-03-12T05:09:32Z","rap,southern hip hop","Cash Money Records/Young Money Ent./Universal Rec.",0.67,0.515,1,-6.977,1,0.397,0.0705,0,0.25,0.422,122.006,4
"1673","spotify:track:79XrkTOfV1AqySNjVlygpW","Energy","If You're Reading This It's Too Late","Drake","2015-02-12",181933,73,"true","liv.pet.chill","2020-03-12T05:09:41Z","rap","Cash Money Records/Young Money Ent./Universal Rec.",0.747,0.571,11,-7.916,1,0.478,0.38,0,0.534,0.553,172.104,4
"1674","spotify:track:05SBRd4fXgn8FX7bf8BCAE","I Need Your Love (feat. Ellie Goulding)","18 Months","Calvin Harris;Ellie Goulding","2012-10-29",234506,85,"false","liv.pet.chill","2020-03-12T05:10:59Z","edm","Columbia",0.695,0.869,8,-5.066,1,0.0483,0.41,0,0.237,0.58,124.989,4
"1675","spotify:track:3STTVKfJGTdhbg5aLppEzX","On The Floor","LOVE? (Deluxe Edition)","Jennifer Lopez;Pitbull","2011-04-29",284866,51,"false","liv.pet.chill","2020-03-12T05:14:52Z","","Nuyorican Productions / IDJ",0.73,0.776,3,-5.199,0,0.0482,0.108,0.00045,0.069,0.592,129.998,4
"1676","spotify:track:1eOHw1k2AoluG4VyjBHLzX","Everytime We Touch","Everytime We Touch","Cascada","2006-02-21",196466,5,"false","liv.pet.chill","2020-03-12T05:15:08Z","europop,eurodance,nightcore","Robbins Entertainment LLC",0.635,0.974,8,-5.373,1,0.052,0.00474,1.56e-05,0.41,0.495,142.049,4
"1677","spotify:track:2Qu4snHWjiF1bIIggf3R8i","Crazy Kids","Warrior (Deluxe Version)","Kesha","2012-11-30",230746,0,"true","liv.pet.chill","2020-03-12T05:15:45Z","","Kemosabe Records/RCA Records",0.742,0.706,0,-4.6,0,0.0433,0.0141,0.00568,0.133,0.478,128.03,4
"1678","spotify:track:4AboqNl74jNDpJhPfqYDmj","Your Love Is My Drug","Animal","Kesha","2010",187066,0,"false","liv.pet.chill","2020-03-12T05:16:52Z","","RCA Records Label",0.829,0.607,1,-3.876,1,0.0897,0.0049,0,0.0986,0.766,120.044,4
"1679","spotify:track:00BuKLSAFkaEkaVAgIMbeA","Telephone","The Fame Monster (International Deluxe)","Lady Gaga;Beyoncé","2009-01-01",220626,4,"false","liv.pet.chill","2020-03-12T05:16:58Z","art pop,pop","Universal Music Group",0.825,0.832,5,-5.853,0,0.0403,0.00587,0.000789,0.114,0.713,122.021,4
"1680","spotify:track:4bk78jvK8Fe9YHqruOJW0v","Get the Party Started","M!ssundaztood","P!nk","2001-11-16",191666,5,"false","liv.pet.chill","2020-03-12T05:17:42Z","","Arista",0.806,0.902,11,-3.387,0,0.0475,0.00127,0,0.212,0.961,128.943,4
"1681","spotify:track:6HkjpGIOHv4y0IBAxUbE5z","Just Dance","The Fame","Lady Gaga;Colby O'Donis","2008-01-01",241933,3,"false","liv.pet.chill","2020-03-12T17:54:20Z","art pop,pop","Streamline/Interscope",0.822,0.737,1,-4.542,0,0.0314,0.0261,4.19e-05,0.18,0.753,118.994,4
"1682","spotify:track:4P0osvTXoSYZZC2n8IFH3c","Payphone","Overexposed (Deluxe)","Maroon 5;Wiz Khalifa","2012-01-01",231386,79,"true","liv.pet.chill","2020-03-12T17:55:00Z","pop","Interscope Records*",0.739,0.756,4,-4.828,1,0.0394,0.0136,0,0.37,0.523,110.028,4
"1683","spotify:track:12tUCBq7V9qCF8qGOLpcnu","Love Somebody","Overexposed (Deluxe)","Maroon 5","2012-01-01",229826,56,"false","liv.pet.chill","2020-03-12T17:55:30Z","pop","Interscope Records*",0.675,0.79,1,-6.295,1,0.0369,0.129,0,0.121,0.423,120.015,4
"1684","spotify:track:0ENSn4fwAbCGeFGVUbXEU3","Hello","Hello","Adele","2015-10-23",295493,1,"false","liv.pet.chill","2020-03-12T18:00:16Z","soft pop","XL Recordings/Columbia",0.481,0.451,5,-6.095,0,0.0347,0.336,0,0.0872,0.289,157.966,4
"1685","spotify:track:7A2eDNBgJrEVE87C8pOMqN","When We Were Young","When We Were Young","Adele","2016-02-05",290906,0,"false","liv.pet.chill","2020-03-12T18:00:28Z","soft pop","XL Recordings/Columbia",0.381,0.594,3,-5.97,1,0.0486,0.348,0,0.0925,0.273,143.86,4
"1686","spotify:track:3LGxef3inmn5jMLGDz9lqw","Send My Love (To Your New Lover)","Send My Love (To Your New Lover)","Adele","2016-05-16",223080,0,"false","liv.pet.chill","2020-03-12T18:00:42Z","soft pop","XL Recordings/Columbia",0.69,0.524,6,-8.39,0,0.103,0.0415,3.16e-06,0.17,0.562,164.023,4
"1687","spotify:track:2VhPOtIQw2UpQmRVevdviU","Bang Bang","Bang Bang","Jessie J;Ariana Grande;Nicki Minaj","2014-07-29",199373,55,"false","liv.pet.chill","2020-03-12T18:01:52Z","pop","Lava Music/Republic Records",0.707,0.752,0,-4.401,0,0.0885,0.269,0,0.377,0.724,150.061,4
"1688","spotify:track:75JFxkI2RXiU7L9VXzMkle","The Scientist","A Rush of Blood to the Head","Coldplay","2002-08-27",309600,90,"false","liv.pet.chill","2020-03-12T18:08:22Z","","Parlophone Records Limited",0.557,0.442,5,-7.224,1,0.0243,0.731,1.46e-05,0.11,0.213,146.277,4
"1689","spotify:track:69uxyAqqPIsUyTO8txoP2M","Adventure of a Lifetime","A Head Full of Dreams","Coldplay","2015-12-04",263786,88,"false","liv.pet.chill","2020-03-12T18:09:29Z","","Parlophone UK",0.638,0.924,7,-3.887,1,0.036,0.00205,0.000175,0.149,0.53,111.995,4
"1690","spotify:track:343YBumqHu19cGoGARUTsd","Fake Love","More Life","Drake","2017-03-18",210937,72,"true","liv.pet.chill","2020-03-12T18:09:49Z","rap","Cash Money Records/Young Money Ent./Universal Rec.",0.928,0.481,9,-9.35,0,0.287,0.105,0,0.176,0.613,134.007,4
"1691","spotify:track:7gpy7sfWPNuOKmUNs3XQYE","Carry On","Some Nights","fun.","2012-02-14",278373,65,"false","liv.pet.chill","2020-03-12T18:11:02Z","","Fueled By Ramen",0.388,0.694,5,-5.769,1,0.0735,0.118,0.000293,0.082,0.365,145.434,5
"1692","spotify:track:7i2DJ88J7jQ8K7zqFX2fW8","Now Or Never","hopeless fountain kingdom (Deluxe)","Halsey","2017-06-02",214801,3,"false","liv.pet.chill","2020-03-12T18:11:45Z","","Astralwerks (ASW)",0.67,0.585,6,-4.861,0,0.0354,0.107,1.11e-06,0.131,0.447,110.03,4
"1693","spotify:track:6AvfZXpbb6r35DfF7gHPRq","Wait","Red Pill Blues (Deluxe)","Maroon 5","2018-06-15",190642,68,"false","liv.pet.chill","2020-03-12T18:14:35Z","pop","Interscope Records*",0.658,0.603,8,-5.016,1,0.0549,0.0946,0,0.107,0.435,126.035,4
"1694","spotify:track:4bAFo6r2ODMDoqM5YHV2gM","I Like To Move It","Madagascar: Escape 2 Africa (Music From The Motion Picture)","will.i.am","2008-11-04",221466,78,"false","liv.pet.chill","2020-03-26T19:57:43Z","","Interscope",0.842,0.791,7,-5.277,0,0.0437,0.428,0,0.0989,0.95,126.962,4
"1695","spotify:track:3SwlakM6VX47IwG0Wll5ek","Promiscuous","The Best of Nelly Furtado (Deluxe)","Nelly Furtado;Timbaland","2010-01-01",242373,58,"false","liv.pet.chill","2020-03-26T20:00:07Z","","Interscope",0.807,0.97,10,-6.056,0,0.0477,0.0536,6.6e-05,0.149,0.876,114.298,4
"1696","spotify:track:036GQb6SETOJJG8BxJTNxc","Chloe (You're the One I Want)","Nothing To Lose (Deluxe Version)","Emblem3","2013-07-26",222986,51,"false","liv.pet.chill","2020-03-26T20:02:42Z","","Syco Music/Columbia Records",0.71,0.925,0,-3.329,1,0.0359,0.039,0,0.127,0.93,118.024,4
"1697","spotify:track:2n3CaPGPLYnYAvTEwKCX8t","Mmm Yeah (feat. Pitbull)","The Secret","Austin Mahone;Pitbull","2014",231624,3,"false","liv.pet.chill","2020-03-26T20:02:49Z","","BMG Rights Management (US) LLC",0.712,0.922,6,-3.902,0,0.0411,0.00266,1.9e-06,0.268,0.976,125.984,4
"1698","spotify:track:241RmK77gecJ1y7jOoQ5lu","This Will Be (An Everlasting Love) - 2003 Remaster","Natalie Cole Anthology","Natalie Cole","2003-01-01",171360,61,"false","liv.pet.chill","2020-03-26T20:08:01Z","quiet storm","The Right Stuff",0.682,0.605,8,-10.771,1,0.0403,0.185,0.00326,0.0469,0.914,125.96,4
"1699","spotify:track:4Li2WHPkuyCdtmokzW2007","Ni**as In Paris","Watch The Throne (Deluxe)","JAŸ-Z;Kanye West","2011-08-08",219333,17,"true","liv.pet.chill","2020-03-31T23:43:15Z","hip hop,east coast hip hop,rap","Roc Nation/RocAFella/IDJ",0.789,0.858,1,-5.542,1,0.311,0.129,0,0.349,0.776,140.022,4
"1700","spotify:track:3AGOgQzp0YcPH41u9p7dOp","Glad You Came","The Wanted (Special Edition)","The Wanted","2012-01-01",198186,64,"false","liv.pet.chill","2020-04-09T17:45:24Z","","Universal-Island Records Ltd.",0.61,0.841,7,-4.579,0,0.0692,0.056,9.85e-06,0.118,0.431,126.889,4
"1701","spotify:track:4XHQyvbrBsQaaBUW1VvmsL","My Band","D-12 World","D12","2004-01-01",298773,74,"true","liv.pet.chill","2020-04-20T06:35:59Z","","Polydor Associated Labels",0.851,0.849,1,-3.383,0,0.0828,0.497,2.05e-06,0.116,0.844,120.014,4
"1702","spotify:track:3bfqkspKABT4pPicm6wC9F","Ass Back Home (feat. Neon Hitch)","The Papercut Chronicles II","Gym Class Heroes;Neon Hitch","2011-11-11",222213,71,"true","liv.pet.chill","2020-04-20T08:45:23Z","","Decaydance/Fueled By Ramen",0.716,0.838,10,-4.289,1,0.0513,0.134,0,0.148,0.646,130.034,4
"1703","spotify:track:1rS3J4u1G8f6hbmTosa8Nf","I Found A Way","Drake & Josh: Songs From & Inspired By The Hit TV Series","Drake Bell","2005-03-08",179493,50,"false","liv.pet.chill","2020-04-20T08:47:02Z","","Nick Records",0.531,0.766,8,-7.692,1,0.0582,0.0056,0,0.201,0.532,130.048,4
"1704","spotify:track:7m3povhdMDLZwuEKak0l0n","Wasted","A Town Called Paradise (Deluxe)","Tiësto;Matthew Koma","2014-06-13",190013,65,"false","liv.pet.chill","2020-04-20T08:47:42Z","edm,trance,big room","Universal Music B.V.",0.638,0.816,2,-5.503,1,0.0308,0.00149,0.00115,0.195,0.386,112.014,4
"1705","spotify:track:7xAdO0zdl7lGf0ecg4IGhQ","Fire N Gold","Not An Apology","Bea Miller","2015-01-01",211573,53,"false","liv.pet.chill","2020-04-20T08:47:55Z","","Hollywood Records",0.539,0.869,6,-5.341,1,0.0471,0.00463,0,0.324,0.362,143.987,4
"1706","spotify:track:1JURww012QnWAw0zZXi6Aa","Just the Girl","Greetings From Imrie House (U.S. Version)","The Click Five","2005-08-08",234146,66,"false","liv.pet.chill","2020-04-20T08:48:23Z","","Lava",0.571,0.89,9,-1.6,1,0.0395,0.00509,0,0.0769,0.751,110.958,4
"1707","spotify:track:1nYWTzy5zu3zEPNgB1sItW","Speak Now","Speak Now (Deluxe Edition)","Taylor Swift","2010-10-25",240760,45,"false","liv.pet.chill","2020-06-08T20:22:04Z","","Taylor Swift",0.709,0.599,7,-3.734,1,0.0304,0.095,0,0.0973,0.735,118.975,4
"1708","spotify:track:70ATm56tH7OrQ1zurYssz0","I Need A Doctor","I Need A Doctor","Dr. Dre;Eminem;Skylar Grey","2011-02-01",283733,72,"true","liv.pet.chill","2020-06-22T18:50:39Z","old school hip hop,g-funk,gangster rap,west coast hip hop,hip hop,rap","Aftermath",0.594,0.946,3,-4.521,1,0.452,0.0869,0,0.306,0.397,155.826,4
"1709","spotify:track:1N62wozuHCvczCkY4QidpP","Over My Head (Cable Car)","How To Save A Life","The Fray","2005-09-13",236266,78,"false","liv.pet.chill","2020-07-21T04:43:19Z","","Epic",0.592,0.729,8,-4.156,1,0.0448,0.022,0,0.0653,0.709,116.03,4
"1710","spotify:track:3twQx3psUMJKj4wna5d1zU","Trap Queen","Trap Queen","Fetty Wap","2014-12-15",222093,41,"true","liv.pet.chill","2020-08-04T04:33:22Z","","300 Entertainment/RGF Productions",0.746,0.873,7,-3.803,1,0.128,0.0244,0,0.354,0.817,148.075,4
"1711","spotify:track:3G5iN5QBqMeXx3uZPy8tgB","Young Girls","Unorthodox Jukebox","Bruno Mars","2012-12-07",228720,73,"false","liv.pet.chill","2020-08-07T02:29:35Z","","Atlantic Records",0.561,0.749,6,-4.951,0,0.032,0.461,1.82e-06,0.205,0.501,125.986,4
"1712","spotify:track:75vEuMA15pb8JmgrGugHEs","Eenie Meenie","My World 2.0","Justin Bieber;Sean Kingston","2010-01-01",202626,4,"false","liv.pet.chill","2020-08-10T05:29:51Z","","RBMG/Def Jam",0.718,0.588,1,-4.192,1,0.0318,0.0525,0,0.0991,0.812,121.22,4
"1713","spotify:track:0l2HaL3nbp9AFJ428p4yaA","Summertime Sadness","Born To Die (Bonus Track Version)","Lana Del Rey","2012-01-30",264773,45,"false","liv.pet.chill","2020-08-10T05:34:44Z","","Polydor Records",0.565,0.647,1,-6.789,0,0.0334,0.0456,0,0.121,0.216,111.931,4
"1714","spotify:track:7fa9MBXhVfQ8P8Df9OEbD8","Girls Like You (feat. Cardi B) - Cardi B Version","Red Pill Blues (Deluxe)","Maroon 5;Cardi B","2018-06-15",235545,79,"true","liv.pet.chill","2020-08-10T05:36:10Z","pop","Interscope Records*",0.779,0.541,0,-6.824,1,0.0658,0.566,0,0.13,0.447,124.939,4
"1715","spotify:track:5AnCLGg35ziFOloEnXK4uu","Adore You","Bangerz (Deluxe Version)","Miley Cyrus","2013-10-04",278757,81,"false","liv.pet.chill","2020-08-10T05:39:05Z","","RCA Records Label",0.583,0.655,0,-5.407,1,0.0315,0.111,3.57e-06,0.113,0.201,119.759,4
"1716","spotify:track:77TT8Xvx637TpzV8kKGkUw","Titanium (feat. Sia)","Nothing but the Beat","David Guetta;Sia","2011-08-31",245040,61,"false","liv.pet.chill","2020-08-10T05:41:18Z","edm","Parlophone (France)",0.604,0.788,0,-3.673,0,0.103,0.0678,0.153,0.127,0.301,126.06,4
"1717","spotify:track:5NDUXbMwcnTQp66tI2zcdR","Fresh Eyes","The Good Parts","Andy Grammer","2017-12-01",198001,1,"false","liv.pet.chill","2020-08-10T05:41:47Z","","S-Curve Records",0.828,0.56,0,-6.685,1,0.0327,0.548,3.66e-05,0.15,0.872,122.054,4
"1718","spotify:track:2ISSQPb9LHHiV6ng2NXosL","Beautiful Now","True Colors","Zedd;Jon Bellion","2015-05-15",218293,74,"false","liv.pet.chill","2020-08-10T06:26:32Z","edm","Interscope",0.628,0.832,11,-4.126,0,0.0282,0.0079,1.46e-05,0.074,0.56,128.003,4
"1719","spotify:track:7Fw5i56my24ZBnGS7hFX2n","Pompeii","Pompeii","Bastille","2013-01-01",214147,54,"false","liv.pet.chill","2020-11-12T19:14:21Z","","Virgin Records",0.681,0.71,9,-6.488,1,0.0411,0.0749,0,0.266,0.591,127.442,4
"1720","spotify:track:57PjISfyOyDcvTPipz16nf","Love Me Again","Love Me Again","John Newman","2013-01-01",240288,7,"false","liv.pet.chill","2020-11-12T19:14:31Z","","Universal Music Group",0.485,0.915,2,-3.469,0,0.0544,0.00441,0.00112,0.0987,0.201,126.027,4
"1721","spotify:track:1jJci4qxiYcOHhQR247rEU","Kids","Oracular Spectacular","MGMT","2007-12-14",302840,87,"false","liv.pet.chill","2020-11-12T19:15:15Z","indie","Red Ink/Columbia",0.451,0.931,9,-3.871,1,0.0719,0.00076,0.0049,0.361,0.172,122.961,4
"1722","spotify:track:3eQlGeyuSibgAGPEJugaDW","Back in Time - featured in ""Men In Black 3""","Global Warming: Meltdown (Deluxe Version)","Pitbull","2012",207439,61,"false","liv.pet.chill","2020-12-12T23:04:34Z","","Mr.305/Polo Grounds Music/RCA Records",0.729,0.911,0,-4.5,1,0.045,0.00205,1.39e-06,0.295,0.74,127.087,4
"1723","spotify:track:2q95XoeFGixx8b5LNF6Ey1","Greenlight (feat. Flo Rida & LunchMoney Lewis)","Greenlight (feat. Flo Rida & LunchMoney Lewis)","Pitbull;Flo Rida;LunchMoney Lewis","2016-07-22",244173,65,"false","liv.pet.chill","2020-12-14T14:31:00Z","","Mr.305/Polo Grounds Music/RCA Records",0.695,0.837,1,-5.617,0,0.281,0.245,0,0.367,0.639,115.067,4
"1724","spotify:track:49eplIHvgCLY8HAgcaWrUb","Fireball (feat. John Ryan)","Fireball (feat. John Ryan)","Pitbull;John Ryan","2014-07-23",235012,68,"false","liv.pet.chill","2020-12-14T14:31:17Z","","Mr.305/Polo Grounds Music/RCA Records",0.69,0.937,10,-5.393,1,0.0642,0.0894,0.000104,0.0532,0.794,122.951,4
"1725","spotify:track:3NcO4jGK1Opb5ea0mYLpxb","Good Feeling","Good Feeling","Flo Rida","2011-08-29",248133,59,"false","liv.pet.chill","2021-03-29T21:08:43Z","","Poe Boy/Atlantic",0.706,0.89,1,-4.444,0,0.0688,0.0588,0.00286,0.306,0.684,128.011,4
"1726","spotify:track:6o4BYWzrQvfaFmQhm8Zq2v","Rather Be (feat. Jess Glynne)","I Cry When I Laugh","Clean Bandit;Jess Glynne","2015",227833,51,"false","liv.pet.chill","2021-03-29T21:09:29Z","","Atlantic Records UK",0.799,0.586,11,-6.735,1,0.0377,0.162,2.03e-06,0.193,0.549,120.97,4
"1727","spotify:track:2V65y3PX4DkRhy1djlxd9p","Don't You Worry Child - Radio Edit","Don't You Worry Child","Swedish House Mafia;John Martin","2012-09-14",212862,78,"false","liv.pet.chill","2021-03-29T21:09:41Z","edm","BMG Rights Management",0.612,0.84,11,-3.145,0,0.0509,0.112,0,0.116,0.438,129.042,4
"1728","spotify:track:3djPwpsQAnp8B8gC81e7fk","Where Them Girls At (feat. Nicki Minaj & Flo Rida)","Nothing but the Beat","David Guetta;Flo Rida;Nicki Minaj","2011-08-31",210093,49,"true","liv.pet.chill","2021-03-29T21:09:50Z","edm","Parlophone (France)",0.664,0.872,3,-3.117,1,0.0396,0.0306,0,0.228,0.555,129.873,4
"1729","spotify:track:59RSrxkSKSixEWBAIvE5Wa","Starships","Pink Friday ... Roman Reloaded (Deluxe)","Nicki Minaj","2012-01-01",210626,61,"true","liv.pet.chill","2021-03-29T21:09:57Z","","Nicki Minaj/Cash Money",0.747,0.716,11,-2.457,0,0.0751,0.135,0,0.251,0.751,125.006,4
"1730","spotify:track:4yOn1TEcfsKHUJCL2h1r8I","Feel This Moment (feat. Christina Aguilera)","Global Warming","Pitbull;Christina Aguilera","2012-11-16",229506,54,"false","liv.pet.chill","2021-03-29T21:10:58Z","","Mr.305/Polo Grounds Music/RCA Records",0.668,0.758,7,-3.589,1,0.158,0.0338,0,0.204,0.531,135.958,4
"1731","spotify:track:2iblMMIgSznA464mNov7A8","Don't Stop the Party (feat. TJR)","Global Warming","Pitbull;TJR","2012-11-16",206120,56,"false","liv.pet.chill","2021-03-29T21:11:14Z","melbourne bounce,big room,uk garage","Mr.305/Polo Grounds Music/RCA Records",0.714,0.952,4,-3.622,1,0.0894,0.0073,0,0.387,0.959,127.008,4
"1732","spotify:track:5Sf3GyLEAzJXxZ5mbCPXTu","Waves - Robin Schulz Radio Edit","Waves (Robin Schulz Radio Edit)","Mr. Probz;Robin Schulz","2014-02-07",208133,9,"false","liv.pet.chill","2021-03-29T21:13:13Z","tropical house","Left Lane Recordings",0.829,0.51,5,-9.334,0,0.0369,0.00821,0.0014,0.0829,0.45,119.993,4
"1733","spotify:track:6Ac4NVYYl2U73QiTt11ZKd","Hooked On A Feeling","Hooked On A Feeling","Blue Swede;Björn Skifs","1974-04-01",172866,75,"false","liv.pet.chill","2021-03-29T21:13:52Z","","Parlophone Sweden",0.547,0.82,8,-6.728,1,0.0805,0.261,0,0.3,0.933,118.208,4
"1734","spotify:track:5NlFXQ0si6U87gXs6hq81B","Candy","Take The Crown (Deluxe Edition)","Robbie Williams","2012-11-05",201053,72,"false","liv.pet.chill","2021-03-29T21:14:41Z","","Farrell Music Ltd",0.715,0.791,10,-6.63,1,0.0414,0.0368,0,0.0694,0.879,116.043,4
"1735","spotify:track:6KkAC41nNRiWA6w3ZD9cJ8","Jump in the Line","Greatest Hits","Harry Belafonte","2000-07-24",224733,44,"false","liv.pet.chill","2021-03-29T21:17:24Z","","RCA Records Label",0.623,0.8,9,-9.509,0,0.297,0.676,0,0.611,0.871,113.824,4
"1736","spotify:track:0aI0qlCR2OKu0Tr1tkO3pS","You Don't Know Me","You Don't Know Me","Jax Jones;RAYE","2016-12-09",211935,0,"true","liv.pet.chill","2021-03-29T21:18:17Z","","Polydor",0.877,0.665,11,-6.045,0,0.134,0.173,0,0.184,0.705,123.992,4
"1737","spotify:track:45tseiRk0tNNZwkejJGwJn","Centerfold","Best Of The J. Geils Band","The J. Geils Band","2011-01-01",218026,47,"false","liv.pet.chill","2021-03-29T21:18:32Z","classic rock","Capitol Records",0.677,0.864,0,-5.649,1,0.0433,0.232,0,0.258,0.875,114.328,4
"1738","spotify:track:0tZkVZ9DeAa0MNK2gY5NtV","Baby I'm Yours","By Your Side","Breakbot;Irfane","2012-09-17",215506,71,"false","liv.pet.chill","2021-03-29T21:19:06Z","french house,nu disco","Ed Banger Records",0.829,0.792,2,-3.755,0,0.0668,0.726,5.83e-06,0.122,0.758,118.05,4
"1739","spotify:track:5eYznw3dM96R1MlVfLJJgK","Mr. Saxobeat - Radio Edit","Mr. Saxobeat","Alexandra Stan","2010",195093,29,"false","liv.pet.chill","2021-03-29T21:19:37Z","europop","Ultra Records, LLC",0.733,0.922,11,-4.166,0,0.0528,0.027,0.00025,0.142,0.774,127.001,4
"1740","spotify:track:6FlAGda9qkDhTU7ctFM4uG","Crazy - Single Version","Crazy","Gnarls Barkley;CeeLo Green;Danger Mouse","2006-04-03",180786,53,"false","liv.pet.chill","2021-03-29T21:20:27Z","","WM UK",0.864,0.474,0,-8.41,0,0.0367,0.0259,0.0487,0.0906,0.602,111.952,4
"1741","spotify:track:6inVHhmG2qEhwFR2eiWXjH","Around the World (La La La La La)","Planet Pop","A Touch Of Class;Pete Konemann","1990-01-01",215506,57,"false","liv.pet.chill","2021-03-29T21:21:29Z","europop,eurodance","King Size",0.625,0.976,9,-7.036,0,0.0275,0.163,0.000714,0.118,0.665,131.964,4
"1742","spotify:track:0XnHIhm9ppEHHDSRESdEcV","Hold On (feat. Cheat Codes) - Radio Edit","Hold On (feat. Cheat Codes) [Radio Edit]","MOGUAI;Cheat Codes","2015-09-11",178560,57,"false","liv.pet.chill","2021-03-29T21:22:19Z","big room","Spinnin' Deep",0.611,0.785,5,-5.721,1,0.0707,0.194,0,0.0956,0.545,125.03,4
"1743","spotify:track:2PzCOP5Aj9SABiBgNEZ52G","Gimme! Gimme! Gimme! (A Man After Midnight)","Voulez-Vous","ABBA","1979",292571,3,"false","liv.pet.chill","2021-03-29T21:22:58Z","","Polar Music International AB",0.747,0.492,10,-9.616,1,0.04,0.0163,0.00897,0.224,0.533,119.531,4
"1744","spotify:track:5yJzkdwbrQCwua2dIC3K6A","White Girl","Young Jefe","Shy Glizzy","2014-02-17",236760,1,"true","liv.pet.chill","2021-07-21T04:18:17Z","","Glizzy Gang",0.698,0.793,1,-5.332,0,0.105,0.123,0,0.0805,0.454,129.948,4
"1745","spotify:track:3Q2tKt6gKdn9LUMcHFxNJy","Raging Fire","Behind The Light (Deluxe)","Phillip Phillips","2014-01-01",234693,60,"false","liv.pet.chill","2021-09-19T01:40:26Z","folk pop","19 Recordings/Interscope",0.557,0.833,7,-4.671,1,0.073,0.00867,0,0.0621,0.449,125.909,4
"1746","spotify:track:5tqyZmF6uEoTkD6ja7KZjv","Wop (Official Version)","Tabloid Truth","J. Dash","2012-01-31",231714,63,"false","liv.pet.chill","2021-09-27T00:55:29Z","","StereoFame Records",0.854,0.707,7,-8.238,1,0.071,0.0108,7.41e-05,0.146,0.601,112.002,4
"1747","spotify:track:0xfpx7AiwgSKEtjotea2L6","Meet Me Halfway","THE E.N.D. (THE ENERGY NEVER DIES)","Black Eyed Peas","2009-01-01",284373,1,"false","liv.pet.chill","2021-12-10T01:02:20Z","","Interscope",0.798,0.629,11,-6.857,0,0.0735,0.00474,2.17e-05,0.324,0.4,130,4
"1748","spotify:track:4MtDnnAJ1AtWit10FRmZdW","Don't Phunk With My Heart","Monkey Business","Black Eyed Peas","2005-01-01",239773,1,"false","liv.pet.chill","2022-08-18T20:50:05Z","","A&M",0.689,0.929,5,-2.76,0,0.0608,0.00933,0,0.548,0.609,130.899,4
"1749","spotify:track:5mdzg7ZwebXNb90LPRusAs","Crave You","Down To Earth","Flight Facilities;Giselle","2014-10-24",234786,2,"false","liv.pet.chill","2022-12-09T23:19:12Z","nu disco","Glassnote Entertainment Group LLC",0.921,0.48,1,-9.2,0,0.0815,0.1,0,0.0764,0.318,120.043,4
"1750","spotify:track:6JOlNkT0QdHeZB0wPbI9IR","Turn Me On (feat. Nicki Minaj)","Nothing but the Beat 2.0","David Guetta;Nicki Minaj","2011-08-24",199680,67,"false","liv.pet.chill","2022-12-17T04:00:00Z","edm","Parlophone (France)",0.705,0.794,8,-2.266,1,0.0593,0.0488,0,0.575,0.412,127.961,4
"1751","spotify:track:7EZC6E7UjZe63f1jRmkWxt","Zombie","No Need To Argue (The Complete Sessions 1994-1995)","The Cranberries","1994-10-03",306440,20,"false","liv.pet.chill","2023-04-01T02:20:46Z","","Island Records",0.309,0.649,7,-8.994,1,0.035,0.0158,0.00591,0.367,0.312,166.915,4
"1752","spotify:track:0n2SEXB2qoRQg171q7XqeW","Smooth (feat. Rob Thomas)","Supernatural (Remastered)","Santana;Rob Thomas","1999-06-15",294986,75,"false","liv.pet.chill","2023-09-05T23:45:33Z","","Columbia/Legacy",0.609,0.923,9,-3.908,1,0.0338,0.16,4.73e-06,0.295,0.961,115.996,4
"1753","spotify:track:2aI21FnmY7TJVKeMaoQZ0t","Say It Right","Loose","Nelly Furtado","2006-01-01",223080,87,"false","liv.pet.chill","2023-12-07T22:05:03Z","","Mosley / Geffen",0.871,0.871,1,-6.328,1,0.139,0.0469,0.00114,0.0543,0.811,116.946,4
"1754","spotify:track:0lnIJmgcUpEpe4AZACjayW","Sorry","Lemonade","Beyoncé","2016-04-23",232560,68,"true","liv.pet.chill","2023-12-25T22:07:29Z","","Parkwood Entertainment/Columbia",0.775,0.598,2,-7.274,1,0.0535,0.00175,4.44e-06,0.253,0.356,129.988,4
"1755","spotify:track:48kwdkeHEJEuMzcKklPv5b","Sorry For Party Rocking","Sorry For Party Rocking (Deluxe Version)","LMFAO","2011-01-01",203973,65,"true","liv.pet.chill","2023-12-25T22:07:35Z","","Will I Am / A&M",0.601,0.875,5,-4.351,1,0.165,0.0021,0,0.413,0.555,133.991,4
"1756","spotify:track:3E7ZwUMJFqpsDOJzEkBrQ7","Can't Get You out of My Head","Fever","Kylie Minogue","2002-11-19",230640,87,"false","liv.pet.chill","2024-03-13T19:21:07Z","dance pop","Parlophone UK",0.766,0.563,9,-7.516,0,0.0339,0.0263,0.683,0.115,0.964,126.007,4
"1757","spotify:track:0y1QJc3SJVPKJ1OvFmFqe6","Way down We Go","A/B","KALEO","2016-06-10",213706,85,"false","liv.pet.chill","2024-04-16T02:41:35Z","","Elektra (NEK)",0.489,0.505,10,-8.022,0,0.117,0.579,0.000333,0.104,0.337,163.255,4
"1758","spotify:track:2fOxxLz9JVe53itq6pfBak","It's My Life","The Singles Collection","No Doubt","2003-01-01",225866,67,"false","liv.pet.chill","2024-05-03T02:18:01Z","","Interscope",0.606,0.75,8,-4.535,0,0.0306,0.00264,0.000788,0.321,0.771,126.316,4
"1759","spotify:track:3tYxhPqkioZEV5el3DJxLQ","Youngest Daughter","Jar","Superheaven","2013-04-05",249514,80,"false","liv.pet.chill","2024-05-12T23:11:08Z","shoegaze,post-grunge","Run For Cover Records",0.492,0.762,8,-6.813,1,0.0388,0.000551,0.125,0.366,0.413,129.682,4
"1760","spotify:track:4NeOWqHmlrGRuBvsLJC9rL","My Love (feat. T.I.)","FutureSex/LoveSounds Deluxe Edition","Justin Timberlake;T.I.","2006-09-13",276160,86,"false","liv.pet.chill","2024-05-15T12:33:43Z","southern hip hop","Jive",0.771,0.68,11,-5.881,0,0.224,0.277,1.18e-05,0.682,0.808,119.952,4
"1761","spotify:track:7mXmxXLAnsvXKt4Q37KoMI","Over You","Daughtry","Daughtry","2006-11-20",204853,63,"false","liv.pet.chill","2024-08-10T00:15:30Z","post-grunge","RCA Records Label",0.423,0.922,3,-2.6,1,0.0411,0.017,0,0.102,0.567,156.046,4
"1762","spotify:track:6AfLmKXzhEZjwiVPs5jhdV","Hella Good","Rock Steady (Expanded Edition)","No Doubt","2001-12-11",242586,75,"false","liv.pet.chill","2024-08-12T00:12:03Z","","Interscope",0.772,0.665,8,-3.947,1,0.0349,0.0136,0.012,0.0905,0.838,115.138,4
"1763","spotify:track:3mwvKOyMmG77zZRunnxp9E","Buddy Holly","Weezer","Weezer","1994-05-10",159226,81,"false","liv.pet.chill","2024-09-10T20:44:49Z","alternative rock","DGC",0.556,0.92,8,-4.606,1,0.0367,0.00271,0.00021,0.117,0.771,121.138,4
"1764","spotify:track:5bHwCxqs3jhxjDeztcHFpd","All Around Me","Flyleaf","Flyleaf","2005",198466,62,"false","liv.pet.chill","2024-09-17T18:53:48Z","christian rock,christian alternative rock,emo","Interscope Records*",0.47,0.88,9,-4.925,1,0.0519,0.0252,0,0.0506,0.502,146.924,4
"1765","spotify:track:5z7mYFfhw6N6f23VwrokJD","The Way You Move (feat. Sleepy Brown)","Speakerboxxx/The Love Below","Outkast;Sleepy Brown","2003",234000,76,"true","liv.pet.chill","2024-10-15T00:59:26Z","southern hip hop,hip hop","Arista",0.871,0.597,5,-4.932,0,0.0464,0.126,0.000113,0.0638,0.635,125.999,4
"1766","spotify:track:3mTpegrOwRn0oJjv4TSbEE","Can't Get Enough","Cole World: The Sideline Story","J. Cole;Trey Songz","2011-09-27",225960,77,"true","liv.pet.chill","2024-10-15T01:09:01Z","rap,r&b","Roc Nation LLC",0.768,0.62,2,-7.399,1,0.0658,0.139,0,0.521,0.589,132.035,4
"1767","spotify:track:3ZpQiJ78LKINrW9SQTgbXd","All I Wanna Do","Tuesday Night Music Club","Sheryl Crow","1993-08-03",272106,75,"false","liv.pet.chill","2024-10-15T01:52:59Z","","A&M",0.82,0.528,9,-11.18,1,0.032,0.107,0.0188,0.257,0.926,120.089,4
"1768","spotify:track:6VF781Kq67urlXmxA6JsJB","She Wolf","Loba","Shakira","2009-09-02",188213,55,"false","liv.pet.chill","2024-10-28T21:01:39Z","latin pop","Epic",0.863,0.689,7,-7.481,1,0.0425,0.301,0.0135,0.347,0.867,121.996,4
"1769","spotify:track:2Iq6HhIquO7JKr0KfTNLzU","My Type","My Type EP","Saint Motel","2014-08-16",204811,72,"false","liv.pet.chill","2025-01-08T03:38:37Z","","Parlophone UK",0.595,0.896,10,-2.951,1,0.047,0.0641,5.82e-05,0.0748,0.567,118.001,4
"1770","spotify:track:05tlUh0E6IFks9sCQguQKN","Rockstar - 2020 Remaster","All The Right Reasons (15th Anniversary Expanded Edition)","Nickelback","2005",255493,80,"false","liv.pet.chill","2025-02-04T03:34:02Z","post-grunge,rock","Rhino Atlantic",0.621,0.913,0,-3.352,1,0.0385,0.0477,0,0.314,0.679,144.073,4
"1771","spotify:track:5fIrBv7PrI2MBcktQOcmpI","Sympathy","Gutterflower","The Goo Goo Dolls","2002-04-08",178146,67,"false","liv.pet.chill","2025-02-19T12:50:58Z","","Warner Records",0.546,0.631,8,-5.757,1,0.0283,0.25,0,0.123,0.569,129.556,4
"1772","spotify:track:1ZozJfi8u9cO2Ob8KwiwNT","Higher","Human Clay","Creed","1999-01-01",316733,82,"false","liv.pet.chill","2025-04-02T01:38:07Z","post-grunge","The Bicycle Music Company",0.459,0.83,2,-6.254,1,0.0364,5.15e-05,0.00014,0.206,0.431,155.827,4
"1773","spotify:track:1OxcIUqVmVYxT6427tbhDW","Fly Away","5","Lenny Kravitz","1998-05-12",221332,82,"false","liv.pet.chill","2025-04-02T01:55:20Z","","Virgin Records",0.587,0.872,7,-5.066,1,0.0484,0.018,0,0.622,0.735,159.925,4
"1774","spotify:track:6ATrsVaZT7XjkCynxM8cTS","Turn My Swag On","iSouljaBoyTellem","Soulja Boy","2008-01-01",206333,71,"false","liv.pet.chill","2025-04-02T02:05:58Z","","Collipark / Interscope",0.545,0.713,3,-3.102,0,0.027,0.000976,0,0.406,0.487,150.158,4
"1775","spotify:track:4fkM7M4Uo5AUASnnsRC7EZ","Not Your Barbie Girl","Not Your Barbie Girl","Ava Max","2018-08-13",186520,66,"false","31w03kr5pbyv3y9fdrbl073we","2022-07-25T03:29:23Z","","Atlantic Records",0.745,0.642,6,-4.138,0,0.0506,0.103,0,0.0335,0.35,120.063,4
"1776","spotify:track:25m19zhHrwmIofXBx2XQqk","Tip Toes","Broken Record EP","Jayme Dee","2013-01-01",169840,36,"false","31w03kr5pbyv3y9fdrbl073we","2023-03-04T19:31:48Z","","Universal Records",0.596,0.917,10,-3.061,1,0.197,0.03,0,0.113,0.707,159.974,4
"1777","spotify:track:0jDWRUbxSn8zQlwFbeLHwo","Evacuate The Dancefloor","Evacuate The Dancefloor","Cascada","2009-01-01",207200,6,"false","31w03kr5pbyv3y9fdrbl073we","2022-07-25T00:57:02Z","europop,eurodance,nightcore","UMOD (Universal Music On Demand)",0.762,0.702,0,-5.87,1,0.0432,0.0167,0,0.314,0.898,127.029,4
"1778","spotify:track:1GGyYXz9aP9yj4FX8neC81","I Need Your Love (feat. Ellie Goulding) - Jacob Plant Remix","I Need Your Love (feat. Ellie Goulding)","Calvin Harris;Ellie Goulding;Jacob Plant","2013-04-12",290986,29,"false","31w03kr5pbyv3y9fdrbl073we","2022-07-25T00:39:11Z","edm,future house","Columbia",0.692,0.826,5,-3.28,0,0.0789,0.0202,0.00192,0.1,0.181,127.984,4
"1779","spotify:track:4i1yHB5Q9PhtWlWCplG3u5","Walks Like Rihanna","Word Of Mouth (Deluxe)","The Wanted","2013-01-01",202150,58,"false","31w03kr5pbyv3y9fdrbl073we","2022-10-23T15:46:32Z","","Universal-Island Records Ltd.",0.559,0.82,5,-3.381,1,0.0591,0.00606,0,0.0958,0.428,126.091,4
"1780","spotify:track:2dqKFjcrpBiujDLerJcVGd","Carry You","Kick Ass 2","Union J","2013-08-13",188853,18,"false","31w03kr5pbyv3y9fdrbl073we","2022-10-23T15:52:28Z","","Sony Classical",0.568,0.819,4,-5.244,1,0.0461,0.162,0,0.197,0.483,121.917,4
"1781","spotify:track:2ia7iiEtpiOL2ZVuWxBZGB","I Will Never Let You Down","I Will Never Let You Down","Rita Ora","2014-03-31",203466,4,"false","31w03kr5pbyv3y9fdrbl073we","2022-10-23T15:58:56Z","","Roc Nation/Columbia",0.753,0.801,4,-3.215,1,0.0296,0.403,0,0.128,0.794,128.011,4
"1782","spotify:track:0JmlzuOyMCaMFMaSutmf3Q","Not Giving Up","Living For The Weekend (Deluxe Edition)","The Saturdays","2013-01-01",183630,40,"false","31w03kr5pbyv3y9fdrbl073we","2022-10-23T16:03:22Z","","Polydor Records",0.589,0.924,1,-3.584,0,0.0556,0.0082,0.115,0.217,0.619,128.018,4
"1783","spotify:track:4wAk81VzGDzsQAWMLbQ99b","Could Be Me (feat. Ne-Yo)","MKTO","MKTO;Ne-Yo","2012",210413,48,"false","31w03kr5pbyv3y9fdrbl073we","2022-10-23T16:14:58Z","","Columbia/M2V",0.734,0.942,4,-5.091,1,0.0719,0.119,0,0.275,0.918,120.061,4
"1784","spotify:track:416wDolhM7izkMK9XZoklc","Every Day With Love","Every Day With Love","Ne-Yo;Sonna Rele","2015-03-25",179776,31,"false","31w03kr5pbyv3y9fdrbl073we","2022-10-23T16:18:01Z","","Motown",0.664,0.715,8,-7.868,0,0.116,0.357,0,0.225,0.693,126.974,4
"1785","spotify:track:4rmPQGwcLQjCoFq5NrTA0D","Uptown Funk (feat. Bruno Mars)","Uptown Funk (feat. Bruno Mars)","Mark Ronson;Bruno Mars","2014-11-24",270634,32,"false","31w03kr5pbyv3y9fdrbl073we","2022-07-25T00:48:53Z","","Columbia",0.853,0.681,0,-5.003,1,0.0888,0.00966,5.71e-05,0.0233,0.93,114.989,4
"1786","spotify:track:0W3xE0wwI1dORmrkbgTIkh","Hey Hey Hallelujah (feat. Andy Grammer)","Wildfire","Rachel Platten;Andy Grammer","2016-01-01",176240,35,"false","31w03kr5pbyv3y9fdrbl073we","2022-10-29T00:10:07Z","","Columbia",0.564,0.962,9,-2.459,1,0.298,0.216,6.63e-05,0.333,0.599,186.139,4
"1787","spotify:track:4fCFuTPTLIh59R71vNKOkQ","Hometown","Watching The Sky","Sheppard","2018-06-08",187200,49,"false","31w03kr5pbyv3y9fdrbl073we","2022-10-29T00:16:33Z","","Decca (UMO)",0.706,0.69,4,-6.722,1,0.046,0.266,0,0.218,0.807,115.035,4
"1788","spotify:track:6gP19WE3a58uwWKaGlaKuo","It's My Party","Alive","Jessie J","2013-01-01",219880,47,"false","31w03kr5pbyv3y9fdrbl073we","2022-11-02T19:44:18Z","","Lava Music/Republic Records",0.696,0.71,9,-7.832,1,0.0721,0.00275,0,0.0998,0.878,129.963,4
"1789","spotify:track:1li0jGGRIaMaNNRBV8JXZ4","The Final Countdown","Playlist: The Very Best Of Europe","Europe","2009-04-09",310426,1,"false","31w03kr5pbyv3y9fdrbl073we","2022-07-25T00:34:20Z","glam metal","Epic/Legacy",0.536,0.914,6,-3.803,0,0.0668,0.0722,0.00104,0.0528,0.193,117.657,4
"1790","spotify:track:2J4Alm5zUad4hB5bY2HhtV","Wild Wild Love (feat. G.R.L.)","Globalization","Pitbull;G.R.L.","2014-11-24",203045,56,"false","31w03kr5pbyv3y9fdrbl073we","2022-11-02T19:44:25Z","","Mr.305/Polo Grounds Music/RCA Records",0.66,0.685,2,-6.658,1,0.0477,0.0165,0,0.442,0.32,119.991,4
"1791","spotify:track:0Qydhjycb5IFm02W6zJ2Tn","Love Myself - KREAM Remix","Love Myself (Remixes)","Hailee Steinfeld;Ian Spurrier","2015-12-18",221720,55,"false","31w03kr5pbyv3y9fdrbl073we","2022-10-29T00:27:37Z","","Universal Records",0.775,0.772,7,-4.79,0,0.0962,0.00764,1.26e-05,0.0515,0.274,124.947,4
"1792","spotify:track:7Edhy8323TjVAwvtoqujQu","Better Days - Regard Remix","Better Days (Regard Remix)","NEIKED;Mae Muller;Polo G;Regard","2021-12-03",166075,41,"false","31w03kr5pbyv3y9fdrbl073we","2022-10-29T00:29:42Z","","Capitol Records UK / EMI",0.765,0.676,0,-4.169,0,0.0444,0.0394,0,0.105,0.561,120.036,4
"1793","spotify:track:357p2KRTBXeGGw6YfUI1nH","Lips Are Movin","Lips Are Movin","Meghan Trainor","2014-12-01",182666,0,"false","31w03kr5pbyv3y9fdrbl073we","2022-07-25T01:09:30Z","","Epic",0.775,0.825,7,-5.402,1,0.0464,0.0506,1.03e-06,0.111,0.95,139.091,4
"1794","spotify:track:1f8UCzB3RqIgNkW7QIiIeP","Heart Skips a Beat (feat. Rizzle Kicks)","In Case You Didn't Know","Olly Murs;Rizzle Kicks","2011-11-28",202266,64,"false","31w03kr5pbyv3y9fdrbl073we","2022-11-02T19:52:40Z","","Epic",0.843,0.881,9,-3.951,1,0.0581,0.14,0,0.0765,0.876,110.621,4
"1795","spotify:track:6WdV6QM8t87dPidhPzdRJW","Fight For This Love","3 Words","Cheryl","2009",223253,44,"false","31w03kr5pbyv3y9fdrbl073we","2022-10-29T00:34:13Z","","Polydor Records",0.731,0.748,7,-5.759,1,0.0966,0.0201,0,0.0732,0.745,122.947,4
"1796","spotify:track:7vWFaMq63AwkFDhS2OAg5u","The Time (Dirty Bit)","The Beginning (Deluxe)","Black Eyed Peas","2010-01-01",307640,78,"false","31w03kr5pbyv3y9fdrbl073we","2022-11-02T20:03:43Z","","A&M",0.816,0.814,6,-7.798,0,0.0663,0.0661,2.76e-06,0.602,0.436,127.978,4
"1797","spotify:track:5qgAvjSTbjkTfICvUMH9WS","Watch Me","Watch Me (featuring Bella Thorne and Zendaya)","Bella Thorne;Zendaya;Cast of Shake It Up: Break It Down","2011-01-01",175346,44,"false","31w03kr5pbyv3y9fdrbl073we","2022-10-29T01:10:39Z","","Walt Disney Records",0.713,0.707,0,-4.582,1,0.0715,0.00219,0.0128,0.111,0.638,124.984,4
"1798","spotify:track:0ZkCGkxzTgaj0j913g2b1U","Magik 2.0 (feat. Austin Mahone)","The Smurfs 2: Music from and Inspired by","Becky G;Austin Mahone","2013-07-19",185573,35,"false","31w03kr5pbyv3y9fdrbl073we","2022-10-29T01:33:53Z","reggaeton,latin","Kemosabe Kids/RCA Records",0.563,0.816,11,-4.434,1,0.151,0.00126,0,0.116,0.707,164.861,4
"1799","spotify:track:6D0QtayzCNVKoIZ8IX2npw","Oath (feat. Becky G)","Sticks & Stones","Cher Lloyd;Becky G","2012-10-02",218506,51,"false","31w03kr5pbyv3y9fdrbl073we","2022-10-29T01:36:26Z","reggaeton,latin","Syco Music UK",0.412,0.864,5,-3.65,1,0.13,0.0272,0,0.0808,0.719,113.23,5
"1800","spotify:track:1XWbCJO8kZ9IO2JNFBmE4t","Gravity (feat. Andreas Moe) - Radio Edit","Gravity (feat. Andreas Moe)","Gromee;Andreas Moe","2013-08-19",198773,0,"false","31w03kr5pbyv3y9fdrbl073we","2022-07-25T01:13:08Z","disco polo","disco:wax",0.575,0.939,0,-4.831,0,0.0724,0.00864,0.000513,0.0463,0.364,127.953,4
"1801","spotify:track:4NER0DAvsnwgFYz5VnWI5w","Love Runs Out - Grabbitz Remix","Love Runs Out (Remixes)","OneRepublic","2014-07-29",199933,0,"false","31w03kr5pbyv3y9fdrbl073we","2022-07-25T01:13:16Z","","Universal Music Group",0.658,0.852,7,-4.55,0,0.0407,0.118,0,0.155,0.453,124.012,4
"1802","spotify:track:76EeScTnI2sCjDY0SfEoSb","Work This Body","TALKING IS HARD","WALK THE MOON","2014-12-02",177626,58,"false","31w03kr5pbyv3y9fdrbl073we","2022-10-29T01:42:15Z","","RCA Records Label",0.421,0.831,4,-5.128,1,0.106,0.0283,0,0.464,0.488,134.184,4
"1803","spotify:track:5f0WLQquCf955JPSnt7JvR","Something Big","Something Big","Shawn Mendes","2014-11-10",161440,0,"false","31w03kr5pbyv3y9fdrbl073we","2022-07-25T01:14:38Z","","Island Records",0.699,0.854,7,-3.874,0,0.0427,0.00779,0,0.138,0.747,112.027,4
"1804","spotify:track:3qZkpG7RW81clweFyefCe2","Take Me Home (feat. Bebe Rexha)","Overtime EP","Cash Cash;Bebe Rexha","2013-10-29",205078,1,"false","31w03kr5pbyv3y9fdrbl073we","2022-07-25T01:20:29Z","edm","Big Beat Records/Atlantic",0.571,0.903,7,-2.184,1,0.214,0.0615,1.23e-06,0.186,0.477,127.951,4
"1805","spotify:track:78OvOmHB4HlYLHyyLNIhVW","Top of the World","Escape","Anthem Lights","2014-10-14",198472,6,"false","31w03kr5pbyv3y9fdrbl073we","2022-07-25T01:23:09Z","hymns","YC Records",0.511,0.775,8,-4.107,1,0.0304,0.00556,0,0.103,0.393,138.084,4
"1806","spotify:track:3JaF7mdKmFF9SKAaGRAeDo","Danza Kuduro (Reggaeton Remix)","Reggaeton Masters","Reggaeton Man Flow","2010-11-29",198000,26,"false","31w03kr5pbyv3y9fdrbl073we","2022-07-25T01:29:46Z","","Meta / Countdown",0.739,0.937,0,-4.271,1,0.128,0.0768,0,0.191,0.91,130.026,4
"1807","spotify:track:1wAXODAAL6hY64ZdhrnjBO","Drive By","Drive By","Train","2012-01-10",196626,2,"false","31w03kr5pbyv3y9fdrbl073we","2022-07-25T01:32:17Z","soft pop","Columbia",0.759,0.849,1,-3.198,0,0.0317,0.000983,1.51e-05,0.0864,0.73,122.033,4
"1808","spotify:track:6wMeMFLaD4NCxXzkXgkuM1","Wrapped Up (feat. Travie McCoy)","Wrapped Up (feat. Travie McCoy)","Olly Murs;Travie McCoy","2014-10-03",185773,1,"false","31w03kr5pbyv3y9fdrbl073we","2022-07-25T01:41:13Z","","Epic",0.787,0.85,1,-4.681,1,0.0549,0.0866,0,0.103,0.929,122.024,4
"1809","spotify:track:5S9rs23udUiRom9nlszM8e","We Got the World","THIS IS... ICONA POP","Icona Pop","2013-09-24",186826,14,"false","31w03kr5pbyv3y9fdrbl073we","2022-07-25T01:46:26Z","","Record Company TEN/Big Beat/ATL",0.501,0.931,6,-3.839,1,0.0754,0.00156,2.03e-06,0.186,0.376,128.055,4
"1810","spotify:track:3Tttl61xsTEkCWABHfl16H","Maps","V (Deluxe)","Maroon 5","2014-09-02",189973,0,"false","31w03kr5pbyv3y9fdrbl073we","2022-07-25T01:50:46Z","pop","222 Records/Interscope Records",0.742,0.713,1,-5.522,0,0.0303,0.0205,0,0.059,0.879,120.032,4
"1811","spotify:track:3pVbA69fLbVMwEv7ESCTm5","Jealous (I Ain't With It)","Jealous (I Ain't With It)","Chromeo","2014-03-04",228026,30,"false","31w03kr5pbyv3y9fdrbl073we","2022-07-25T01:51:42Z","nu disco,alternative dance","Big Beat Records/Atlantic",0.739,0.82,5,-6.099,0,0.0889,0.00823,0,0.2,0.775,127.984,4
"1812","spotify:track:70CuZJtPDdCD3cphDDhjJq","Outside (feat. Ellie Goulding)","Outside (feat. Ellie Goulding)","Calvin Harris;Ellie Goulding","2014-10-20",227266,11,"false","31w03kr5pbyv3y9fdrbl073we","2022-07-25T01:56:46Z","edm","Columbia",0.646,0.823,2,-4.123,0,0.0394,0.211,0,0.322,0.42,128.033,4
"1813","spotify:track:66zv9VF3nnL1UrsDRJQU9r","Just That Girl","Another Cinderella Story (Original Motion Picture Soundtrack)","Drew Seeley","2008-08-26",197786,54,"false","31w03kr5pbyv3y9fdrbl073we","2022-07-25T02:10:31Z","","Razor & Tie",0.693,0.947,11,-5.72,1,0.0628,0.0112,4.73e-06,0.0693,0.91,114.99,4
"1814","spotify:track:6iruAMFiEbEqwUlugKZxAo","Mr. Saxobeat","Marathon 2013","Alexandra Stan","2013-01-01",193241,46,"false","31w03kr5pbyv3y9fdrbl073we","2022-07-25T02:19:58Z","europop","UMOD (Universal Music On Demand)",0.717,0.913,11,-4.605,0,0.0641,0.0341,0.000178,0.109,0.752,127.023,4
"1815","spotify:track:5jkFvD4UJrmdoezzT1FRoP","Rasputin","Nightflight to Venus","Boney M.","1978",351573,69,"false","31w03kr5pbyv3y9fdrbl073we","2022-07-25T02:23:37Z","disco","MCI",0.639,0.893,9,-6.509,1,0.036,0.289,0.00816,0.222,0.966,126.143,4
"1816","spotify:track:3kSXn1osC89W8JcPLozTzs","Stand By You","Wildfire","Rachel Platten","2016-01-01",219000,65,"false","31w03kr5pbyv3y9fdrbl073we","2023-09-04T21:36:13Z","","Columbia",0.506,0.897,9,-4.632,1,0.26,0.146,0.000451,0.0868,0.525,188.03,4
"1817","spotify:track:1LmN9SSHISbtp9LoaR5ZVJ","Payphone","Overexposed","Maroon 5;Wiz Khalifa","2021-06-20",231386,73,"true","31w03kr5pbyv3y9fdrbl073we","2022-07-25T02:39:57Z","pop","Interscope Records*",0.739,0.756,4,-4.828,1,0.0393,0.0136,0,0.37,0.522,110.028,4
"1818","spotify:track:3Ui2jdyxbZQrZohfM0NOgG","Tattoo","Jordin Sparks","Jordin Sparks","2007-11-20",233466,65,"false","31w03kr5pbyv3y9fdrbl073we","2022-07-25T03:35:34Z","","19 Recordings",0.566,0.766,2,-5.036,1,0.0399,0.431,0,0.101,0.547,168.005,4
"1819","spotify:track:07m8PuXxxv5J4qPEDq6ZkK","Brand New","Brand New","Ben Rector","2015-08-28",243933,63,"false","31w03kr5pbyv3y9fdrbl073we","2022-07-25T03:31:27Z","","Tempo Music",0.555,0.934,9,-5.04,1,0.113,0.00268,0,0.122,0.422,144.874,4
"1820","spotify:track:3lDEK0KYOFZNjuLpVzxP0b","Helium","Helium","Mikey Wax","2016-09-02",191658,39,"false","31w03kr5pbyv3y9fdrbl073we","2022-07-25T03:31:35Z","","Mikey Wax",0.634,0.818,7,-5.411,1,0.0432,0.00264,0,0.639,0.708,128.009,4
"1821","spotify:track:7xHWNBFm6ObGEQPaUxHuKO","The Greatest (feat. Kendrick Lamar)","This Is Acting (Deluxe Version)","Sia;Kendrick Lamar","2016-10-21",210226,70,"false","31w03kr5pbyv3y9fdrbl073we","2022-07-25T19:29:12Z","hip hop,west coast hip hop","Monkey Puzzle Records/RCA Records",0.668,0.725,1,-6.127,1,0.266,0.0102,0.000479,0.0561,0.729,191.944,4
"1822","spotify:track:1VMNFLpA6vDoBumvAGnJmf","We Found Love","Talk That Talk (Deluxe)","Rihanna;Calvin Harris","2012-07-18",215226,55,"false","31w03kr5pbyv3y9fdrbl073we","2022-07-25T19:32:09Z","edm","Def Jam Recordings",0.735,0.766,1,-4.485,1,0.0383,0.025,0.00141,0.108,0.6,127.975,4
"1823","spotify:track:5r43qanLhUCdBj8HN3fa6B","Sunshine","Sunshine","OneRepublic","2021-11-10",163854,72,"false","31w03kr5pbyv3y9fdrbl073we","2022-07-25T20:08:13Z","","Mosley Music/Interscope Records",0.697,0.875,5,-4.621,1,0.034,0.137,0,0.28,0.774,140.069,4
"1824","spotify:track:6KL88T4Ma4ABXqzgUoEwkd","Run","Human (Deluxe)","OneRepublic","2021-08-27",168259,75,"false","31w03kr5pbyv3y9fdrbl073we","2022-07-25T20:13:58Z","","Mosley Music/Interscope Records",0.682,0.72,11,-8.176,0,0.0382,0.321,0,0.205,0.649,116.988,4
"1825","spotify:track:1YW8olrB29icos92vsWPvd","Fancy Like (Dave Audé Remix)","Fancy Like (Dave Audé Remix)","Walker Hayes;Dave Audé","2021-11-12",177478,48,"false","31w03kr5pbyv3y9fdrbl073we","2022-07-25T20:27:09Z","country","Monument Records",0.632,0.845,1,-4.302,1,0.108,0.0221,0,0.368,0.674,171.97,4
"1826","spotify:track:73NbHgUZ51H65Bfo2HFKUi","Whatever It Takes","Evolve","Imagine Dragons","2017-06-23",201240,5,"false","31w03kr5pbyv3y9fdrbl073we","2022-07-25T20:28:21Z","","Kid Ina Korner / Interscope",0.675,0.662,1,-4.989,1,0.0318,0.0392,0,0.128,0.536,134.936,4
"1827","spotify:track:3eJH2nAjvNXdmPfBkALiPZ","Acapulco","Acapulco","Jason Derulo","2021-09-03",139672,68,"false","31w03kr5pbyv3y9fdrbl073we","2022-07-25T20:34:25Z","","Atlantic Records",0.774,0.792,10,-4.021,1,0.0523,0.051,0,0.155,0.507,122.062,4
"1828","spotify:track:5iyZwawawLjHYpX4MxUKVF","Salt","Heaven & Hell","Ava Max","2020-09-18",180283,70,"false","31w03kr5pbyv3y9fdrbl073we","2022-07-25T20:48:40Z","","Atlantic Records",0.693,0.835,6,-3.242,1,0.0624,0.131,0,0.073,0.744,128.052,4
"1829","spotify:track:3XYRV7ZSHqIRDG87DKTtry","Permission to Dance","Permission to Dance","BTS","2021-07-23",187585,77,"false","31w03kr5pbyv3y9fdrbl073we","2022-07-25T20:54:56Z","k-pop","BIGHIT MUSIC",0.702,0.741,9,-5.33,1,0.0427,0.00544,0,0.337,0.646,124.925,4
"1830","spotify:track:5QDLhrAOJJdNAmCTJ8xMyW","Dynamite","BE","BTS","2020-11-20",199053,85,"false","31w03kr5pbyv3y9fdrbl073we","2022-07-25T20:55:07Z","k-pop","BIGHIT MUSIC",0.746,0.765,6,-4.41,0,0.0993,0.0112,0,0.0936,0.737,114.044,4
"1831","spotify:track:4h4QlmocP3IuwYEj2j14p8","Sunroof","Sunroof","Nicky Youre;hey daisy","2021-12-03",163025,9,"false","31w03kr5pbyv3y9fdrbl073we","2022-07-30T22:47:49Z","","Columbia",0.768,0.714,10,-5.11,1,0.0401,0.352,0,0.15,0.842,131.443,4
"1832","spotify:track:0KsB4TwgATg88aXCMBoO3Y","Breathe","Breathe","Jax Jones;Ina Wroldsen","2017-12-01",207629,61,"false","31w03kr5pbyv3y9fdrbl073we","2022-07-31T00:05:56Z","norwegian pop","Polydor Records",0.722,0.744,11,-5.52,0,0.0363,0.0234,0.000157,0.143,0.686,125.985,4
"1833","spotify:track:1FSWSs9CL01RCYxXtm08Rf","Dance with Me Tonight","In Case You Didn't Know","Olly Murs","2011-11-28",202226,68,"false","31w03kr5pbyv3y9fdrbl073we","2022-07-31T00:10:59Z","","Epic",0.672,0.748,11,-5.922,0,0.0589,0.305,0,0.0811,0.964,163.984,4
"1834","spotify:track:1wMGXSIK48572zgL6RX8kF","Winter Wonderland / Here Comes Santa Claus - From ""Pitch Perfect 2"" Soundtrack","Pitch Perfect 2 - Special Edition (Original Motion Picture Soundtrack)","Snoop Dogg;Anna Kendrick","2015-05-12",184306,44,"false","31w03kr5pbyv3y9fdrbl073we","2022-07-31T02:15:22Z","g-funk,west coast hip hop,gangster rap,old school hip hop,hip hop,rap,children's music","UME – PP2 OST",0.725,0.729,7,-8.628,1,0.11,0.0556,0.0783,0.347,0.558,135.011,4
"1835","spotify:track:1Ds8oVOwkNVrGLIy7rxmrt","Cake By The Ocean","Pitch Perfect 3 (Original Motion Picture Soundtrack)","The Bellas","2017-12-15",194133,54,"false","31w03kr5pbyv3y9fdrbl073we","2022-07-31T02:17:13Z","","Pitch Perfect 3",0.716,0.544,9,-5,0,0.0569,0.199,0,0.258,0.798,119.004,4
"1836","spotify:track:5g4ombYW8dzSHTK0p3pov0","I Don't Like It, I Love It","Pitch Perfect 3 (Original Motion Picture Soundtrack)","The Bellas","2017-12-15",239666,54,"false","31w03kr5pbyv3y9fdrbl073we","2022-07-31T02:20:34Z","","Pitch Perfect 3",0.78,0.738,2,-4.737,0,0.126,0.499,0,0.527,0.902,117.995,4
"1837","spotify:track:2SAv4Ivx2JfOOZrX4KnIjm","Toxic","Pitch Perfect 3 (Original Motion Picture Soundtrack)","The Bellas","2017-12-15",201613,58,"false","31w03kr5pbyv3y9fdrbl073we","2022-07-31T02:27:50Z","","Pitch Perfect 3",0.631,0.714,8,-5.738,1,0.0353,0.357,4.65e-06,0.118,0.621,149.938,4
"1838","spotify:track:2ACOWPLUe4A4KuQ5ioD2od","That's My Girl","7/27 (Deluxe)","Fifth Harmony","2016-05-27",204018,73,"false","31w03kr5pbyv3y9fdrbl073we","2022-07-31T02:28:17Z","","Syco Music/Epic",0.596,0.851,5,-4.245,0,0.121,0.0358,3.19e-05,0.365,0.612,202.049,4
"1839","spotify:track:0uqOqX59mgWBqfPAdX0BDK","Girls Just Want to Have Fun","'80s Pop Hits","Cyndi Lauper","2001-08-08",227866,60,"false","31w03kr5pbyv3y9fdrbl073we","2022-07-31T02:33:18Z","","SMSP",0.704,0.646,6,-9.415,1,0.037,0.453,1.42e-05,0.549,0.713,120.54,4
"1840","spotify:track:50nfwKoDiSYg8zOCREWAm5","Shivers","=","Ed Sheeran","2021-10-25",207853,86,"false","31w03kr5pbyv3y9fdrbl073we","2022-07-31T02:51:37Z","soft pop","Atlantic Records UK",0.788,0.859,2,-2.724,1,0.0856,0.281,0,0.0424,0.822,141.02,4
"1841","spotify:track:7oGewbArHKIGrvAnX8cxj3","Don't Care What Time It Is","Be Here","Rachel Platten","2011-04-26",216053,22,"false","31w03kr5pbyv3y9fdrbl073we","2022-07-31T02:52:50Z","","Great Unknown, LLC",0.746,0.837,5,-4.313,1,0.15,0.0085,0.000491,0.0318,0.964,166.011,4
"1842","spotify:track:1EiwZsCTu8cGSRdog30oYY","JUST STAND UP!","JUST STAND UP!","Artists Stand Up To Cancer;Mariah Carey;Beyoncé;Mary J. Blige;Rihanna;Fergie;Sheryl Crow;Melissa Etheridge;Natasha Bedingfield;Miley Cyrus;Leona Lewis;Carrie Underwood;Keyshia Cole;LeAnn Rimes;Ashanti;Ciara","2008-01-01",217066,31,"false","31w03kr5pbyv3y9fdrbl073we","2022-07-31T02:53:44Z","christmas,r&b,country","Island Def Jam",0.56,0.958,0,-1.119,1,0.0792,0.174,0,0.705,0.599,176.524,4
"1843","spotify:track:4weNSwkJeIbgP3TxtBcNx0","You Don't Know My Heart","Wildfire","Rachel Platten","2016-01-01",214386,34,"false","31w03kr5pbyv3y9fdrbl073we","2022-07-31T03:02:06Z","","Columbia",0.637,0.647,6,-5.702,1,0.0616,0.0976,0.000933,0.109,0.374,149.993,4
"1844","spotify:track:5LxvwujISqiB8vpRYv887S","I Want You Back","Diana Ross Presents The Jackson 5","The Jackson 5","1969-12-18",176333,87,"false","31w03kr5pbyv3y9fdrbl073we","2022-07-31T03:03:27Z","motown,christmas","UNI/MOTOWN",0.469,0.538,8,-13.559,1,0.0575,0.305,0.000114,0.37,0.885,196.606,4
"1845","spotify:track:67vx6ZHoZvkaCq8t8LyRBK","1,000 Ships","Be Here","Rachel Platten","2011-04-26",203786,41,"false","31w03kr5pbyv3y9fdrbl073we","2022-07-31T03:04:09Z","","Great Unknown, LLC",0.64,0.784,0,-5.177,1,0.102,0.0448,0,0.0973,0.781,131.998,4
"1846","spotify:track:36phXHOKx8rO7CMp2vNX4x","Love Myself","HAIZ","Hailee Steinfeld","2016-02-26",218773,72,"false","31w03kr5pbyv3y9fdrbl073we","2022-07-31T03:04:36Z","","Universal Records",0.617,0.759,0,-6.785,0,0.0678,0.0026,0,0.419,0.324,122.924,4
"1847","spotify:track:19cL3SOKpwnwoKkII7U3Wh","Geronimo","Bombs Away","Sheppard","2015-03-10",218227,60,"false","31w03kr5pbyv3y9fdrbl073we","2022-07-31T03:07:06Z","","Decca (UMO)",0.706,0.78,7,-6.267,1,0.0795,0.451,0.00141,0.115,0.451,142.029,4
"1848","spotify:track:0RUXHlYhA057fCOe2vqIqu","Ships In The Night","Young Love","Mat Kearney","2011-01-01",255893,52,"false","31w03kr5pbyv3y9fdrbl073we","2022-07-31T03:08:39Z","","Aware Entertainment Inc/Universal Republic Records",0.448,0.885,9,-3.755,1,0.0562,0.111,3.65e-06,0.0476,0.134,178.151,4
"1849","spotify:track:4b4c0oH7PtrPsI86drzgFs","Chasing The Sun","The Wanted (Special Edition)","The Wanted","2012-01-01",198800,72,"false","31w03kr5pbyv3y9fdrbl073we","2022-07-31T03:10:55Z","","Universal-Island Records Ltd.",0.637,0.732,7,-6.209,0,0.0965,0.244,0,0.498,0.68,128.108,4
"1850","spotify:track:20on25jryn53hWghthWWW3","Do It To It","Do It To It","ACRAZE;Cherish","2021-08-20",157890,22,"false","31w03kr5pbyv3y9fdrbl073we","2022-08-09T14:52:56Z","tech house","Thrive Music, LLC",0.854,0.806,11,-8.262,0,0.0886,0.0209,0.0542,0.0703,0.637,124.927,4
"1851","spotify:track:1diS6nkxMQc3wwC4G1j0bh","We're Good","Future Nostalgia (The Moonlight Edition)","Dua Lipa","2021-02-11",165506,71,"false","31w03kr5pbyv3y9fdrbl073we","2022-08-09T14:55:46Z","pop","Warner Records",0.722,0.588,6,-5.932,1,0.0544,0.0319,0,0.183,0.59,134.01,4
"1852","spotify:track:1qp0ptMXNg9hqLH8sk7cc2","Sweet Lovin' - Radio Edit","Brighter Days","Sigala;Bryn Christopher","2018-09-28",201637,66,"false","31w03kr5pbyv3y9fdrbl073we","2022-08-09T15:13:37Z","","Ministry of Sound Recordings",0.68,0.85,10,-2.785,1,0.0661,0.207,1.98e-06,0.339,0.71,124.942,4
"1853","spotify:track:2S5LNtRVRPbXk01yRQ14sZ","I Don't Like It, I Love It (feat. Robin Thicke & Verdine White)","My House","Flo Rida;Robin Thicke;Verdine White","2015-04-07",224258,68,"false","31w03kr5pbyv3y9fdrbl073we","2022-08-11T02:03:49Z","","Poe Boy/Atlantic",0.854,0.766,9,-4.697,0,0.141,0.0242,0,0.0793,0.784,118.004,4
"1854","spotify:track:0SB9oIIBgZaYdV2GrwkxbX","All The Way","After Hours","Timeflies","2014-01-01",179533,42,"false","31w03kr5pbyv3y9fdrbl073we","2022-08-11T02:08:33Z","","Island Records",0.56,0.856,1,-2.029,1,0.0728,0.018,0,0.0404,0.56,128.003,4
"1855","spotify:track:6pZowwAC1A7qNLTp2g3ON4","Glad You Came - Alex Gaudino Radio Full Vocal","Glad You Came (Remixes)","The Wanted;Alex Gaudino;Jason Rooney","2011-01-01",185426,38,"false","31w03kr5pbyv3y9fdrbl073we","2022-08-11T02:20:49Z","","Universal-Island Records Ltd.",0.465,0.902,7,-2.91,0,0.148,0.00643,0,0.384,0.554,126.932,4
"1856","spotify:track:6h9xi8i9zVOXk5FqGqcBNH","We Own The Night - The Chainsmokers Edit","We Own The Night","The Wanted;The Chainsmokers","2013-01-01",228986,45,"false","31w03kr5pbyv3y9fdrbl073we","2022-08-11T02:25:00Z","","Universal-Island Records Ltd.",0.602,0.839,8,-3.561,0,0.0389,0.0141,0.0083,0.0897,0.402,126.001,4
"1857","spotify:track:3eR3lWuvQqOzhTn91nbRCa","Something That I Want","Tangled","Grace Potter","2010-01-01",163280,65,"false","31w03kr5pbyv3y9fdrbl073we","2022-08-14T21:53:40Z","","Walt Disney Records",0.554,0.824,5,-5.886,1,0.0496,0.0128,0.000802,0.451,0.963,168.956,4
"1858","spotify:track:6ackm07YejQB4DwuSRjFvR","We Are - From ""Ice Age: Continental Drift""/Theme","We Are (From ""Ice Age: Continental Drift""/Theme)","Keke Palmer","2012-05-15",189386,52,"false","31w03kr5pbyv3y9fdrbl073we","2022-09-10T02:27:52Z","","Hollywood Records",0.611,0.677,1,-4.916,1,0.0382,0.346,0,0.0435,0.124,129.962,4
"1859","spotify:track:6K6cmRM64IvoDkHQeZtewC","I Really Like You","Emotion","Carly Rae Jepsen","2015-08-21",204772,0,"false","31w03kr5pbyv3y9fdrbl073we","2022-09-12T00:07:43Z","","Universal Music Group",0.621,0.825,5,-4.686,1,0.042,0.0063,6.76e-05,0.249,0.593,122.057,4
"1860","spotify:track:4mdIgvRkq6F8Cfr0SsBlL0","Don't Look Down","Don't Look Down","jeonghyeon;Ruta;George Redwood","2021-05-07",165937,21,"false","31w03kr5pbyv3y9fdrbl073we","2022-09-12T16:09:41Z","future house,bass house","Discover Records",0.472,0.908,10,-3.089,1,0.0751,0.0218,3.15e-06,0.172,0.221,127.992,4
"1861","spotify:track:3veFQzlEOTpcGGIbYPKdYq","Love You Like A Love Song","When the Sun Goes Down (Deluxe Edition)","Selena Gomez & The Scene","2011-01-01",188066,0,"false","31w03kr5pbyv3y9fdrbl073we","2022-09-12T17:31:15Z","","Universal Music",0.858,0.677,1,-3.842,0,0.0465,0.0752,0,0.0718,0.925,117.005,4
"1862","spotify:track:3E5XrOtqMAs7p2wKhwgOjf","Just Dance","The Fame Monster (Deluxe)","Lady Gaga;Colby O'Donis","2009-01-01",241933,2,"false","31w03kr5pbyv3y9fdrbl073we","2022-09-12T18:43:23Z","art pop,pop","Interscope",0.818,0.732,1,-4.474,0,0.0334,0.0335,4.95e-05,0.19,0.679,119.002,4
"1863","spotify:track:7nYHHbyTiFEy760Wy07eLe","Head & Heart","Head & Heart","Kidz Bop Kids","2021-01-08",168999,13,"false","31w03kr5pbyv3y9fdrbl073we","2022-09-13T19:11:14Z","children's music","Kidz Bop",0.707,0.857,11,-5.436,1,0.0484,0.0842,0.000584,0.0563,0.97,123.013,4
"1864","spotify:track:4ZR9C21EoHsO1kNw1m3KZ4","Starving - Bali Bandits Remix / Radio Edit","Starving (Remixes)","Hailee Steinfeld;Grey;Zedd;Bali Bandits","2017-02-03",180906,31,"false","31w03kr5pbyv3y9fdrbl073we","2022-09-13T22:39:37Z","edm,future house","Universal Records",0.553,0.872,6,-2.088,0,0.137,0.0857,4.32e-06,0.225,0.492,127.964,4
"1865","spotify:track:7tOUyZSKXPh3ke3LwL4UtC","Starships (Clean)","Dance Fitness Anthems","Workout Dance Music","2021-12-17",211126,0,"false","31w03kr5pbyv3y9fdrbl073we","2022-09-20T17:46:00Z","","Peak Records",0.744,0.475,11,-10.472,0,0.0471,0.0838,0.00266,0.114,0.768,125.035,4
"1866","spotify:track:4cZ3UsiKd1kUQIaq4BFIj2","No One Compares To You","A Good Friend Is Nice","Jack & Jack","2019-01-25",182920,58,"false","31w03kr5pbyv3y9fdrbl073we","2022-10-29T03:36:57Z","","Island Records",0.7,0.747,1,-6.044,1,0.0436,0.127,0,0.0941,0.629,111.941,4
"1867","spotify:track:1gKmnrz6SzJlGMNRKBLx1V","One Way Or Another","Best Of Blondie","Blondie","1981-10-31",216400,64,"false","31w03kr5pbyv3y9fdrbl073we","2022-10-13T01:28:30Z","","Chrysalis\EMI Records (USA)",0.472,0.796,6,-12.055,0,0.0516,0.0815,6.94e-05,0.292,0.909,161.407,4
"1868","spotify:track:3VZQshi4COChhXaz7cLP02","I Love It (feat. Charli XCX)","I Love It (feat. Charli XCX)","Icona Pop;Charli xcx","2012-06-19",155337,70,"true","31w03kr5pbyv3y9fdrbl073we","2022-10-13T02:23:59Z","hyperpop,art pop","Big Beat Records/Atlantic",0.714,0.905,8,-2.663,1,0.0289,0.00855,2.55e-05,0.146,0.838,125.927,4
"1869","spotify:track:0UY4FvG4f9JI6kBR1BlWrZ","That's What You Get","Riot!","Paramore","2007-06-12",220480,74,"false","31w03kr5pbyv3y9fdrbl073we","2022-10-13T02:31:15Z","pop punk,emo","Atlantic Records UK",0.528,0.831,8,-3.607,1,0.0429,9.43e-05,0,0.141,0.632,131.094,3
"1870","spotify:track:2lqgZDZnlXmVZgToWuoC0l","Sax","Love, Sax and Flashbacks (Deluxe)","Fleur East","2015-12-04",236445,55,"false","31w03kr5pbyv3y9fdrbl073we","2022-10-13T02:32:35Z","","Syco Music",0.728,0.892,4,-5.172,1,0.126,0.0144,0,0.469,0.826,117.976,4
"1871","spotify:track:3gHc5XTAywdFQUsHS6DD7G","Good To Be Alive (Hallelujah)","Magazines Or Novels (Deluxe Edition)","Andy Grammer","2015-11-20",189098,1,"false","31w03kr5pbyv3y9fdrbl073we","2022-10-29T03:39:28Z","","S-Curve Records",0.797,0.896,5,-3.678,1,0.0512,0.0349,0,0.635,0.685,120.037,4
"1872","spotify:track:7tAqJLfHwLyyaYHbqeqBQ1","Instruction","Tell Me You Love Me (Deluxe)","Jax Jones;Demi Lovato;Stefflon Don","2017-09-29",166426,0,"false","31w03kr5pbyv3y9fdrbl073we","2022-10-13T02:39:03Z","dancehall","Island Records",0.771,0.916,4,-3.658,0,0.199,0.112,0,0.125,0.927,121.115,4
"1873","spotify:track:6ecG7zlvn65piigZIjEgFc","Kitty Girl (feat. The Cast of Rupaul's Drag Race All Stars, Season 3)","Kitty Girl (feat. The Cast of Rupaul's Drag Race All Stars, Season 3)","RuPaul;The Cast of Rupaul's Drag Race All Stars, Season 3","2018-03-16",195849,46,"false","31w03kr5pbyv3y9fdrbl073we","2022-10-13T03:04:00Z","ballroom vogue","World of Wonder Records",0.824,0.792,8,-4.078,1,0.0415,0.00358,0,0.102,0.777,124.993,4
"1874","spotify:track:3c36gDlZ0sWoHyR9ecgD5Y","Push It To The Limit","Another Side (International Version)","Corbin Bleu","2007-01-01",196960,0,"false","31w03kr5pbyv3y9fdrbl073we","2022-10-13T03:09:00Z","","Universal Music",0.815,0.906,5,-3.194,0,0.0561,0.0116,2.06e-06,0.0691,0.783,125.974,4
"1875","spotify:track:3BOnopYkAD2YVbhbXA2WSD","Ain't My Fault","Housework & Cleaning Music Playlist 2017","The Pop Posse","2017-07-07",225474,6,"false","31w03kr5pbyv3y9fdrbl073we","2022-10-13T03:51:44Z","","Tency Music",0.522,0.739,11,-6.444,0,0.0407,0.00365,0,0.608,0.588,141.148,4
"1876","spotify:track:19o5hmeKzaX5PauBO3lTHh","Boom Boom Pow - Radio Edit","NOW That's What I Call Music 31 (20 track Dell Bundle)","Black Eyed Peas","2009-01-01",216760,0,"false","31w03kr5pbyv3y9fdrbl073we","2022-10-13T03:54:30Z","","NOW Itunes Cards",0.872,0.892,9,-6.391,1,0.107,0.156,0.000718,0.185,0.42,130.037,4
"1877","spotify:track:68RjMTgKWN3paara7Ayeio","Wasabi","LM5 (Expanded Edition)","Little Mix","2018-11-16",154781,39,"false","31w03kr5pbyv3y9fdrbl073we","2022-10-13T03:56:19Z","","Syco Music",0.85,0.655,9,-5.005,1,0.105,0.00457,0.000604,0.122,0.269,114.006,4
"1878","spotify:track:2Rk4JlNc2TPmZe2af99d45","ME! (feat. Brendon Urie of Panic! At The Disco)","Lover","Taylor Swift;Brendon Urie;Panic! At The Disco","2019-08-23",193000,75,"false","31w03kr5pbyv3y9fdrbl073we","2022-10-14T03:13:22Z","emo","Taylor Swift",0.61,0.83,0,-4.105,1,0.0571,0.033,0,0.118,0.728,182.162,4
"1879","spotify:track:49COPp81lGS9Hl9OwKlsKl","Polaroid","Blue","Jonas Blue;Liam Payne;Lennon Stella","2018-11-09",193377,66,"false","31w03kr5pbyv3y9fdrbl073we","2022-10-14T03:29:01Z","tropical house","Positiva",0.652,0.898,7,-4.481,0,0.0361,0.29,0,0.073,0.472,114.043,4
"1880","spotify:track:7FjZU7XFs7P9jHI9Z0yRhK","So Close","So Close (feat. Georgia Ku)","NOTD;felix jaehn;Captain Cuts;Georgia Ku","2018-11-02",190302,66,"false","31w03kr5pbyv3y9fdrbl073we","2022-10-14T03:44:22Z","tropical house","Universal Music AB",0.7,0.872,10,-5.896,1,0.0666,0.121,7.08e-06,0.103,0.761,125.03,4
"1881","spotify:track:06VsoIC668pU516T6qrgkJ","Instruction (feat. Demi Lovato & Stefflon Don)","Snacks","Jax Jones;Demi Lovato;Stefflon Don","2019-07-12",165906,63,"true","31w03kr5pbyv3y9fdrbl073we","2022-10-14T03:45:27Z","dancehall","Polydor Records",0.762,0.923,9,-3.107,0,0.189,0.103,0,0.105,0.936,121.081,4
"1882","spotify:track:0xzI1KAr0Yd9tv8jlIk3sn","Bad Decisions (with BTS & Snoop Dogg)","Bad Decisions (with BTS & Snoop Dogg)","benny blanco;BTS;Snoop Dogg","2022-08-05",172714,71,"false","31w03kr5pbyv3y9fdrbl073we","2022-10-14T03:46:57Z","k-pop,g-funk,west coast hip hop,gangster rap,old school hip hop,hip hop,rap","Friends Keep Secrets/Interscope Records",0.762,0.861,0,-3.296,1,0.0955,0.0185,0,0.264,0.955,120.048,4
"1883","spotify:track:56xz9BGTdg94BBL5TDAHhh","Reflections","Weird Kids","We Are The In Crowd","2014-02-18",161586,0,"false","31w03kr5pbyv3y9fdrbl073we","2022-10-14T03:57:31Z","pop punk","Hopeless Records",0.425,0.829,0,-6.12,1,0.169,0.00694,0,0.4,0.553,172.983,4
"1884","spotify:track:0uKNrHYRdAj6hYHxCcoHOY","Good Time","Kiss (Deluxe)","Owl City;Carly Rae Jepsen","2012-01-01",205120,42,"false","31w03kr5pbyv3y9fdrbl073we","2022-10-15T19:09:52Z","","Silent Records IGA",0.567,0.863,3,-4.916,1,0.111,0.0195,7.42e-05,0.451,0.675,126.013,4
"1885","spotify:track:4wkQmYpAaMe41Rc3sYZ7Vz","Let's Go (feat. Ne-Yo)","18 Months","Calvin Harris;Ne-Yo","2012-10-29",232800,72,"false","31w03kr5pbyv3y9fdrbl073we","2022-10-17T00:23:53Z","edm","Columbia",0.71,0.882,4,-2.932,0,0.0595,0.00777,0.00771,0.294,0.875,128.016,4
"1886","spotify:track:5HOpkTTVcmZHnthgyxrIL8","The Fox (What Does the Fox Say?)","The Fox (What Does the Fox Say?)","Ylvis","2013-09-02",213708,71,"false","31w03kr5pbyv3y9fdrbl073we","2022-10-18T01:36:20Z","","WM Norway",0.703,0.867,6,-4.292,1,0.0453,0.107,0,0.119,0.546,128.008,4
"1887","spotify:track:4JUPEh2DVSXFGExu4Uxevz","Ice Cream (with Selena Gomez)","THE ALBUM","BLACKPINK;Selena Gomez","2020-10-02",177813,65,"false","31w03kr5pbyv3y9fdrbl073we","2022-10-18T02:39:21Z","k-pop","YG Entertainment/Interscope Records",0.79,0.701,9,-4.81,1,0.365,0.0317,8.06e-05,0.0311,0.91,159.972,4
"1888","spotify:track:2qT1uLXPVPzGgFOx4jtEuo","no tears left to cry","Sweetener","Ariana Grande","2018-08-17",205920,83,"false","31w03kr5pbyv3y9fdrbl073we","2022-10-18T02:56:47Z","pop","Republic Records",0.699,0.713,9,-5.507,0,0.0594,0.04,3.11e-06,0.294,0.354,121.993,4
"1889","spotify:track:46Dxwh73hkHgPg2NCTCzmt","Oh La La (feat. Mougleta)","Oh La La (feat. Mougleta)","Gabry Ponte;MOTi;Mougleta","2021-03-05",150368,33,"false","31w03kr5pbyv3y9fdrbl073we","2022-10-18T03:29:35Z","italo dance,slap house,big room,future house,edm","Spinnin' Records",0.725,0.812,7,-5.614,1,0.0833,0.00304,0.000447,0.16,0.351,122.016,4
"1890","spotify:track:5mhExux66DUADHMCP1taBP","I Just Wanna Dance","I Just Wanna Dance","Coldabank;Freedo","2021-02-19",154904,34,"false","31w03kr5pbyv3y9fdrbl073we","2022-10-18T03:30:47Z","deep house","WM Germany",0.741,0.914,5,-5.589,1,0.133,0.0247,0.0195,0.22,0.15,124.984,4
"1891","spotify:track:62iKA63KFJELPiOEeL5clk","Lonely With You","Lonely With You","Zack Martino;Jay Mason","2021-03-12",150158,33,"false","31w03kr5pbyv3y9fdrbl073we","2022-10-18T03:33:16Z","","Armada Music",0.721,0.809,8,-5.425,1,0.0857,0.0603,2.72e-05,0.133,0.451,123.901,4
"1892","spotify:track:7C1trmcQQ5n5RNy4l6ziCv","Some Say - Felix Jaehn Remix","Some Say (Felix Jaehn Remix)","Nea;felix jaehn","2020-01-10",186878,66,"false","31w03kr5pbyv3y9fdrbl073we","2022-10-18T03:42:13Z","tropical house","Milkshake",0.682,0.7,6,-5.591,1,0.0397,0.406,0,0.174,0.637,120.03,4
"1893","spotify:track:0vK80mtYypq4dAwQelZ2Dh","Lift Me Up (feat. Carla Monroe)","Lift Me Up (feat. Carla Monroe)","Oliver Heldens;Firebeatz;Schella;Carla Monroe","2019-11-15",177120,46,"false","31w03kr5pbyv3y9fdrbl073we","2022-10-18T03:43:42Z","future house,house,big room,electro house,edm","HELDEEP Records",0.579,0.784,5,-4.686,1,0.0659,0.0426,0.0235,0.317,0.562,125.122,4
"1894","spotify:track:1EJgymgJHcjSOGSHcYaxvW","South of the Border (feat. Camila Cabello & Cardi B) - Andy Jarvis Remix","South of the Border (feat. Camila Cabello & Cardi B) [Andy Jarvis Remix]","Ed Sheeran;Cardi B;Camila Cabello;Andy Jarvis","2019-12-11",188229,38,"false","31w03kr5pbyv3y9fdrbl073we","2022-10-18T03:50:26Z","soft pop","Atlantic Records UK",0.805,0.835,0,-4.603,1,0.0896,0.13,5.03e-06,0.365,0.722,125.027,4
"1895","spotify:track:26g9NU7OeoDeG4ZEv7vvAK","Won't Go Quietly - Radio Edit","#hits","Example","2013-08-02",219692,0,"false","31w03kr5pbyv3y9fdrbl073we","2022-10-18T04:00:14Z","","Ministry of Sound Recordings",0.53,0.888,8,-3.511,1,0.212,0.00252,0,0.302,0.678,125.048,4
"1896","spotify:track:7iUB3byx9Rcks8zW10JVkP","Stupid Feelings","Stupid Feelings","220 KID;LANY","2021-08-06",166924,50,"false","31w03kr5pbyv3y9fdrbl073we","2022-10-18T17:06:18Z","","Polydor Records",0.715,0.778,6,-6.546,0,0.0365,0.0152,0,0.121,0.756,123.954,4
"1897","spotify:track:0OLRKxstvcSbGyPHx2XNmA","Get Up (Rattle) - Radio Edit","Get Up (Rattle)","Bingo Players;Far East Movement","2013-01-20",166932,0,"false","31w03kr5pbyv3y9fdrbl073we","2022-10-18T17:32:34Z","big room","Ministry of Sound Recordings Ltd",0.801,0.985,7,-2.69,1,0.0647,0.0205,6.86e-06,0.297,0.72,127.99,4
"1898","spotify:track:0qaWEvPkts34WF68r8Dzx9","Turn Me On (feat. Vula)","Turn Me On (feat. Vula)","Riton;Oliver Heldens;Vula","2019-09-13",208473,68,"false","31w03kr5pbyv3y9fdrbl073we","2022-10-18T17:47:00Z","house,future house,disco house,uk r&b","Ministry of Sound Recordings",0.737,0.828,11,-4.711,1,0.0396,0.0149,0.000588,0.0862,0.517,124.051,4
"1899","spotify:track:3mruwwpKfG5NYmnEr6O5Dw","Post Malone (feat. RANI) - VIZE Remix","Post Malone (feat. RANI) [VIZE Remix]","Sam Feldt;RANI;VIZE","2019-09-12",154838,57,"false","31w03kr5pbyv3y9fdrbl073we","2022-10-18T17:50:03Z","tropical house,slap house","Spinnin' Remixes",0.687,0.887,7,-4.97,1,0.0564,0.00438,0.00629,0.172,0.345,124.017,4
"1900","spotify:track:0b0jmVQZ0rxs69RGq2WCu2","Dangerous","Dangerous","Kardinal Offishall;Akon","2008-01-01",233013,64,"false","31w03kr5pbyv3y9fdrbl073we","2022-10-18T18:01:55Z","","Konvict Live/Geffen Records",0.935,0.792,8,-6.504,1,0.0717,0.00416,0,0.102,0.812,116.998,4
"1901","spotify:track:3MOECVkNshqHYTPt5DZcdN","Five More Hours","Good Evening","Deorro;Chris Brown","2017-03-31",211975,76,"false","31w03kr5pbyv3y9fdrbl073we","2022-10-18T18:17:50Z","melbourne bounce,electro house,r&b","Ultra Records, LLC",0.699,0.883,5,-3.226,0,0.219,0.0288,0,0.817,0.499,127.961,4
"1902","spotify:track:7zHnrqnWNZLBmLhLwj3i7c","Perfect (For Somebody Else) [feat. Dewain Whitmore]","Perfect (For Somebody Else) [feat. Dewain Whitmore]","GAMPER & DADONI;Dewain Whitmore","2020-04-03",169633,0,"false","31w03kr5pbyv3y9fdrbl073we","2022-10-18T18:29:50Z","tropical house","Big Top Amsterdam",0.685,0.744,10,-6.73,1,0.0431,0.146,0,0.352,0.578,128.036,4
"1903","spotify:track:7Bj5sIMpuI5io0C6EO6BWr","Pumped Up","The Album","Klingande","2019-11-15",177073,0,"false","31w03kr5pbyv3y9fdrbl073we","2022-10-18T18:35:05Z","tropical house,deep house","Ultra Records",0.732,0.734,0,-6.423,1,0.107,0.00719,1.49e-05,0.34,0.643,123.033,4
"1904","spotify:track:2JUwLeTzOR5eSbnizg4QWi","Uncover","Uncover","Braaheim","2020-09-11",157382,47,"false","31w03kr5pbyv3y9fdrbl073we","2022-10-18T18:38:07Z","slap house","Soave Records",0.69,0.788,2,-6.344,1,0.107,0.0238,0,0.21,0.422,122.032,4
"1905","spotify:track:28vWkNnNBAf9YJztVVe1yJ","Complicated - Toby Romeo Remix","Complicated (Toby Romeo Remix)","Miss Li;Toby Romeo","2020-05-15",124887,41,"false","31w03kr5pbyv3y9fdrbl073we","2022-10-18T18:40:50Z","swedish pop","Pistol Packin' Music",0.801,0.731,8,-5.655,1,0.0482,0.234,0,0.0587,0.604,119.981,4
"1906","spotify:track:4laAKIq9ZxBCwf99rauPYb","Remember","Remember","Becky Hill;David Guetta","2021-06-18",160766,69,"false","31w03kr5pbyv3y9fdrbl073we","2022-10-18T20:13:49Z","edm","Polydor Records",0.612,0.862,8,-2.903,1,0.037,0.041,0,0.0907,0.354,123.849,4
"1907","spotify:track:5Ay8r4qxJ1OYLS91tWysRf","Don't Go Yet - Major Lazer Remix","Don't Go Yet (Major Lazer Remix)","Camila Cabello;Major Lazer","2021-09-10",171265,53,"false","31w03kr5pbyv3y9fdrbl073we","2022-11-02T21:01:34Z","moombahton","Epic",0.806,0.73,10,-5.73,0,0.149,0.228,0.000114,0.0817,0.629,124.914,4
"1908","spotify:track:2GCgeih6oxznBrrkNVKQqQ","Fergalicious","The Dutchess (Deluxe Edition)","Fergie;will.i.am","2006-09-13",292373,53,"false","31w03kr5pbyv3y9fdrbl073we","2022-10-18T20:42:05Z","","Will I Am / Fergie LP1",0.907,0.585,8,-7.729,0,0.318,0.0577,0,0.125,0.838,129.056,4
"1909","spotify:track:5o7TXypciBNWzWLE6Hdzuz","Call My Name","A Million Lights (Deluxe Version)","Cheryl","2012-01-01",207975,62,"false","31w03kr5pbyv3y9fdrbl073we","2022-10-23T15:54:42Z","","Polydor Records",0.696,0.94,8,-3.498,1,0.064,0.00272,1.34e-06,0.0987,0.7,128.005,4
"1910","spotify:track:4yAofTZhl3MdElTqO33oi5","Remember","Remember (Versions)","Becky Hill;David Guetta","2022-10-21",161386,36,"false","31w03kr5pbyv3y9fdrbl073we","2022-11-28T19:02:11Z","edm","Polydor Records",0.622,0.873,8,-3.133,1,0.0376,0.0697,0,0.0946,0.566,123.796,4
"1911","spotify:track:0phwM5a6TdLBDl0F9bk5fl","Riff Off: Mickey/Like A Virgin/Hit Me With Your Best Shot/S&M/Let’s Talk About Sex/I’ll Make Love To You/Feels Like The First Time/No Diggity","Ultimate Pitch Perfect (Original Motion Picture Soundtrack)","The Barden Bellas;The Treblemakers;The Bu Harmonics","2015-02-10",224266,58,"false","31w03kr5pbyv3y9fdrbl073we","2022-11-30T04:31:37Z","","Ultimate Pitch Perfect",0.48,0.506,11,-5.554,1,0.385,0.553,0,0.0916,0.708,177.44,4
"1912","spotify:track:5JHCNnCSdJlxPIsTCxGdYJ","Right Round","Ultimate Pitch Perfect (Original Motion Picture Soundtrack)","The Treblemakers;Kay","2015-02-10",196360,50,"false","31w03kr5pbyv3y9fdrbl073we","2022-12-08T18:29:39Z","","Ultimate Pitch Perfect",0.756,0.795,7,-5.021,1,0.187,0.386,0,0.219,0.604,127.071,4
"1913","spotify:track:2mgPmzcrz3sBCR7AvCr6mE","Trebles Finals: Bright Lights Bigger City/Magic","Ultimate Pitch Perfect (Original Motion Picture Soundtrack)","The Treblemakers","2015-02-10",154146,59,"false","31w03kr5pbyv3y9fdrbl073we","2022-12-08T19:06:02Z","","Ultimate Pitch Perfect",0.579,0.526,9,-7.31,0,0.228,0.171,0,0.109,0.402,112.971,4
"1914","spotify:track:5qvrUfU6YvDMAW56uZEE6Q","Freedom! '90","Pitch Perfect 3 (Original Motion Picture Soundtrack)","The Bellas","2017-12-15",316453,58,"false","31w03kr5pbyv3y9fdrbl073we","2022-12-18T21:46:33Z","","Pitch Perfect 3",0.31,0.493,2,-7.887,1,0.119,0.317,6.23e-05,0.067,0.101,187.811,4
"1915","spotify:track:1QvPIlDwzql2ub5MCyYa78","September - from DreamWorks Animation's ""TROLLS""","TROLLS (Original Motion Picture Soundtrack)","Justin Timberlake;Anna Kendrick;Earth, Wind & Fire","2016-09-23",235000,63,"false","31w03kr5pbyv3y9fdrbl073we","2023-01-20T20:13:21Z","children's music,funk,disco","Villa 40/RCA Records",0.774,0.849,9,-2.986,1,0.0301,0.016,0.000201,0.0348,0.962,126.996,4
"1916","spotify:track:6CLZCQgIA9IObxbBnNY9de","Since U Been Gone","Pitch Perfect Soundtrack","Ester Dean;Skylar Astin","2012-01-01",146173,0,"false","31w03kr5pbyv3y9fdrbl073we","2023-01-20T20:33:46Z","musicals","Universal Music Group",0.702,0.478,9,-7.701,0,0.115,0.5,0,0.212,0.532,140.031,4
"1917","spotify:track:1b35vByVtPXGXJVaUtEgXN","Riff Off - From ""Pitch Perfect 2"" Soundtrack","Pitch Perfect 2 - Special Edition (Original Motion Picture Soundtrack)","Das Sound Machine;Tone Hangers;The Barden Bellas;Green Bay Packers;The Treblemakers","2015-05-12",264480,0,"false","31w03kr5pbyv3y9fdrbl073we","2023-01-20T20:35:10Z","","Universal Music Group",0.624,0.649,1,-6.169,1,0.365,0.204,0,0.0774,0.711,111.042,4
"1918","spotify:track:39lS97papXAI72StGRtZBo","Wrapped Up (feat. Travie McCoy)","Never Been Better (Expanded Edition)","Olly Murs;Travie McCoy","2014-11-24",185629,60,"false","31w03kr5pbyv3y9fdrbl073we","2023-03-04T19:10:23Z","","Epic",0.787,0.837,1,-5.419,1,0.0556,0.0926,0,0.155,0.918,122.004,4
"1919","spotify:track:6bNB5gxFX6Q87DbQWb8OWZ","Waka Waka (This Time for Africa) [The Official 2010 FIFA World Cup (TM) Song] (feat. Freshlyground)","Listen Up! The Official 2010 FIFA World Cup Album","Shakira;Freshlyground","2010-05-31",202626,72,"false","31w03kr5pbyv3y9fdrbl073we","2023-03-04T19:10:45Z","latin pop,afro soul,afropop,dubstep","Epic",0.758,0.871,2,-6.408,1,0.147,0.0062,0,0.0663,0.753,126.994,4
"1920","spotify:track:0HN7GmOAt504PMZz0q3NyM","Walking on Sunshine","Walking on Sunshine (Original Motion Picture Soundtrack)","Leona Lewis;Hannah Arterton;Katy Brand;Danny Kirrane;Giulio Corso;Giulio Berruti;Ralph Salmins;Steve Pearce;Paul Dunne;Anne Dudley;Frank Ricotti;Paul Clarvis","2014-06-13",221213,44,"false","31w03kr5pbyv3y9fdrbl073we","2023-03-04T19:12:47Z","soundtrack","Sony Classical",0.685,0.79,8,-6.148,1,0.0285,0.0078,1.71e-05,0.0668,0.953,110.98,4
"1921","spotify:track:0yLdNVWF3Srea0uzk55zFn","Flowers","Flowers","Miley Cyrus","2023-01-13",200454,15,"false","31w03kr5pbyv3y9fdrbl073we","2023-03-08T22:18:53Z","","Columbia",0.707,0.681,0,-4.325,1,0.0668,0.0632,5.15e-06,0.0322,0.646,117.999,4
"1922","spotify:track:3eoyz3jZOHhko7hEwtEdnf","Lone Ranger","Wildfire","Rachel Platten","2016-01-01",190026,47,"false","31w03kr5pbyv3y9fdrbl073we","2023-04-26T19:34:51Z","","Columbia",0.745,0.891,7,-5.392,0,0.0748,0.0582,0.000645,0.11,0.362,116.959,4
"1923","spotify:track:3NZJlJemX3mzjf56MqC5ML","Forever","Forever","Chris Brown","2008-04-29",278573,85,"false","31w03kr5pbyv3y9fdrbl073we","2023-05-01T04:00:44Z","r&b","Jive",0.672,0.82,11,-4.456,1,0.0459,0.0368,0.000188,0.184,0.438,120.005,4
"1924","spotify:track:1Y9cAYTmyWJCcmfqdG2I29","Broken & Beautiful","Broken & Beautiful","Kelly Clarkson","2019-03-27",218948,63,"false","31w03kr5pbyv3y9fdrbl073we","2023-08-19T22:27:58Z","christmas","Atlantic Records",0.73,0.732,8,-2.556,1,0.0366,0.0823,0,0.0757,0.546,112.058,4
"1925","spotify:track:3180WDzph4WrS4sLSNcGfa","Wings","DNA (Expanded Edition)","Little Mix","2012-11-19",221720,67,"false","31w03kr5pbyv3y9fdrbl073we","2023-09-27T01:49:41Z","","Syco Music",0.742,0.878,9,-3.127,0,0.128,0.000758,8.88e-05,0.286,0.564,114.965,4
"1926","spotify:track:1NOZvdCovG42qQV7ftVD5d","Birthday","PRISM","Katy Perry","2013-01-01",215042,64,"false","31w03kr5pbyv3y9fdrbl073we","2023-09-27T02:05:14Z","pop","Capitol Records (CAP)",0.719,0.674,11,-5.122,1,0.0681,0.0879,3.75e-06,0.112,0.843,125.992,4
"1927","spotify:track:4qRaZYiaOsSvWC7VgcxrI0","HandClap","Fitz and The Tantrums (Deluxe Edition)","Fitz and The Tantrums","2017-07-24",193253,73,"false","31w03kr5pbyv3y9fdrbl073we","2023-11-24T22:35:18Z","","Elektra (NEK)",0.636,0.836,8,-3.004,1,0.0427,0.00609,0.000157,0.0828,0.715,139.956,4
"1928","spotify:track:7FbrGaHYVDmfr7KoLIZnQ7","Cupid - Twin Ver.","The Beginning: Cupid","FIFTY FIFTY","2023-02-24",174253,6,"false","31w03kr5pbyv3y9fdrbl073we","2023-11-24T23:18:52Z","k-pop","WM Korea",0.783,0.592,11,-8.332,0,0.0331,0.435,4.15e-06,0.347,0.726,120.018,4
"1929","spotify:track:2EPmbqzr8o637dUCzgYkv6","I Want Your Body","Lost In Paradise","Common Kings","2017-02-03",209870,29,"false","31w03kr5pbyv3y9fdrbl073we","2023-11-29T17:10:23Z","reggae,nz reggae,reggae rock","Island Empire Records",0.675,0.715,11,-5.361,0,0.0503,0.000356,0,0.0915,0.495,159.941,4
"1930","spotify:track:7cv28LXcjAC3GsXbUvXKbX","I Will Survive - Single Version","20th Century Masters: The Millennium Collection: Best Of Gloria Gaynor","Gloria Gaynor","2000-01-01",198066,69,"false","31w03kr5pbyv3y9fdrbl073we","2023-11-29T18:00:06Z","disco","Polydor",0.777,0.725,0,-8.681,1,0.05,0.0131,0.00805,0.246,0.529,116.669,4
"1931","spotify:track:0hO71r8vbnrXSaXVrR9ptF","I'm In Love With a Monster","I'm In Love With a Monster","Fifth Harmony","2015-08-14",211786,72,"false","31w03kr5pbyv3y9fdrbl073we","2023-11-30T22:18:41Z","","Syco Music/Epic",0.666,0.812,6,-4.07,0,0.0647,0.0597,0,0.0603,0.868,145.059,4
"1932","spotify:track:5YqEzk3C5c3UZ1D5fJUlXA","Sunroof","Good Times Go","Nicky Youre;hey daisy","2023-06-09",163025,84,"false","31w03kr5pbyv3y9fdrbl073we","2023-12-09T21:00:56Z","","Thirty Knots/Columbia",0.768,0.714,10,-5.11,1,0.0401,0.352,0,0.15,0.842,131.443,4
"1933","spotify:track:76OGwb5RA9h4FxQPT33ekc","SNAP","SNAP","Rosa Linn","2022-03-19",179551,10,"false","31w03kr5pbyv3y9fdrbl073we","2023-12-09T21:07:45Z","","Columbia",0.565,0.636,0,-8.198,1,0.0638,0.107,9.9e-06,0.447,0.525,170.01,4
"1934","spotify:track:4OMJGnvZfDvsePyCwRGO7X","Houdini","Houdini","Dua Lipa","2023-11-09",185917,13,"false","31w03kr5pbyv3y9fdrbl073we","2023-12-09T21:50:41Z","pop","Warner Records",0.744,0.789,9,-4.876,0,0.059,0.0036,0.00144,0.0947,0.866,116.985,4
"1935","spotify:track:2VQzy5hIet7TpNop2MSFgN","Wildflowers","Whirlwind","Maddie Poppe","2019-05-17",182813,51,"false","31w03kr5pbyv3y9fdrbl073we","2023-12-10T03:23:17Z","","Hollywood Records",0.739,0.529,2,-6.514,1,0.0375,0.0669,0,0.377,0.529,126.027,4
"1936","spotify:track:0tFUl3tPqBzUM2aV0gitdq","Dolls","Dolls","Bella Poarch","2022-07-14",132793,62,"false","31w03kr5pbyv3y9fdrbl073we","2023-12-16T05:26:11Z","","Warner Records",0.841,0.698,4,-6.588,0,0.261,0.211,0,0.203,0.372,118.018,4
"1937","spotify:track:6xlOnm5MITIKtixzJW8R0j","DARKSIDE","Wars In A Wonderland","Neoni","2021-08-20",168000,75,"false","31w03kr5pbyv3y9fdrbl073we","2023-12-16T21:56:29Z","","CloudKid",0.533,0.714,7,-6.472,0,0.0608,0.31,1.58e-06,0.0869,0.454,165.037,3
"1938","spotify:track:7y9iMe8SOB6z3NoHE2OfXl","Bad At Love","hopeless fountain kingdom (Deluxe)","Halsey","2017-06-02",181279,3,"false","31w03kr5pbyv3y9fdrbl073we","2023-12-18T04:35:12Z","","Astralwerks (ASW)",0.675,0.751,0,-3.539,1,0.0296,0.0604,0,0.0893,0.612,118.384,4
"1939","spotify:track:5CALwnrA4TA9bEpnfnMb3O","Do You Know? (The Ping Pong Song)","Greatest Hits","Enrique Iglesias","2008-01-01",218093,37,"false","31w03kr5pbyv3y9fdrbl073we","2024-01-06T05:08:52Z","latin pop,latin","Interscope",0.752,0.762,8,-4.335,1,0.0533,0.048,0,0.0279,0.679,115.003,4
"1940","spotify:track:6g3EtZDHdvss7vmqigJCRJ","Build Me up Buttercup","Highlights of the Foundations","The Foundations","2017-02-19",173072,53,"false","31w03kr5pbyv3y9fdrbl073we","2024-01-06T05:18:25Z","","Weishaupt Music & Entertainment",0.619,0.763,0,-4.964,1,0.0538,0.542,4.93e-06,0.0531,0.709,132.628,4
"1941","spotify:track:2ve0kuaWUCt4Zx8x4bf1MR","Wonderland (Taylor's Version)","1989 (Taylor's Version)","Taylor Swift","2023-10-26",245566,65,"false","31w03kr5pbyv3y9fdrbl073we","2024-01-07T16:14:37Z","","Taylor Swift",0.387,0.703,3,-5.956,1,0.0545,0.0105,1.1e-05,0.128,0.32,123.18,5
"1942","spotify:track:7j56HrjR9cGzvekvZY3Faz","HandClap","Fitz and The Tantrums","Fitz and The Tantrums","2016-06-10",193253,77,"false","31w03kr5pbyv3y9fdrbl073we","2024-01-13T04:30:38Z","","Elektra (NEK)",0.636,0.836,8,-3.004,1,0.0427,0.00609,0.000157,0.0828,0.715,139.956,4
"1943","spotify:track:5K6Ssv4Z3zRvxt0P6EKUAP","Heartbreak Anthem (with David Guetta & Little Mix)","Heartbreak Anthem (with David Guetta & Little Mix)","Galantis;David Guetta;Little Mix","2021-05-20",183725,66,"false","31w03kr5pbyv3y9fdrbl073we","2024-01-13T04:43:49Z","edm","Big Beat Records",0.595,0.784,1,-4.878,1,0.102,0.216,0,0.0608,0.479,124.111,4
"1944","spotify:track:2xnoPV3NLescauc0ZJ1MDZ","Dance Again","Dance Again...The Hits","Jennifer Lopez;Pitbull","2012-07-24",237266,71,"false","31w03kr5pbyv3y9fdrbl073we","2024-01-13T04:53:23Z","","Epic",0.792,0.856,11,-5.236,0,0.067,0.0159,2.88e-06,0.0981,0.714,127.988,4
"1945","spotify:track:6JMOLYqYFrxeq46k0OYfWX","How A Heart Unbreaks","Pitch Perfect 3 (Original Motion Picture Soundtrack)","Evermoist","2017-12-15",224226,52,"false","31w03kr5pbyv3y9fdrbl073we","2024-01-21T00:21:47Z","","Pitch Perfect 3",0.547,0.876,5,-3.758,0,0.108,0.00118,0,0.0843,0.453,137.817,4
"1946","spotify:track:7GR28L303tw1rDCoBtQReR","Car Show - From ""Pitch Perfect 2"" Soundtrack","Pitch Perfect 2 - Special Edition (Original Motion Picture Soundtrack)","Das Sound Machine","2015-05-12",107666,44,"false","31w03kr5pbyv3y9fdrbl073we","2024-01-21T00:22:26Z","","UME – PP2 OST",0.484,0.808,3,-6.024,0,0.233,0.192,0,0.183,0.331,191.69,3
"1947","spotify:track:4HiuFDvd4PA5nZ0DyBLCLd","World Championship Finale 1 - From ""Pitch Perfect 2"" Soundtrack","Pitch Perfect 2 - Special Edition (Original Motion Picture Soundtrack)","Das Sound Machine","2015-05-12",121866,45,"false","31w03kr5pbyv3y9fdrbl073we","2024-01-21T00:22:53Z","","UME – PP2 OST",0.62,0.935,3,-4.107,0,0.0794,0.146,0,0.322,0.715,158.06,4
"1948","spotify:track:3uwnnTQcHM1rDqSfA4gQNz","Cool for the Summer","Confident","Demi Lovato","2015-01-01",214739,86,"true","31w03kr5pbyv3y9fdrbl073we","2024-02-06T05:08:18Z","","Hollywood Records",0.583,0.61,5,-5.639,0,0.0382,0.00425,0.000105,0.14,0.336,114.06,4
"1949","spotify:track:6b6IMqP565TbtFFZg9iFf3","I Can't Help Myself (Sugar Pie, Honey Bunch)","Four Tops - Second Album","Four Tops","1965-11-13",160280,76,"false","31w03kr5pbyv3y9fdrbl073we","2024-03-29T04:27:05Z","motown,northern soul,classic soul,soul","Motown",0.667,0.599,0,-8.894,1,0.0291,0.245,0,0.107,0.971,127.935,4
"1950","spotify:track:1UDhFEt0NlOFKwWRQJTgHe","Way Less Sad","OK ORCHESTRA","AJR","2021-03-26",206108,65,"false","31w03kr5pbyv3y9fdrbl073we","2024-04-13T01:24:27Z","","BMG Rights Management (US) LLC",0.701,0.547,2,-8.238,1,0.0483,0.00843,0,0.0987,0.4,140.015,4
"1951","spotify:track:2sFbdDiEDpyCdP5nUCuGBm","Following the Sun","Following the Sun","SUPER-Hi;NEEKA","2021-07-20",205000,69,"false","31w03kr5pbyv3y9fdrbl073we","2024-04-13T01:26:14Z","","Blended",0.734,0.828,6,-4.433,0,0.033,0.398,0.0225,0.136,0.717,127.023,4
"1952","spotify:track:2t2j5rFPmEyNE1ifFHB0fD","Dance On The Sun","Dance On The Sun","Sheppard","2023-10-13",255750,22,"false","31w03kr5pbyv3y9fdrbl073we","2024-04-13T01:27:47Z","","Decca (UMO)",0.706,0.913,1,-4.446,0,0.0469,0.15,0.000117,0.123,0.868,126.024,4
"1953","spotify:track:34evGV6SaoRLHTcXXUVOpb","90s Kids","90s Kids","Jax","2021-03-26",163815,59,"true","31w03kr5pbyv3y9fdrbl073we","2024-06-12T13:38:21Z","","Atlantic Records",0.714,0.657,0,-6.436,1,0.118,0.0802,0,0.35,0.725,151.898,4
"1954","spotify:track:4N5zP49bM53UtevRIKqyiE","Downtown - Uptempo","Downtown (From The Motion Picture ""Last Night In Soho"")","Anya Taylor-Joy","2021-10-20",209485,35,"false","31w03kr5pbyv3y9fdrbl073we","2024-06-12T13:49:41Z","","Back Lot Music",0.542,0.595,4,-5.949,1,0.0365,0.171,0,0.141,0.508,120.17,4
"1955","spotify:track:73z8LmUFSFT8F2NJXCcRF6","I'm Into Something Good","No Milk Today","Herman's Hermits","1989",158000,8,"false","31w03kr5pbyv3y9fdrbl073we","2024-06-26T01:37:46Z","","Blaricum CD Company (B.C.D.) B.V.",0.602,0.738,0,-11.36,1,0.0475,0.727,1.53e-06,0.457,0.69,143.484,4
"1956","spotify:track:2Xnv3GntqbBH1juvUYSpHG","So Am I","Heaven & Hell","Ava Max","2020-09-18",184295,75,"false","31w03kr5pbyv3y9fdrbl073we","2024-08-05T23:01:33Z","","Atlantic Records",0.681,0.657,6,-4.671,1,0.0432,0.0748,0,0.353,0.628,130.089,4
"1957","spotify:track:7gaA3wERFkFkgivjwbSvkG","yes, and?","yes, and?","Ariana Grande","2024-01-12",214994,76,"true","31w03kr5pbyv3y9fdrbl073we","2024-09-04T00:41:27Z","pop","Republic Records",0.787,0.775,1,-6.614,1,0.0548,0.19,6.54e-05,0.113,0.787,118.998,4
"1958","spotify:track:01vp9hOlOqhZnr3OSvztIW","Nothing Ever Happens","Be Here","Rachel Platten","2011-04-26",186120,31,"false","31w03kr5pbyv3y9fdrbl073we","2024-09-04T00:41:59Z","","Great Unknown, LLC",0.844,0.551,2,-5.202,1,0.0403,0.254,0,0.0387,0.967,124.049,4
"1959","spotify:track:5FMXrphygZ4z3gVDHGWxgl","Copacabana (At the Copa) - Short Version","Dance Vault Mixes - Copacabana (At The Copa)","Barry Manilow","2006-09-12",236760,72,"false","31w03kr5pbyv3y9fdrbl073we","2024-09-14T16:30:00Z","yacht rock,adult standards","Arista",0.606,0.899,7,-6.412,0,0.0758,0.333,0.000102,0.0754,0.66,116.735,4
"1960","spotify:track:1RSBK5VWdjPjHEmRhAkS4Q","Sacrifice","Sacrifice","Bebe Rexha","2021-03-05",160871,51,"false","31w03kr5pbyv3y9fdrbl073we","2024-10-08T18:08:44Z","","Warner Records",0.659,0.877,11,-5.089,0,0.0288,0.0878,0,0.094,0.471,119.992,4
"1961","spotify:track:1iSqfoUFnQwV0QW1EfUit8","Suicidal","Melly vs. Melvin","YNW Melly","2019-11-22",222997,79,"true","31w03kr5pbyv3y9fdrbl073we","2024-10-12T02:53:47Z","melodic rap","P2019",0.735,0.369,9,-9.682,0,0.0688,0.334,0,0.126,0.235,140.004,4
"1962","spotify:track:4S2uhQE8L9V6p7rj7SiauJ","Suicidal (feat. Juice WRLD) - Remix","Suicidal (Remix) [feat. Juice WRLD]","YNW Melly;Juice WRLD","2020-03-13",225857,75,"true","31w03kr5pbyv3y9fdrbl073we","2024-10-12T02:54:47Z","melodic rap,emo rap","P2020",0.655,0.441,9,-5.245,0,0.0629,0.474,0,0.099,0.273,139.957,4
"1963","spotify:track:2uqYupMHANxnwgeiXTZXzd","Austin (Boots Stop Workin')","What Happens Now?","Dasha","2024-02-16",171782,85,"true","31w03kr5pbyv3y9fdrbl073we","2024-12-20T20:46:18Z","","Warner Records",0.756,0.672,0,-6.743,1,0.0522,0.464,3.37e-06,0.108,0.739,114.935,4
"1964","spotify:track:3z1nENXN6MCCbyaODWMShb","Search Party","I AM SAM PT. 1","Sam Bruno","2017-06-09",227290,31,"false","31w03kr5pbyv3y9fdrbl073we","2024-12-21T21:54:42Z","","Atlantic Records",0.626,0.783,2,-4.403,1,0.055,0.513,8.67e-06,0.11,0.437,128.027,4
"1965","spotify:track:0KxTWgl64TNOQXiGFJYc6t","Conga!","The Very Best Of Gloria Estefan (English Version)","Miami Sound Machine;Gloria Estefan","2006-09-26",252933,57,"false","31w03kr5pbyv3y9fdrbl073we","2025-01-15T20:40:58Z","","Epic/Legacy",0.782,0.873,2,-7.157,1,0.0475,0.141,0.0571,0.112,0.858,123.181,4
"1966","spotify:track:1058fW9H3fZA6QjYCdOBad","Don't Go Yet","Don't Go Yet","Camila Cabello","2021-07-23",164842,68,"false","31w03kr5pbyv3y9fdrbl073we","2025-01-16T01:51:55Z","","Epic",0.666,0.796,10,-6.967,0,0.103,0.0492,0,0.0442,0.61,110.108,4
"1967","spotify:track:6izhPbUU3CeMYvTT74YHnb","I Want You To Know","I Want You To Know","Zedd;Selena Gomez","2015-02-23",238800,1,"false","31w03kr5pbyv3y9fdrbl073we","2025-01-16T18:33:55Z","edm","Interscope",0.561,0.877,9,-2.215,0,0.0659,0.00621,8.11e-06,0.28,0.375,130.003,4
"1968","spotify:track:5eWgDlp3k6Tb5RD8690s6I","Sugar","V (Deluxe)","Maroon 5","2014-09-02",235493,2,"true","31w03kr5pbyv3y9fdrbl073we","2025-01-18T23:16:24Z","pop","222 Records/Interscope Records",0.744,0.783,1,-7.077,1,0.0337,0.0553,0,0.086,0.885,120.042,4
"1969","spotify:track:0hm8rgOY17z7kQJlqGKbu7","I Will Wait","Babel (Deluxe Version)","Mumford & Sons","2012-09-25",276720,4,"false","31w03kr5pbyv3y9fdrbl073we","2025-01-22T02:00:49Z","folk,indie folk,folk rock","Glassnote Entertainment Group LLC",0.48,0.756,1,-5.399,1,0.0333,0.00993,0.00704,0.312,0.447,131.127,4
"1970","spotify:track:3KwwE4sgCzMaKWq6QBebmX","Me Too","Thank You (Deluxe Version)","Meghan Trainor","2017-05-12",181240,77,"false","31w03kr5pbyv3y9fdrbl073we","2025-01-23T17:09:31Z","","Epic",0.934,0.694,11,-5.849,0,0.101,0.0971,1.2e-06,0.477,0.833,123.831,4
"1971","spotify:track:2k4FNm30FYR4VqatIAzGGN","Push It","80s Hip Hop","Salt-N-Pepa","2019-05-10",268533,0,"false","31w03kr5pbyv3y9fdrbl073we","2025-01-23T22:45:04Z","old school hip hop","UME - Global Clearing House",0.918,0.731,7,-6.637,1,0.0611,0.00354,0.0043,0.0488,0.967,127.239,4
"1972","spotify:track:2uvTs2g5A7f01D43fbe7ZQ","Blow Me (One Last Kiss) (Glee Cast Version)","Glee: The Music, The Complete Season Four","Glee Cast","2014-01-14",252240,42,"false","31w03kr5pbyv3y9fdrbl073we","2025-01-27T01:14:16Z","christmas","Columbia",0.59,0.924,7,-3.953,1,0.0526,0.00457,0.00983,0.216,0.702,115.986,4
"1973","spotify:track:5mvKuE9Lf9ARVXVXA32kK9","Price Tag","Who You Are (Platinum Edition)","Jessie J;B.o.B","2011-01-01",223053,69,"false","31w03kr5pbyv3y9fdrbl073we","2025-01-28T13:52:55Z","","Lava Music/Republic Records",0.637,0.832,5,-3.945,1,0.183,0.0282,3.47e-06,0.277,0.68,175.011,4
"1974","spotify:track:2hns6Dv29Yrg68AVTJiAyA","Who Knew - Edit","I'm Not Dead","P!nk","2006-04-04",208493,79,"false","31w03kr5pbyv3y9fdrbl073we","2025-02-18T20:34:51Z","","LaFace/Legacy",0.688,0.734,9,-4.569,1,0.0274,0.00462,0,0.0756,0.46,140.004,4
"1975","spotify:track:5qxPabNDnJQ551Tf4v6k3j","Catch My Breath","Greatest Hits - Chapter One","Kelly Clarkson","2012-11-19",250386,60,"false","31w03kr5pbyv3y9fdrbl073we","2025-02-18T20:37:48Z","christmas","RCA Records Label",0.692,0.908,9,-5.364,1,0.0677,0.0251,0,0.0933,0.513,124.042,4
"1976","spotify:track:2CZi8d774dBB0wiuWMIpr8","Miss Independent","Thankful","Kelly Clarkson","2003-04-15",214786,59,"false","31w03kr5pbyv3y9fdrbl073we","2025-02-18T20:42:08Z","christmas","RCA Records Label",0.655,0.623,11,-6.302,0,0.116,0.0861,0.000346,0.0652,0.615,175.973,4
"1977","spotify:track:02WDuAXXKumemrvsmrVBvH","Wavin' Flag - Coca-Cola® Celebration Mix","Troubadour","K'NAAN","2009",212866,54,"false","31w03kr5pbyv3y9fdrbl073we","2025-02-24T19:46:01Z","","Interscope Records*",0.584,0.768,0,-4.185,1,0.058,0.329,0,0.0587,0.729,152.005,4
"1978","spotify:track:6mETs8Pi6Fnkijklne7yHk","Whoops","Timeless","Meghan Trainor","2024-06-07",148898,58,"true","31w03kr5pbyv3y9fdrbl073we","2025-02-25T17:40:43Z","","Epic",0.79,0.732,2,-3.507,0,0.112,0.211,0,0.334,0.788,114.943,4
"1979","spotify:track:3PYZWh5KZ6VlXHDlwDVJUt","Mom (feat. Kelli Trainor)","Thank You (Deluxe Version)","Meghan Trainor;Kelli Trainor","2017-05-12",194960,54,"false","31w03kr5pbyv3y9fdrbl073we","2025-02-25T17:55:10Z","","Epic",0.67,0.731,1,-5.428,0,0.0846,0.158,9.33e-06,0.403,0.84,135.99,4
"1980","spotify:track:13KCcVDJM9rrQlPgGtepK8","No Excuses","TREAT MYSELF","Meghan Trainor","2020-01-31",152862,54,"false","31w03kr5pbyv3y9fdrbl073we","2025-02-26T03:49:34Z","","Epic",0.826,0.658,6,-3.846,1,0.0517,0.0226,0,0.0417,0.523,115.022,4
"1981","spotify:track:3nomMSRbIRpAfIZLf3jOqS","My Selfish Heart","Title (Deluxe)","Meghan Trainor","2015-01-12",227035,43,"false","31w03kr5pbyv3y9fdrbl073we","2025-02-26T04:21:40Z","","Epic",0.582,0.519,1,-6.954,1,0.169,0.0533,0,0.161,0.453,171.958,4
"1982","spotify:track:5J4WHWFvEWRd2FBVhcTcmi","Dancing In The Dark - From The ""Home"" Soundtrack","Home (Original Motion Picture Soundtrack)","Rihanna","2015-03-23",223040,71,"false","31w03kr5pbyv3y9fdrbl073we","2025-05-15T01:50:27Z","","Roc Nation / Home Soundtrack",0.795,0.749,1,-3.604,1,0.0525,0.179,0,0.0875,0.761,115.003,4
"1983","spotify:track:5OQGeJ1ceykovrykZsGhqL","Breathless","In Blue","The Corrs","2000-07-17",207506,76,"false","31w03kr5pbyv3y9fdrbl073we","2025-05-25T20:59:23Z","celtic rock","Atlantic Records",0.607,0.82,11,-7.754,1,0.0597,0.0541,6.8e-05,0.269,0.768,126.988,4
"1984","spotify:track:0cVyQfDyRnMJ0V3rjjdlU3","Lil Boo Thang","Lil Boo Thang","Paul Russell","2023-08-18",114233,79,"false","31w03kr5pbyv3y9fdrbl073we","2025-11-27T14:51:18Z","","Arista Records",0.85,0.699,0,-3.292,1,0.0776,0.152,0,0.32,0.915,114.481,4
"1985","spotify:track:58AZXyKRlsMBMcrRjpJpVG","Debut","Debut","KATSEYE","2024-06-28",123281,85,"false","31w03kr5pbyv3y9fdrbl073we","2025-12-10T14:42:47Z","k-pop","HYBE/Geffen",0.866,0.604,11,-4.286,1,0.0763,0.00999,0,0.218,0.714,121.99,4
"1986","spotify:track:1r0XfrhdG6bsiS4oe1QM96","A Year Without Rain","A Year Without Rain","Selena Gomez & The Scene","2010-01-01",234333,61,"false","31w03kr5pbyv3y9fdrbl073we","2025-12-19T19:10:00Z","","Hollywood Records",0.629,0.806,2,-5.264,0,0.0442,0.0102,1.72e-05,0.112,0.409,119.966,4
"1987","spotify:track:7D49Iig0avHre9RFSUMkd2","I Lived","Native","OneRepublic","2014-01-01",234546,64,"false","31w03kr5pbyv3y9fdrbl073we","2025-12-19T19:12:31Z","","Mosley / Interscope",0.598,0.854,9,-5.429,1,0.0436,0.0746,0,0.278,0.311,119.976,4
"1988","spotify:track:1xGeLehBZrhCGpyUFUjita","Beating Me Up","Wildfire","Rachel Platten","2016-01-01",189253,37,"false","31w03kr5pbyv3y9fdrbl073we","2026-01-23T19:33:18Z","","Columbia",0.66,0.849,11,-3.868,1,0.094,0.217,0.00209,0.184,0.316,120.034,4
"1989","spotify:track:6mH3qVIeOsnQIAho5eWwhH","Cups (Pitch Perfect’s “When I’m Gone”) - Pop Version","Ultimate Pitch Perfect (Original Motion Picture Soundtrack)","Anna Kendrick","2015-02-10",128013,67,"false","31w03kr5pbyv3y9fdrbl073we","2026-01-20T23:14:01Z","children's music","Ultimate Pitch Perfect",0.878,0.455,0,-8.843,1,0.0764,0.0453,0.0049,0.0353,0.797,129.954,4
"1990","spotify:track:3tSwt3KHnIssz3vCjz3FPw","Speechless","Wildfire","Rachel Platten","2016-01-01",199693,36,"false","31w03kr5pbyv3y9fdrbl073we","2026-02-12T15:52:27Z","","Columbia",0.622,0.73,5,-5.365,1,0.0551,0.108,3.81e-05,0.0889,0.459,140.106,4
"1991","spotify:track:1tzkJMX3gNjnpcHdLD0pM3","Overboard","My World 2.0","Justin Bieber;Jessica Jarrell","2010-01-01",251186,68,"false","31w03kr5pbyv3y9fdrbl073we","2026-02-17T23:26:44Z","","RBMG/Def Jam",0.479,0.788,5,-5.212,1,0.0542,0.183,0,0.146,0.463,173.963,4
"1992","spotify:track:3RpufFBpn0bfpG1IhK0cUw","Sucker for Pain (with Logic & Ty Dolla $ign feat. X Ambassadors)","Suicide Squad: The Album","Lil Wayne;Wiz Khalifa;Imagine Dragons;Logic;Ty Dolla $ign;X Ambassadors","2016-08-05",243490,42,"false","31w03kr5pbyv3y9fdrbl073we","2026-04-08T20:45:10Z","rap,hip hop,trap soul","Atlantic Records",0.49,0.785,9,-4.382,0,0.319,0.248,0,0.65,0.737,169.034,4
"1993","spotify:track:4IYKjN1DrYzxKXt0umJqsG","I Got 5 On It","Operation Stackola","Luniz;Michael Marshall","1995-07-04",253533,76,"false","n1427d12","2020-10-23T23:01:56Z","g-funk,west coast hip hop,old school hip hop,brazilian bass","Virgin Records",0.584,0.706,10,-7.899,0,0.366,0.209,0,0.125,0.579,174.039,4
"1994","spotify:track:08kCck8nAJJEmxg0gXaJot","Tell Me Something I Don't Know","Tell Me Something I Don't Know","Selena Gomez","2008-08-05",201426,0,"false","n1427d12","2020-10-23T23:12:12Z","","Razor & Tie",0.601,0.939,7,-3.696,0,0.113,0.029,0,0.118,0.688,144.981,4
"1995","spotify:track:4WQJPsbGOdqe24mUVHa8xb","Now Or Never","High School Musical 3: Senior Year","High School Musical Cast;Disney","2008-01-01",270733,65,"false","n1427d12","2020-10-23T23:13:02Z","","Walt Disney Records",0.747,0.983,5,-3.883,0,0.181,0.112,0,0.706,0.553,114.993,4
"1996","spotify:track:6xzQyj2RwNB839HTJNFC75","Live While We're Young","Live While We're Young","One Direction","2012-09-28",198946,0,"false","n1427d12","2020-10-23T23:15:25Z","","Syco Music UK",0.66,0.839,2,-2.058,1,0.0546,0.0594,0,0.106,0.945,126.001,4
"1997","spotify:track:03D3VR7QiuLmDzVuYGwJYI","Girlfriend - Radio Edit","The Best Damn Thing","Avril Lavigne","2007",217440,0,"false","n1427d12","2020-10-23T23:17:12Z","","RCA Records Label",0.563,0.963,7,-2.454,1,0.102,0.000877,0.000275,0.279,0.663,163.993,4
"1998","spotify:track:3LUWWox8YYykohBbHUrrxd","We R Who We R","Cannibal (Expanded Edition)","Kesha","2010-11-19",204760,81,"false","n1427d12","2020-10-23T23:22:20Z","","RCA Records Label",0.736,0.817,8,-4.9,1,0.0407,0.00987,0.00167,0.117,0.653,119.95,4
"1999","spotify:track:1GCbc1vpkZA2zhjsSFhmHT","Fuck You","It's Not Me, It's You","Lily Allen","2009-01-26",219893,62,"true","n1427d12","2020-10-23T23:25:31Z","","Parlophone UK",0.775,0.904,1,-4.08,0,0.0437,0.0271,0.000303,0.06,0.84,130.009,4
"2000","spotify:track:4It00tEYLwpjQtAhqnjCPC","Beez In The Trap","Pink Friday ... Roman Reloaded (Deluxe)","Nicki Minaj;2 Chainz","2012-01-01",268493,68,"true","n1427d12","2020-10-23T23:33:14Z","southern hip hop,rap","Nicki Minaj/Cash Money",0.813,0.782,9,-6.005,1,0.218,0.0227,0.00165,0.0956,0.681,150.003,4
"2001","spotify:track:0RUGuh2uSNFJpGMSsD1F5C","It Will Rain","The Twilight Saga: Breaking Dawn - Part 1 (Original Motion Picture Soundtrack)","Bruno Mars","2011-11-04",257720,76,"false","n1427d12","2020-10-23T23:36:44Z","","Chop Shop/Atlantic",0.576,0.835,2,-6.826,1,0.0486,0.337,0,0.082,0.476,150.017,4
"2002","spotify:track:3vu8NXAryXrNG8ICj71Buq","Freak The Freak Out (feat. Victoria Justice)","Victorious: Music From The Hit TV Show (feat. Victoria Justice)","Victorious Cast;Victoria Justice","2011-08-01",234480,65,"false","n1427d12","2020-10-23T23:40:59Z","","Nickelodeon/Columbia",0.689,0.858,5,-3.185,1,0.061,0.00129,0,0.0988,0.51,140.022,4
"2003","spotify:track:5ilbsx6qkdgTZLptWIvXEV","Best Friend's Brother (feat. Victoria Justice)","Victorious: Music From The Hit TV Show (feat. Victoria Justice)","Victorious Cast;Victoria Justice","2011-08-01",218266,61,"false","n1427d12","2020-10-23T23:41:03Z","","Nickelodeon/Columbia",0.613,0.917,8,-4.754,1,0.0637,0.000398,9.69e-06,0.159,0.77,140.001,4
"2004","spotify:track:6qYGUxPjQt5PJtWdiNppZx","So What","Funhouse","P!nk","2008-10-24",215160,2,"true","n1427d12","2020-10-23T23:41:29Z","","LaFace Records",0.535,0.887,11,-3.106,1,0.0449,0.000304,2.23e-06,0.257,0.445,126.01,4
"2005","spotify:track:265zv3IDBskSIkvgPOSiGQ","2U (feat. Justin Bieber)","7","David Guetta;Justin Bieber","2018-09-14",194893,51,"false","n1427d12","2020-10-23T23:43:25Z","edm","Parlophone (France)",0.534,0.613,8,-7.41,0,0.0591,0.234,0,0.227,0.528,144.878,4
"2006","spotify:track:3xkxcbnc7G3XYuZt6eUnI5","Empire State Of Mind","The Hits Collection Volume One (Deluxe)","JAŸ-Z;Alicia Keys","2010-11-22",277106,55,"true","n1427d12","2020-10-23T23:45:39Z","hip hop,east coast hip hop,rap,r&b,neo soul","Roc Nation / Jay-Z",0.503,0.955,11,-1.533,1,0.381,0.0265,0,0.265,0.818,173.521,4
"2007","spotify:track:28AUzRo0nQLESL55WDV0um","DJ Got Us Fallin' In Love (feat. Pitbull)","Versus","USHER;Pitbull","2010-08-24",220800,52,"false","n1427d12","2020-10-23T23:46:02Z","r&b","LaFace Records",0.663,0.861,7,-3.398,0,0.109,0.0336,0,0.082,0.654,119.964,4
"2008","spotify:track:5OMwQFBcte0aWFJFqrr5oj","TiK ToK","Animal","Kesha","2010",199693,5,"false","n1427d12","2020-10-23T23:46:11Z","","RCA Records Label",0.755,0.832,2,-2.741,0,0.116,0.0746,1.27e-06,0.291,0.735,120.032,4
"2009","spotify:track:0TyOpxlWwDx98bjkIVHUgY","In My Head","Jason Derulo (Deluxe Audio)","Jason Derulo","2010-02-24",198960,62,"false","n1427d12","2020-10-23T23:46:42Z","","Beluga Heights/Warner Records",0.762,0.733,0,-4.175,0,0.0326,0.027,0,0.498,0.849,110.001,4
"2010","spotify:track:6nCDnzErqalOaIY3EJM8NK","Telephone","The Fame Monster (UK Deluxe)","Lady Gaga;Beyoncé","2009-01-01",220626,68,"false","n1427d12","2020-10-23T23:46:46Z","art pop,pop","Streamline/Interscope",0.825,0.832,5,-5.862,0,0.0403,0.00587,0.000733,0.114,0.713,122.021,4
"2011","spotify:track:3UN6cIn3VIyg0z1LCuFSum","Without You (feat. Usher)","Nothing but the Beat (Ultimate Edition)","David Guetta;USHER","2012-12-07",208133,80,"false","n1427d12","2020-10-23T23:47:00Z","edm,r&b","Parlophone (France)",0.608,0.614,2,-3.727,1,0.0285,0.227,4.06e-06,0.157,0.402,127.884,4
"2012","spotify:track:5wjmqUGN7vrAqFqDWrywlZ","Midnight Memories","Midnight Memories (Deluxe)","One Direction","2013-11-25",176314,69,"false","n1427d12","2020-10-23T23:47:36Z","","Syco Music",0.432,0.868,6,-2.01,0,0.0882,0.00725,0,0.233,0.567,156.128,4
"2013","spotify:track:3as6Wz3mwbTnusWhZjTUNr","You Belong With Me","Fearless Platinum Edition","Taylor Swift","2008-11-11",231146,52,"false","n1427d12","2020-10-23T23:47:51Z","","Taylor Swift",0.687,0.771,6,-4.424,1,0.0384,0.164,2.46e-05,0.112,0.445,129.964,4
"2014","spotify:track:0kN3oXYWWAk1uC0y2WoyOE","Love Story","Fearless Platinum Edition","Taylor Swift","2008-11-11",235280,52,"false","n1427d12","2020-10-23T23:47:56Z","","Taylor Swift",0.618,0.736,2,-3.937,1,0.0308,0.157,0,0.073,0.307,118.982,4
"2015","spotify:track:63rbP24OzfaQCJjsHWZXnY","Where Them Girls At (feat. Nicki Minaj & Flo Rida)","Nothing but the Beat 2.0","David Guetta;Flo Rida;Nicki Minaj","2011-08-24",210093,73,"true","n1427d12","2020-10-23T23:48:54Z","edm","Parlophone (France)",0.664,0.872,3,-3.117,1,0.0396,0.0306,0,0.228,0.555,129.873,4
"2016","spotify:track:1EzrEOXmMH3G43AXT1y7pA","I'm Yours","We Sing. We Dance. We Steal Things.","Jason Mraz","2008-05-01",242946,87,"false","n1427d12","2020-10-23T23:49:12Z","soft pop,acoustic pop","Atlantic Records/ATG",0.703,0.444,11,-9.331,1,0.0417,0.559,0,0.0973,0.712,150.96,4
"2017","spotify:track:5nNmj1cLH3r4aA4XDJ2bgY","September","The Eternal Dance","Earth, Wind & Fire","1992-09-08",214826,6,"false","n1427d12","2020-10-24T00:13:55Z","funk,disco","Legacy/Columbia",0.697,0.809,9,-8.197,1,0.0302,0.114,0.000521,0.183,0.98,125.941,4
"2018","spotify:track:1x80xTzSL7pok3M5JC3oJz","human","head or heart","Christina Perri","2014-03-27",250706,65,"false","n1427d12","2020-10-24T00:16:23Z","soft pop","Atlantic Records",0.439,0.489,8,-6.286,1,0.0368,0.132,0.000643,0.114,0.253,143.808,4
"2019","spotify:track:0tV8pOpiNsKqUys0ilUcXz","Rise Up","Cheers to the Fall","Andra Day","2015-08-28",253342,76,"false","n1427d12","2020-10-24T00:16:31Z","soft pop","Warner Records/Buskin",0.398,0.316,1,-7.031,1,0.0368,0.805,0,0.295,0.174,118.582,4
"2020","spotify:track:161DnLWsx1i3u1JT05lzqU","Talking to the Moon","Doo-Wops & Hooligans","Bruno Mars","2010-05-11",217866,87,"false","n1427d12","2020-10-24T00:16:47Z","","Atlantic Records",0.498,0.59,1,-4.721,0,0.032,0.511,0,0.107,0.0784,145.867,4
"2021","spotify:track:53QF56cjZA9RTuuMZDrSA6","I Won't Give Up","Love Is a Four Letter Word (Deluxe Edition)","Jason Mraz","2012-04-13",240165,73,"false","n1427d12","2020-10-24T00:17:44Z","soft pop,acoustic pop","Atlantic Records",0.483,0.303,4,-10.058,1,0.0429,0.694,0,0.115,0.139,133.406,3
"2022","spotify:track:2afCBiru10AFckfOa49wIa","You & I","Midnight Memories (Deluxe)","One Direction","2013-11-25",237932,81,"false","n1427d12","2020-10-24T00:17:58Z","","Syco Music",0.574,0.329,1,-6.829,1,0.0274,0.22,0,0.0986,0.356,130.993,4
"2023","spotify:track:3KZcrZ36LW9RnChK1iIkth","Send My Love (To Your New Lover)","25","Adele","2015-11-20",223078,1,"false","n1427d12","2020-10-24T00:18:48Z","soft pop","XL Recordings",0.688,0.532,6,-8.361,0,0.0875,0.0356,3.08e-06,0.172,0.565,164.068,4
"2024","spotify:track:2dPOobBArCJotBAs0ThXqL","California King Bed","Loud","Rihanna","2010-11-15",251600,53,"false","n1427d12","2020-10-24T00:19:14Z","","Def Jam Recordings",0.474,0.576,7,-3.979,1,0.0342,0.219,0,0.121,0.32,169.898,4
"2025","spotify:track:7kSLdGdXLey7pzLsWpdg1h","Little Things","Take Me Home: Yearbook Edition","One Direction","2012-11-09",219640,1,"false","n1427d12","2020-10-24T00:19:21Z","","Syco Music UK",0.707,0.222,7,-11.716,1,0.0329,0.788,0,0.205,0.556,110.095,4
"2026","spotify:track:6z5Yh7kOKeLjqIsNdokIpU","a thousand years","The Twilight Saga: Breaking Dawn - Part 1 (Original Motion Picture Soundtrack)","Christina Perri","2011-11-04",285120,69,"false","n1427d12","2020-10-24T00:19:39Z","soft pop","Chop Shop/Atlantic",0.421,0.407,10,-7.445,1,0.0267,0.309,0.000961,0.11,0.161,139.028,3
"2027","spotify:track:64GRDrL1efgXclrhVCeuA0","Lay Me Down","In The Lonely Hour (Drowning Shadows Edition)","Sam Smith;John Legend","2015-11-06",219535,1,"false","n1427d12","2020-10-24T00:19:47Z","soft pop,neo soul","Capitol",0.469,0.19,4,-11.138,1,0.0373,0.919,0,0.107,0.325,125.103,4
"2028","spotify:track:3jHCXrZNz8fQEEf4BpWCAj","Purpose","Purpose (Deluxe)","Justin Bieber","2015-11-13",210160,0,"false","n1427d12","2020-10-24T00:20:02Z","","Universal Music Group",0.481,0.285,0,-10.848,1,0.0424,0.9,0,0.123,0.316,130.029,4
"2029","spotify:track:1QNqrsNQ1JVLEwncov3lEY","True Love (feat. Lily Allen)","The Truth About Love","P!nk;Lily Allen","2012-09-18",230739,70,"true","n1427d12","2020-10-24T00:20:12Z","","RCA Records Label",0.449,0.825,9,-4.762,1,0.324,0.00146,0,0.108,0.575,192.241,4
"2030","spotify:track:45yEy5WJywhJ3sDI28ajTm","Here Comes The Sun - Remastered","Abbey Road (Remastered)","The Beatles","1969-09-26",185733,3,"false","n1427d12","2020-10-24T00:21:32Z","classic rock,psychedelic rock","EMI Catalogue",0.557,0.54,9,-10.484,1,0.0347,0.0339,0.00248,0.179,0.394,129.171,4
"2031","spotify:track:5S1yeuswEPofFOCkMFLNLc","Like A G6","Like a G6","Far East Movement;The Cataracs;DEV","2010-01-01",218346,0,"false","n1427d12","2020-10-26T19:46:59Z","","Universal Music Group",0.629,0.869,7,-7.013,0,0.314,0.00657,0,0.191,0.715,125.024,4
"2032","spotify:track:5gD1OfCiygqxjjOxiaEKUe","I Kissed A Girl","I Kissed A Girl","Katy Perry","2008-01-01",180946,46,"false","n1427d12","2020-10-27T01:13:21Z","pop","Capitol Records",0.681,0.754,9,-3.23,0,0.0942,0.00226,0,0.0713,0.754,129.978,4
"2033","spotify:track:2wdEXKLcuU7B0M2gqFmABH","Photograph","All the Right Reasons (Special Edition)","Nickelback","2005-09-26",258920,50,"false","n1427d12","2020-10-27T03:18:01Z","post-grunge,rock","Roadrunner Records",0.515,0.876,8,-3.756,1,0.0292,0.000932,0.000166,0.136,0.385,145.916,4
"2034","spotify:track:1Nme6K1PYAh7p7uygyuRdf","Battlefield","Battlefield","Jordin Sparks","2009-07-20",241920,58,"false","n1427d12","2020-10-28T04:15:24Z","","Jive",0.613,0.634,2,-3.472,1,0.0339,0.0178,0,0.0719,0.37,144.953,4
"2035","spotify:track:2MIqLCofYbazo7rXz5RErV","Cooler Than Me - Single Mix","Cooler Than Me","Mike Posner;Gigamesh","2010-04-05",214760,55,"false","n1427d12","2020-10-28T22:18:08Z","nu disco,french house","J Records",0.767,0.824,7,-4.558,0,0.0479,0.174,0,0.357,0.623,129.96,4
"2036","spotify:track:13P8deLk5rCTPLLR38AJI6","That Should Be Me","My Worlds (International Version)","Justin Bieber","2010-01-01",232733,0,"false","n1427d12","2020-10-28T22:28:35Z","","Universal Music Group",0.547,0.607,8,-5.737,1,0.0319,0.21,0,0.169,0.23,139.951,4
"2037","spotify:track:72C7aUQECOhNtnD0AC36ua","They Don't Know About Us","Take Me Home: Yearbook Edition","One Direction","2012-11-09",201693,1,"false","n1427d12","2020-11-02T03:01:31Z","","Syco Music UK",0.512,0.754,0,-6.031,1,0.0549,0.135,0,0.0881,0.336,147.89,4
"2038","spotify:track:0le79px2kIBXQDxUe8ZUGP","Poker Face","The Fame Monster (International Deluxe)","Lady Gaga","2009-01-01",237200,2,"false","n1427d12","2020-11-03T22:01:14Z","art pop,pop","Universal Music Group",0.851,0.806,4,-4.618,1,0.0788,0.12,1.39e-06,0.122,0.775,119.002,4
"2039","spotify:track:717TY4sfgKQm4kFbYQIzgo","Toxic","Greatest Hits: My Prerogative","Britney Spears","2007-12-18",198813,56,"false","n1427d12","2020-11-03T22:55:28Z","pop","Jive",0.774,0.847,5,-3.925,0,0.121,0.0279,0.0182,0.241,0.923,143.011,4
"2040","spotify:track:4bHsxqR3GMrXTxEPLuK5ue","Don't Stop Believin'","Escape (Bonus Track Version)","Journey","1981",250986,17,"false","n1427d12","2020-11-03T23:27:48Z","aor,classic rock","Columbia",0.5,0.748,4,-9.072,1,0.0363,0.127,0,0.447,0.514,118.852,4
"2041","spotify:track:6l8GvAyoUZwWDgF1e4822w","Bohemian Rhapsody","Stone Cold Classics","Queen","2006-01-01",355400,2,"false","n1427d12","2020-11-03T23:49:09Z","classic rock,rock,glam rock","Hollywood Records",0.397,0.386,0,-10.405,0,0.0503,0.271,0,0.188,0.21,144.242,4
"2042","spotify:track:3K01q0jtSNHeqx5gs97HH2","Push It to the Limit","Another Side","Corbin Bleu","2007-01-01",196960,55,"false","n1427d12","2020-11-04T00:18:35Z","","Hollywood Records",0.815,0.906,5,-3.194,0,0.0561,0.0116,2.06e-06,0.0691,0.783,125.974,4
"2043","spotify:track:7tqhbajSfrz2F7E1Z75ASX","Ain't No Mountain High Enough","United","Marvin Gaye;Tammi Terrell","1967-08-29",151666,88,"false","n1427d12","2020-11-04T04:09:37Z","motown,classic soul,soul,northern soul,quiet storm","UNI/MOTOWN",0.663,0.6,7,-10.87,1,0.032,0.43,0,0.184,0.797,129.987,4
"2044","spotify:track:1258tSoXDDa43uqT75r5N0","Because of You","Greatest Hits - Chapter One","Kelly Clarkson","2012-11-16",220373,51,"false","n1427d12","2020-11-06T16:49:43Z","christmas","RCA Records Label",0.583,0.58,5,-5.395,0,0.0319,0.243,0,0.198,0.119,139.82,4
"2045","spotify:track:6zQlRd6tvEVJm59P8PMj7o","TiK ToK","Pure... 2000s Party","Kesha","2014-08-29",199733,51,"false","n1427d12","2020-11-06T19:46:53Z","","Sony Music Entertainment",0.745,0.667,2,-6.782,0,0.122,0.0607,0,0.283,0.633,120.047,4
"2046","spotify:track:395C2pn0PdOYPzM4B1jLoO","Sex on Fire","Sex on Fire","Kings of Leon","2008-08-11",204586,2,"false","n1427d12","2020-11-08T04:32:14Z","","RCA Records Label",0.544,0.903,9,-5.651,1,0.0545,0.00166,0.00632,0.1,0.432,153.629,4
"2047","spotify:track:3JjnGLK8IxkNLvo8Lb3KOM","18","FOUR (Deluxe)","One Direction","2014-11-17",248357,79,"false","n1427d12","2020-12-10T18:46:09Z","","Syco Music",0.681,0.582,6,-7.76,0,0.0313,0.22,0,0.119,0.221,124.038,4
"2048","spotify:track:6KyZykoqUC2T245gi7qGRJ","According to You","According to You","Elise Lieberth","2011-09-28",185688,0,"false","n1427d12","2021-01-13T02:15:46Z","deep house","Loudmouth Music Ltd",0.669,0.428,6,-6.83,1,0.135,0.726,0,0.109,0.682,140.051,4
"2049","spotify:track:3YEmVyZ4TJVn5dO5bTTb9U","Any Kind of Guy","BTR","Big Time Rush","2011-04-18",220466,47,"false","n1427d12","2021-01-26T01:43:52Z","","Nickelodeon/Columbia",0.675,0.762,9,-3.729,0,0.0468,0.198,0,0.0771,0.702,111.978,4
"2050","spotify:track:69kOkLUCkxIZYexIgSG8rq","Get Lucky (feat. Pharrell Williams and Nile Rodgers)","Random Access Memories","Daft Punk;Pharrell Williams;Nile Rodgers","2013-05-20",369626,79,"false","n1427d12","2021-01-27T00:43:08Z","french house,electronic,electro","Columbia",0.81,0.793,6,-9.404,0,0.0403,0.0378,1.77e-06,0.072,0.863,116.05,4
"2051","spotify:track:0qcr5FMsEO85NAQjrlDRKo","Let It Go - From ""Frozen""/Soundtrack Version","Frozen (Original Motion Picture Soundtrack / Deluxe Edition)","Idina Menzel","2013-01-01",223840,80,"false","n1427d12","2021-01-27T01:24:09Z","musicals","Walt Disney Records",0.543,0.485,8,-6.79,1,0.0305,0.555,0,0.12,0.372,136.961,4
"2052","spotify:track:73zjTpeBAafn2rk3fT3o6S","Cups - Movie Version","Pitch Perfect Soundtrack","Anna Kendrick","2012-01-01",76946,0,"false","n1427d12","2021-01-27T01:33:09Z","children's music","Universal Music Group",0.919,0.343,7,-13.999,1,0.256,0.565,7.11e-05,0.0314,0.747,130.034,4
"2053","spotify:track:1T20tqHKrePjszGOdbFOEd","Take A Hint (feat. Victoria Justice & Elizabeth Gillies)","Victorious 2.0: More Music From The Hit TV Show (feat. Victoria Justice)","Victorious Cast;Victoria Justice;Elizabeth Gillies","2012-06-05",154000,64,"false","n1427d12","2021-01-27T03:41:05Z","musicals","Nickelodeon/Columbia",0.727,0.86,3,-2.712,1,0.0641,0.00443,0,0.0718,0.747,133.995,4
"2054","spotify:track:4dh34dyav8M5jCN3yidn8Z","Big Weenie","Encore (Deluxe Version)","Eminem","2004-11-12",266933,64,"true","n1427d12","2021-02-11T15:33:18Z","rap,hip hop","Eminem Catalog PS",0.622,0.539,1,-4.331,1,0.502,0.242,0,0.107,0.315,173.662,4
"2055","spotify:track:5BUq9bdtsm3LWw5laJeJ4R","Hopelessly Devoted To You - From “Grease”","Grease (The Original Motion Picture Soundtrack)","Olivia Newton-John","1978-04-04",185360,76,"false","n1427d12","2021-02-11T15:59:05Z","","UMC (Universal Music Catalogue)",0.59,0.338,11,-13.101,0,0.03,0.292,0.0131,0.121,0.322,110.581,3
"2056","spotify:track:3CeCwYWvdfXbZLXFhBrbnf","Love Story (Taylor’s Version)","Love Story (Taylor’s Version)","Taylor Swift","2021-02-12",235766,80,"false","n1427d12","2021-02-12T20:55:53Z","","Taylor Swift",0.626,0.79,2,-4.302,1,0.0311,0.135,3.97e-06,0.0989,0.416,119.082,4
"2057","spotify:track:6PCUP3dWmTjcTtXY02oFdT","Castle on the Hill","÷ (Deluxe)","Ed Sheeran","2017-03-03",261153,83,"false","n1427d12","2021-02-28T23:32:49Z","soft pop","Atlantic Records UK",0.461,0.834,2,-4.868,1,0.0989,0.0232,1.14e-05,0.14,0.471,135.007,4
"2058","spotify:track:5E3P9e1hvjyIOlFyqNB5eD","Rich Girl","The Essential Daryl Hall & John Oates","Daryl Hall & John Oates","2005-04-25",144333,67,"false","n1427d12","2021-03-10T18:23:29Z","yacht rock,soft rock","Legacy Recordings",0.598,0.643,5,-6.303,1,0.134,0.5,0,0.0435,0.823,167.971,4
"2059","spotify:track:0ofHAoxe9vBkTCp2UQIavz","Dreams - 2004 Remaster","Rumours (Super Deluxe)","Fleetwood Mac","1977-02-04",257800,93,"false","n1427d12","2021-03-10T18:29:21Z","yacht rock,classic rock,soft rock","Rhino/Warner Records",0.828,0.492,0,-9.744,1,0.0276,0.0644,0.00428,0.128,0.789,120.151,4
"2060","spotify:track:6J2rMSRhgb4HuX6dWgM3nJ","I Melt with You","After the Snow","Modern English","1982-01-25",251573,65,"false","n1427d12","2021-03-10T18:34:24Z","new wave,synthpop","Blixa Sounds",0.541,0.81,0,-11.745,1,0.0367,0.000975,0.00158,0.0681,0.647,155.582,4
"2061","spotify:track:6iX1f3r7oUJnMbGgQ2gx1j","867-5309 / Jenny","Tommy Tutone - 2","Tommy Tutone","1981-12-04",226200,70,"false","n1427d12","2021-03-10T18:46:03Z","","Columbia",0.584,0.708,5,-10.039,1,0.0593,0.0264,0.00364,0.112,0.564,137.657,4
"2062","spotify:track:3INsYP1Y8GG4qJvBsKCdXC","Don't Stop Me Now - ...Revisited","Bohemian Rhapsody (The Original Soundtrack)","Queen","2018-10-19",217824,43,"false","n1427d12","2021-04-01T21:39:42Z","classic rock,rock,glam rock","EMI",0.465,0.917,5,-6.335,1,0.237,0.0152,0.0187,0.286,0.403,155.02,4
"2063","spotify:track:2BY7ALEWdloFHgQZG6VMLA","Brandy (You're a Fine Girl)","Looking Glass","Looking Glass","1972",189044,80,"false","n1427d12","2021-04-06T23:42:24Z","yacht rock","Epic/Legacy",0.716,0.625,1,-11.369,0,0.0601,0.396,1.97e-05,0.134,0.826,125.276,4
"2064","spotify:track:0x335qdLBS6o30hYdc8h2I","Beez In The Trap","Pink Friday ... Roman Reloaded","Nicki Minaj;2 Chainz","2011-01-01",268480,59,"true","n1427d12","2021-04-27T03:03:11Z","southern hip hop,rap","Nicki Minaj/Cash Money",0.813,0.782,9,-6.005,1,0.218,0.0227,0.00165,0.0956,0.681,150.003,4
"2065","spotify:track:1MhXdlCQPnO56T57MfmaRm","Ghost Of You","Youngblood (Deluxe)","5 Seconds of Summer","2018-06-15",197411,74,"false","n1427d12","2021-05-10T16:23:20Z","","Capitol",0.459,0.561,10,-4.819,1,0.0269,0.0965,0,0.156,0.206,149.876,3
"2066","spotify:track:1msEuwSBneBKpVCZQcFTsU","Forever & Always (Taylor’s Version)","Fearless (Taylor's Version)","Taylor Swift","2021-04-09",225328,66,"false","n1427d12","2021-06-03T04:03:50Z","","Taylor Swift",0.598,0.821,10,-4.433,1,0.0447,0.0231,0,0.143,0.673,128.03,4
"2067","spotify:track:1BxfuPKGuaTgP7aM0Bbdwr","Cruel Summer","Lover","Taylor Swift","2019-08-23",178426,90,"false","n1427d12","2021-06-03T04:13:39Z","","Taylor Swift",0.552,0.702,9,-5.707,1,0.157,0.117,2.06e-05,0.105,0.564,169.994,4
"2068","spotify:track:2ISUiwj8xXqHeUFcen0AIU","Grow A Pear","Cannibal (Expanded Edition)","Kesha","2010-11-19",208866,66,"false","n1427d12","2021-06-04T03:57:14Z","","RCA Records Label",0.863,0.667,0,-3.891,1,0.0508,0.0154,0.000341,0.125,0.892,120.011,4
"2069","spotify:track:25zXRQGuwYZdIp88fVZOPC","Wasting All These Tears","Frame By Frame","Cassadee Pope","2013-01-01",215640,61,"false","n1427d12","2021-06-07T04:44:34Z","","Big Machine Label Group",0.465,0.772,5,-3.932,0,0.0378,0.0959,1.04e-05,0.167,0.257,155.83,4
"2070","spotify:track:0Jtp6dLT78aWIdnoteCSxv","Smoky Mountain Rain","Greatest Hits","Ronnie Milsap","1989-07-03",224933,0,"false","n1427d12","2021-07-05T22:10:37Z","classic country,country,traditional country","RCA Records Label Nashville",0.57,0.415,7,-15.077,1,0.0305,0.0644,8.69e-05,0.067,0.524,141.019,4
"2071","spotify:track:2SpEHTbUuebeLkgs9QB7Ue","Jolene","Jolene","Dolly Parton","1974-02-04",163275,82,"false","n1427d12","2021-08-09T03:41:08Z","country,classic country","RLG/Legacy",0.674,0.537,1,-10.971,0,0.0363,0.566,0,0.131,0.809,110.578,4
"2072","spotify:track:11LmqTE2naFULdEP94AUBa","Heart-Shaped Box","In Utero (Deluxe Edition)","Nirvana","1993-09-21",281160,85,"false","n1427d12","2021-08-09T17:52:23Z","grunge,rock","Geffen",0.256,0.641,1,-10.283,1,0.0552,0.199,0.0329,0.0853,0.382,203.006,4
"2073","spotify:track:1qPbGZqppFwLwcBC1JQ6Vr","Wonderwall","(What's The Story) Morning Glory?","Oasis","1995-10-02",258906,85,"false","n1427d12","2021-09-18T19:56:06Z","britpop","Big Brother Recordings Ltd",0.41,0.854,2,-5.609,1,0.0366,0.00236,0,0.133,0.456,174.584,4
"2074","spotify:track:4nAp10uhDMTEP7CcklDyVn","Fearless - From ""Girl vs. Monster""","Make Your Mark: Ultimate Playlist","Olivia Holt","2012-10-16",155853,50,"false","n1427d12","2021-10-04T01:58:02Z","","Walt Disney Records",0.674,0.939,1,-3.565,1,0.0446,0.00635,0,0.0624,0.614,126.909,4
"2075","spotify:track:2eLxEzMVfiQih0cJIWIowm","Nightingale","Demi","Demi Lovato","2013-01-01",216400,51,"false","n1427d12","2021-10-07T00:04:43Z","","Hollywood Records",0.486,0.605,9,-5.574,1,0.0365,0.139,0,0.105,0.33,141.319,4
"2076","spotify:track:3cCPT7eJhpYXXlH2pbWhfP","Hometown Glory","19","Adele","2008-11-17",271226,65,"true","n1427d12","2021-10-23T02:47:06Z","soft pop","XL Recordings",0.436,0.336,10,-8.517,0,0.037,0.962,3.4e-05,0.102,0.21,122.456,4
"2077","spotify:track:0X1FYVkgy7Tfw79cY3C7lx","Turning Tables","21","Adele","2011-01-19",250000,1,"false","n1427d12","2021-10-23T03:17:16Z","soft pop","XL Recordings",0.361,0.446,0,-6.044,0,0.0281,0.95,1.32e-05,0.132,0.212,155.542,4
"2078","spotify:track:0QkWikH5Z3U0f79T9iuF6c","Judas","Born This Way","Lady Gaga","2011-01-01",249066,78,"false","n1427d12","2022-03-27T19:38:04Z","art pop,pop","Interscope",0.661,0.937,10,-3.83,0,0.0744,0.000967,1.58e-05,0.355,0.535,130.999,4
"2079","spotify:track:2Sh4sAOfnSHEVKFyysxzat","Can't Remember to Forget You (feat. Rihanna)","Shakira. (Expanded Edition)","Shakira;Rihanna","2014-03-14",206866,2,"false","n1427d12","2022-03-29T17:26:03Z","latin pop","RCA/Sony Latin Iberia",0.694,0.81,11,-3.556,0,0.0661,0.122,0,0.141,0.824,137.968,4
"2080","spotify:track:3UQmoVQJqBYauTZLVPs3uo","Luxurious","Love. Angel. Music. Baby. (Deluxe Version)","Gwen Stefani","2004-11-12",264920,78,"false","n1427d12","2022-03-29T17:40:56Z","","Interscope",0.811,0.726,0,-3.995,1,0.0813,0.154,0,0.116,0.665,131.025,4
"2081","spotify:track:4xGcrf91kiTJkgWrApXa1K","Bubble Pop Electric","Love. Angel. Music. Baby.","Gwen Stefani;Johnny Vulture","2004-11-12",222360,53,"false","n1427d12","2022-04-04T02:12:32Z","","Interscope",0.567,0.976,1,-3.866,1,0.263,0.00052,0.00265,0.114,0.349,193.973,4
"2082","spotify:track:6DEMMeWXfmFAXgDUMMzeg6","All I Ask","25","Adele","2015-11-20",271800,77,"false","n1427d12","2022-05-20T19:11:33Z","soft pop","XL Recordings",0.591,0.28,4,-5.494,1,0.0283,0.889,0,0.124,0.348,141.916,4
"2083","spotify:track:4LWIp8HAFxpfg37mnxHqCS","Never Be Alone","Handwritten","Shawn Mendes","2015-04-14",215813,66,"false","n1427d12","2022-05-22T15:44:06Z","","Island Records",0.377,0.466,10,-6.927,1,0.0353,0.514,5.63e-05,0.0781,0.276,199.853,4
"2084","spotify:track:3HQcsqRjRdruUjkbDSgmVF","Woo","ANTI (Deluxe)","Rihanna","2016-01-28",235586,77,"true","n1427d12","2022-06-14T15:41:56Z","","Roc Nation / Rihanna",0.42,0.466,9,-5.298,1,0.0326,0.054,0.00389,0.298,0.185,115.004,4
"2085","spotify:track:3P4Lsg2MNqG8XLXZJUo4GT","Sway - Sped Up Version","Sway (Sped Up Version)","Michael Bublé","2022-05-13",147135,0,"false","n1427d12","2022-06-14T15:43:47Z","christmas","Reprise",0.608,0.671,2,-5.643,1,0.0422,0.73,1.88e-06,0.0849,0.872,161.768,4
"2086","spotify:track:7rWgGyRK7RAqAAXy4bLft9","Angeleyes","Voulez-Vous","ABBA","1979",260893,75,"false","n1427d12","2022-06-14T15:44:22Z","","Polar Music International AB",0.719,0.922,11,-6.091,1,0.0338,0.523,0.000163,0.0867,0.964,133.113,4
"2087","spotify:track:3iWOZkQNDekZQqkiJqqeGy","Say It Right - Sped Up Remix","Say It Right (Sped Up Remix)","Nelly Furtado;Speed Radio","2022-03-25",194160,56,"false","n1427d12","2022-06-15T00:23:58Z","","Mosley / Geffen",0.849,0.941,8,-6.448,1,0.223,0.0269,0.00717,0.0596,0.765,134.479,4
"2088","spotify:track:6SjbzGo7arjfM5cXpXhc5B","Should I Stay or Should I Go - Remastered","Stranger Things (Soundtrack from the Netflix Original Series)","The Clash","2017-10-27",186093,62,"false","n1427d12","2022-06-29T20:07:34Z","punk","Legacy Recordings",0.74,0.848,2,-6.437,1,0.144,0.0781,0,0.375,0.802,113.381,4
"2089","spotify:track:1qoRqpfQdPf0SftHDo7w4o","Like a Boy","The Evolution","Ciara","2006",237053,63,"false","n1427d12","2022-12-04T19:17:38Z","","LaFace Records",0.701,0.724,0,-5.751,0,0.145,0.267,0,0.0867,0.425,132.035,4
"2090","spotify:track:20QRXRV7wUFOIgBQCGnUy3","Scream","High School Musical 3: Senior Year","High School Musical Cast;Zac Efron;Disney","2008-01-01",236400,64,"false","n1427d12","2023-01-05T14:43:18Z","musicals","Walt Disney Records",0.632,0.843,3,-4.374,0,0.0429,0.0603,0,0.0662,0.542,110.983,4
"2091","spotify:track:1REVvAphiSTJyKQ1fDpHa4","Purple Hearts","Mr. Morale & The Big Steppers","Kendrick Lamar;Summer Walker;Ghostface Killah","2022-05-13",329295,62,"true","n1427d12","2023-02-03T20:55:24Z","hip hop,west coast hip hop,r&b,east coast hip hop,hardcore hip hop,old school hip hop","pgLang/Top Dawg Entertainment/Aftermath/Interscope Records",0.567,0.824,3,-6.973,0,0.296,0.167,2.65e-06,0.149,0.737,138.202,4
"2092","spotify:track:4YYHgF9dWyVSor0GtrBzdf","Te Amo","Rated R","Rihanna","2009-11-20",208426,75,"true","n1427d12","2023-02-06T05:38:12Z","","Def Jam Recordings",0.567,0.707,8,-5.455,0,0.0819,0.542,0.000177,0.1,0.751,171.918,4
"2093","spotify:track:4JaLkM90MJutDAl5jD9BZX","No Control","FOUR (Deluxe)","One Direction","2014-11-17",199724,73,"false","n1427d12","2023-03-26T16:53:40Z","","Syco Music",0.558,0.916,1,-3.145,0,0.0839,0.0278,0,0.0296,0.85,142.984,4
"2094","spotify:track:6zg7B8W7Tu9nO3SLgYhqNO","Teenage Dream","Teenage Dream - Remix EP","Katy Perry","2010-01-01",234920,57,"false","n1427d12","2023-03-31T17:17:44Z","pop","Capitol Records",0.659,0.916,7,-1.446,0,0.0967,0.281,0,0.101,0.809,128.002,4
"2095","spotify:track:0i5el041vd6nxrGEU8QRxy","Cruise","Here's To The Good Times","Florida Georgia Line","2012-01-01",208960,76,"false","n1427d12","2023-07-05T17:27:28Z","country,pop country,acoustic country","BMX",0.457,0.948,10,-3.364,1,0.0354,0.0191,0,0.0536,0.878,148.001,4
"2096","spotify:track:4GF00uRxC4ECrxNEbnapqf","Rock Me","Take Me Home (Expanded Edition)","One Direction","2012-11-12",200266,67,"false","n1427d12","2023-08-02T21:59:31Z","","Syco Music",0.506,0.909,8,-3.629,1,0.0528,0.0261,0,0.155,0.814,168.021,4
"2097","spotify:track:2Xb6wJYGi0QXwURw5WWvI5","Right Down the Line","City to City","Gerry Rafferty","1978",267773,81,"false","n1427d12","2023-09-27T18:05:02Z","yacht rock","Parlophone UK",0.783,0.322,0,-15.091,1,0.0343,0.213,0.00243,0.114,0.77,128.226,4
"2098","spotify:track:1B5VzXPqMlvRw0U4HJY3dJ","I Wish You Would","1989 (Deluxe Edition)","Taylor Swift","2014-10-27",207440,54,"false","n1427d12","2023-10-21T18:31:47Z","","Taylor Swift",0.653,0.893,0,-5.966,1,0.0538,0.0158,4.95e-05,0.102,0.513,118.035,4
"2099","spotify:track:0X5C4WjQNubRysTkHOubz3","Lovesong - 2010 Remaster","Disintegration (Deluxe Edition)","The Cure","1989-05-02",209573,71,"false","n1427d12","2023-10-25T12:09:21Z","new wave,post-punk,gothic rock,darkwave","Rhino/Elektra",0.611,0.813,9,-7.689,0,0.0279,0.339,0.898,0.224,0.821,140.112,4
"2100","spotify:track:5qqabIl2vWzo9ApSC317sa","Wonderwall - Remastered","(What's The Story) Morning Glory? [Remastered]","Oasis","1995-10-02",258773,88,"false","n1427d12","2023-11-09T01:24:19Z","britpop","Big Brother",0.376,0.896,2,-4.065,1,0.0395,0.000452,0,0.194,0.472,174.379,4
"2101","spotify:track:5EWPGh7jbTNO2wakv8LjUI","Free Bird","Pronounced' Leh-'Nerd 'Skin-'Nerd","Lynyrd Skynyrd","1973-01-01",547106,84,"false","n1427d12","2023-11-26T17:09:35Z","southern rock,classic rock,rock","Geffen*",0.249,0.834,0,-8.21,1,0.0574,0.0742,9.69e-05,0.0924,0.337,118.222,4
"2102","spotify:track:4TIJ7zSBNejpoIPaWpWRKc","Rebel Yell","Rebel Yell","Billy Idol","1983-11-01",288533,82,"false","n1427d12","2024-01-14T16:54:15Z","","CAPITOL CATALOG MKT (C92)",0.531,0.864,4,-4.948,0,0.0611,0.000753,0.00046,0.354,0.485,166.312,4
"2103","spotify:track:3wUMcPzXcmaeW8QxTdyXQO","Pretty Girls Make Graves - 2011 Remaster","The Smiths","The Smiths","1984-02-20",223253,74,"false","n1427d12","2024-01-14T18:53:07Z","new wave,jangle pop","WM UK",0.614,0.663,6,-9.059,0,0.0265,0.00543,5.3e-06,0.199,0.778,116.217,4
"2104","spotify:track:1JSTJqkT5qHq8MDJnJbRE1","Every Breath You Take","Synchronicity (Remastered 2003)","The Police","1983-06-17",253920,94,"false","n1427d12","2024-01-14T19:10:32Z","","Polydor Records",0.82,0.452,1,-9.796,1,0.0348,0.543,0.00294,0.0714,0.74,117.401,4
"2105","spotify:track:5WI2ltQIdwgzf1SNE76JyR","Never Be Like You (feat. Kai)","Skin","Flume;kai","2016-05-27",234909,4,"true","n1427d12","2024-01-17T18:37:28Z","future bass","Mom+Pop",0.444,0.557,0,-5.476,1,0.0602,0.453,0,0.152,0.296,115.058,4
"2106","spotify:track:0dBW6ZsW8skfvoRfgeerBF","Mine","Speak Now","Taylor Swift","2010-10-25",230706,61,"false","n1427d12","2024-02-05T15:54:36Z","","Taylor Swift",0.624,0.757,7,-2.94,1,0.0296,0.00265,1.87e-06,0.189,0.658,121.07,4
"2107","spotify:track:3xdjjKMcMOFgo1eQrfbogM","Wagon Wheel","True Believers","Darius Rucker","2013-01-01",298373,85,"false","n1427d12","2024-03-09T02:22:05Z","country","Capitol Records Nashville",0.535,0.66,9,-7.174,1,0.0297,0.455,0,0.135,0.577,148.044,4
"2108","spotify:track:5fdhThPDe6jQQDqCyWrdAn","Jolene","Jolene (Expanded Edition)","Dolly Parton","1974",161533,85,"false","n1427d12","2024-03-09T02:24:10Z","country,classic country","RLG/Legacy",0.674,0.537,1,-10.971,0,0.0363,0.566,0,0.131,0.809,110.578,4
"2109","spotify:track:0vFMQi8ZnOM2y8cuReZTZ2","Blown Away","Blown Away","Carrie Underwood","2012-05-01",240141,66,"false","n1427d12","2024-03-09T02:24:36Z","country","19 Recordings Limited / Arista Nashville",0.531,0.843,9,-2.569,0,0.0429,0.0909,0,0.0283,0.392,136.991,4
"2110","spotify:track:1soxUgYIZb1qx1c7o1Lc7z","Drunk On A Plane","RISER","Dierks Bentley","2014-01-01",254466,74,"false","n1427d12","2024-03-09T02:25:35Z","country","Capitol Records Nashville",0.423,0.73,9,-5.566,1,0.032,0.00495,1.13e-05,0.238,0.66,205.972,4
"2111","spotify:track:4wFUdSCer8bdQsrp1M90sa","Highway Don't Care","Two Lanes Of Freedom","Tim McGraw;Taylor Swift;Keith Urban","2013-01-01",276880,67,"false","n1427d12","2024-03-09T02:32:29Z","country,classic country","Big Machine Records, LLC",0.47,0.79,2,-5.352,1,0.039,0.0216,0,0.0863,0.495,158.061,4
"2112","spotify:track:3lSDIJ2abCrOdDJ6pshUap","Close","Last Year Was Complicated","Nick Jonas;Tove Lo","2016-06-10",234213,72,"false","n1427d12","2024-03-09T02:33:24Z","","Safehouse Records / Island Records",0.654,0.623,6,-5.273,0,0.082,0.253,0,0.144,0.401,123.996,4
"2113","spotify:track:6fvxos1qSHrIgOkKw4dhWS","Waking Up In Vegas","One Of The Boys","Katy Perry","2008-06-17",199186,63,"false","n1427d12","2024-03-09T02:35:37Z","pop","Capitol Records",0.524,0.878,5,-3.108,0,0.0346,0.0012,0,0.098,0.589,130.985,4
"2114","spotify:track:3rKCDtV8UcF0RytSiXxypc","Get Up (feat. Chamillionaire)","The Evolution","Ciara;Chamillionaire","2006",261880,70,"false","n1427d12","2024-03-09T02:40:11Z","southern hip hop","LaFace Records",0.964,0.595,1,-6.887,0,0.109,0.0248,5.14e-06,0.0405,0.629,128.593,4
"2115","spotify:track:4IRHwIZHzlHT1FQpRa5RdE","Goodbye Yellow Brick Road - Remastered 2014","Goodbye Yellow Brick Road (Remastered)","Elton John","1973-10-05",192826,80,"false","n1427d12","2024-03-09T02:51:21Z","","UMC (Universal Music Catalogue)",0.559,0.473,5,-7.712,1,0.0279,0.446,0.00141,0.154,0.397,121.227,4
"2116","spotify:track:360ZhWvMnyXKYFG9Mqsm89","Evacuate The Dancefloor - Radio Edit","Evacuate The Dancefloor","Cascada","2009",205884,71,"false","n1427d12","2024-03-09T02:57:47Z","europop,eurodance,nightcore","Zoo Digital",0.76,0.696,0,-5.811,1,0.0491,0.0195,0,0.278,0.903,127.029,4
"2117","spotify:track:3nMb7ToWIxYvmaIG20z6ux","Tonight (I'm Fuckin' You)","Euphoria","Enrique Iglesias;Ludacris;DJ Frank E","2010",232213,71,"true","n1427d12","2024-03-09T02:59:09Z","latin pop,latin,southern hip hop","Universal Music Group International",0.648,0.89,0,-3.982,0,0.0523,0.0294,3.58e-06,0.116,0.321,125.953,4
"2118","spotify:track:2r6DdaSbkbwoPzuK6NjLPn","Can't Be Tamed","Can't Be Tamed","Miley Cyrus","2010-06-18",168213,68,"false","n1427d12","2024-03-09T02:59:20Z","","Hollywood Records",0.63,0.91,11,-2.919,0,0.144,0.0287,0,0.196,0.743,116.98,4
"2119","spotify:track:58FUwmyGUqkt53YPUcm7cJ","Knock You Down","In A Perfect World...","Keri Hilson;Kanye West;Ne-Yo","2009-01-01",326186,72,"true","n1427d12","2024-03-09T03:01:18Z","rap","Mosley / Interscope",0.588,0.877,8,-4.78,1,0.16,0.00952,0,0.171,0.645,155.165,4
"2120","spotify:track:6Fe3Flc9SjE03pqwD6PVQl","Amber","From Chaos","311","2001-06-19",206973,76,"false","n1427d12","2024-03-09T03:01:34Z","reggae rock,funk rock,rap rock","Volcano",0.663,0.697,0,-9.442,1,0.0473,0.156,0.0224,0.0663,0.744,166.001,4
"2121","spotify:track:0LQtEJt7x0s6knb6RKdRYc","Chicken Fried","The Foundation","Zac Brown Band","2008-11-17",238146,84,"false","n1427d12","2024-03-09T03:02:19Z","country,acoustic country","Home Grown Music",0.566,0.713,6,-4.25,1,0.0418,0.645,0,0.114,0.805,169.861,4
"2122","spotify:track:2MLHyLy5z5l5YRp7momlgw","Island In The Sun","Weezer","Weezer","2001-05-15",200306,86,"false","n1427d12","2024-03-09T03:02:32Z","alternative rock","Geffen",0.654,0.81,4,-6.26,0,0.0288,0.00719,0.00251,0.165,0.661,114.622,4
"2123","spotify:track:0QRhtV1MwywpkLTvCdMaWq","Lady Killers II (Christoph Andersson Remix)","Lady Killers II (Christoph Andersson Remix)","G-Eazy;Christoph Andersson","2024-03-17",297794,21,"true","n1427d12","2024-03-25T20:11:46Z","nu disco,french house","G-Eazy LLC",0.673,0.567,7,-10.334,0,0.0322,0.0344,0.00506,0.151,0.497,136.005,4
"2124","spotify:track:4zTnEW54zezqmWyeGibRGV","Turn Me On - Extended","Turn Me On (feat. Nicki Minaj) [Remixes]","David Guetta","2012-01-27",277616,50,"false","n1427d12","2024-04-13T00:48:47Z","edm","Parlophone (France)",0.787,0.887,8,-1.868,1,0.0845,0.00622,0.000687,0.168,0.604,127.977,4
"2125","spotify:track:3dmqIB2Qxe2XZobw9gXxJ6","Mary Jane's Last Dance","Greatest Hits","Tom Petty and the Heartbreakers","2008-05-20",273600,82,"false","n1427d12","2024-05-28T00:53:44Z","classic rock","Geffen",0.464,0.654,7,-9.058,0,0.0608,0.0276,1.34e-06,0.328,0.53,169.512,4
"2126","spotify:track:5QLHGv0DfpeXLNFo7SFEy1","1979 - Remastered 2012","Mellon Collie And The Infinite Sadness (Deluxe Edition)","The Smashing Pumpkins","1995",266200,84,"false","n1427d12","2024-05-28T00:57:30Z","alternative rock,rock","Virgin Records",0.767,0.787,3,-9.897,1,0.0331,0.0163,0.583,0.0513,0.964,126.879,4
"2127","spotify:track:1oYYd2gnWZYrt89EBXdFiO","Message In A Bottle","Reggatta De Blanc (Remastered 2003)","The Police","1979-10-02",290280,82,"false","n1427d12","2024-05-28T00:58:00Z","","Polydor Records",0.577,0.808,1,-7.04,0,0.039,0.0338,1.33e-05,0.221,0.869,151.008,4
"2128","spotify:track:7L3b6iaVhDVjfo52Hbvh9Z","Edge of Seventeen - 2016 Remaster","Bella Donna (2016 Remastered)","Stevie Nicks","1981-07-27",329413,82,"false","n1427d12","2024-05-28T00:58:16Z","","Rhino Atlantic",0.591,0.804,0,-7.299,1,0.0454,0.327,5.98e-06,0.0818,0.658,111.457,4
"2129","spotify:track:0nnwn7LWHCAu09jfuH1xTA","Slide","Dizzy up the Girl","The Goo Goo Dolls","1998",212066,79,"false","n1427d12","2024-05-28T00:58:45Z","","Warner Records",0.395,0.843,8,-4.476,1,0.0374,0.00483,0,0.0404,0.481,112.423,4
"2130","spotify:track:7MRyJPksH3G2cXHN8UKYzP","American Girl","Tom Petty & The Heartbreakers","Tom Petty and the Heartbreakers","1976-11-09",214733,9,"false","n1427d12","2024-05-28T00:58:59Z","classic rock","Rhino/Warner Records",0.55,0.824,2,-5.988,1,0.0334,0.448,0.000127,0.366,0.777,114.512,4
"2131","spotify:track:5ihS6UUlyQAfmp48eSkxuQ","Landslide","Fleetwood Mac","Fleetwood Mac","1975-07-11",199493,88,"false","n1427d12","2024-05-28T00:59:13Z","yacht rock,classic rock,soft rock","Warner Records",0.414,0.161,7,-22.32,0,0.0318,0.883,0.000223,0.117,0.423,159.375,4
"2132","spotify:track:2EqlS6tkEnglzr7tkKAAYD","Come Together - Remastered 2009","Abbey Road (Remastered)","The Beatles","1969-09-26",259946,82,"false","n1427d12","2024-05-28T00:59:46Z","classic rock,psychedelic rock","EMI Catalogue",0.53,0.376,9,-11.913,0,0.04,0.0304,0.247,0.0926,0.188,164.775,4
"2133","spotify:track:19Ym5Sg0YyOCa6ao21bdoG","Gypsy","Greatest Hits","Fleetwood Mac","1988-11-22",264906,82,"false","n1427d12","2024-05-28T01:00:02Z","yacht rock,classic rock,soft rock","Warner Records",0.622,0.54,5,-13.99,1,0.0261,0.017,0.00771,0.265,0.847,130.879,4
"2134","spotify:track:6VoIBz0VhCyz7OdEoRYDiA","Say It Ain't So - Original Mix","Weezer","Weezer","1994-05-10",258826,81,"false","n1427d12","2024-05-28T01:00:29Z","alternative rock","DGC",0.634,0.551,3,-7.136,1,0.0352,0.00737,1.82e-05,0.07,0.453,151.779,4
"2135","spotify:track:07GvNcU1WdyZJq3XxP0kZa","Go Your Own Way - 2004 Remaster","Rumours","Fleetwood Mac","1977-02-04",223613,85,"false","n1427d12","2024-05-28T01:00:57Z","yacht rock,classic rock,soft rock","Rhino/Warner Records",0.583,0.947,5,-5.12,1,0.0378,0.0185,0.00109,0.0679,0.803,135.448,4
"2136","spotify:track:0q21FNwES2bbtcduB6kjEU","Dancing in the Moonlight","Dancing in the Moonlight","King Harvest","1973-01-01",181133,79,"false","n1427d12","2024-05-28T01:01:34Z","","Darbo Music LLC",0.657,0.435,10,-15.707,1,0.0552,0.739,0,0.167,0.771,135.975,4
"2137","spotify:track:1ju7EsSGvRybSNEsRvc7qY","Simple Man","Pronounced' Leh-'Nerd 'Skin-'Nerd","Lynyrd Skynyrd","1973-01-01",356626,84,"false","n1427d12","2024-05-28T01:02:42Z","southern rock,classic rock,rock","Geffen*",0.422,0.752,6,-8.682,1,0.0449,0.0366,0.000119,0.129,0.404,120.47,4
"2138","spotify:track:7b4yGtR0rujvLi5EBfKKJ2","Take Me Home Tonight","Can't Hold Back","Eddie Money","1986-10-15",211160,78,"false","n1427d12","2024-05-28T01:04:50Z","classic rock","Columbia",0.608,0.768,1,-9.911,1,0.0364,0.101,1.41e-06,0.0942,0.748,132.699,4
"2139","spotify:track:5UwbnHhjnbinJH8TefuQfN","Long Cool Woman (In a Black Dress) - 1999 Remaster","Distant Light (1999 Remaster)","The Hollies","1971-10-08",199200,6,"false","n1427d12","2024-05-28T01:05:10Z","","BMG Rights Management (US) LLC",0.757,0.868,9,-9.326,1,0.062,0.411,0.00221,0.355,0.815,138.923,4
"2140","spotify:track:4u26EevCNXMhlvE1xFBJwX","If I Die Young","The Band Perry","The Band Perry","2010-01-01",222773,71,"false","n1427d12","2024-06-06T03:15:36Z","country","Big Machine Label Group, LLC",0.606,0.497,4,-6.611,1,0.0277,0.348,0,0.275,0.362,130.739,4
"2141","spotify:track:2dRPQFwPqAmc42mDRnsDQu","All-American Girl","Carnival Ride","Carrie Underwood","2007-10-23",213253,65,"false","n1427d12","2024-06-06T03:20:58Z","country","Arista",0.624,0.805,9,-2.632,1,0.029,0.0466,0,0.328,0.77,123.991,4
"2142","spotify:track:1EAgPzRbK9YmdOESSMUm6P","Home","The World From The Side Of The Moon","Phillip Phillips","2012-01-01",210173,74,"false","n1427d12","2024-06-06T03:23:01Z","folk pop","19 Recordings/Interscope",0.606,0.826,0,-6.04,1,0.0307,0.0256,1.57e-05,0.117,0.332,121.036,4
"2143","spotify:track:4ewAfHYpDTzpW1GKO44CVP","Long Live","Speak Now","Taylor Swift","2010-10-25",317960,55,"false","n1427d12","2024-06-26T15:31:46Z","","Taylor Swift",0.412,0.682,7,-4.319,1,0.0339,0.0426,7.47e-05,0.106,0.146,203.959,4
"2144","spotify:track:7J1uxwnxfQLu4APicE5Rnj","Billie Jean","Thriller","Michael Jackson","1982-11-30",293802,95,"false","n1427d12","2024-06-26T17:45:11Z","","Epic",0.932,0.457,11,-9.62,0,0.0541,0.0173,0.0436,0.0414,0.884,117.002,4
"2145","spotify:track:4JEylZNW8SbO4zUyfVrpb7","Caribbean Queen (No More Love On the Run)","The Very Best of Billy Ocean","Billy Ocean","2010-04-26",244426,80,"false","n1427d12","2024-06-28T13:37:45Z","yacht rock","Sony Music UK",0.79,0.649,5,-7.507,1,0.0265,0.166,8.87e-05,0.092,0.954,113.798,4
"2146","spotify:track:3YKptz29AsOlm7WAVnztBh","Kiss from a Rose","Seal","Seal","1994-05-31",288426,81,"false","n1427d12","2024-07-01T19:51:17Z","","Warner Records",0.584,0.533,10,-7.11,0,0.0305,0.684,0,0.306,0.224,131.745,3
"2147","spotify:track:6WK9dVrRABMkUXFLNlgWFh","Enjoy the Silence","The Singles 86-98","Depeche Mode","1998-09-28",255133,80,"false","n1427d12","2024-07-01T19:54:27Z","new wave,synthpop,darkwave","Venusnote Ltd.",0.663,0.838,0,-5.744,0,0.0286,0.2,0.000177,0.0782,0.752,112.788,4
"2148","spotify:track:30uLviIQ59DMggZOC2VNpo","You Can't Take Me","Spirit: Stallion Of The Cimarron (Music From The Original Motion Picture)","Bryan Adams","2002-05-04",176493,61,"false","n1427d12","2024-07-03T16:24:08Z","","A&M",0.5,0.729,4,-7.274,0,0.0314,0.141,2.07e-06,0.128,0.441,160.161,4
"2149","spotify:track:7bZsx7Zif6FIhrcZrh0LVm","What You Waiting For?","Love. Angel. Music. Baby. (Deluxe Version)","Gwen Stefani","2004-11-12",221226,70,"false","n1427d12","2024-09-29T03:18:54Z","","Interscope",0.676,0.948,5,-2.557,1,0.0632,0.0501,8.91e-06,0.384,0.728,136.027,4
"2150","spotify:track:5QTxFnGygVM4jFQiBovmRo","(Don't Fear) The Reaper","Agents Of Fortune","Blue Öyster Cult","1976",308123,81,"false","n1427d12","2024-10-01T21:21:57Z","classic rock,hard rock","Columbia",0.333,0.927,9,-8.55,0,0.0733,0.0029,0.000208,0.297,0.385,141.466,4
"2151","spotify:track:1eRqy8jW4ZLMJR6dl3xsgI","Lovefool - Radio Edit","First Band On The Moon","The Cardigans","1996-09-17",193893,0,"false","n1427d12","2024-12-28T23:58:56Z","swedish pop","Universal Music Group",0.644,0.599,9,-7.941,1,0.0291,0.0445,0,0.286,0.948,111.829,4
"2152","spotify:track:14uiLlBzEQOqXxJRa7S4cL","Dancing in the Moonlight - 2001 Remix","A Walk To Remember Music From The Motion Picture","Toploader","2002-01-15",232440,51,"false","n1427d12","2024-12-28T23:59:30Z","","Epic/Sony Music Soundtrax",0.74,0.849,10,-3.205,1,0.026,0.0203,4.02e-06,0.346,0.949,118.977,4
"2153","spotify:track:3L7RtEcu1Hw3OXrpnthngx","Don't You Want Me","Dare!","The Human League","1981",236920,78,"false","n1427d12","2024-12-29T00:00:05Z","new wave,synthpop","Virgin Records",0.731,0.738,9,-8.125,0,0.0377,0.184,0,0.214,0.958,117.656,4
"2154","spotify:track:7MDfN1ldfTMtuXXdVz2Pzc","Tears Dry On Their Own","Back To Black (Deluxe Edition)","Amy Winehouse","2006",186440,68,"true","n1427d12","2024-12-30T00:30:20Z","","Universal-Island Records Ltd.",0.634,0.543,1,-13.391,0,0.182,0.525,0,0.232,0.468,121.56,4
"2155","spotify:track:5auMzVHFr5Zfw6IbKarZ56","Breathe (2 AM)","Wreck of the Day","Anna Nalick","2005",279826,68,"false","n1427d12","2025-01-14T16:26:42Z","","Columbia",0.386,0.452,2,-7.715,1,0.0278,0.417,0,0.0881,0.287,169.837,3
"2156","spotify:track:6CLVh9sekZ1p2G8Tfhhj8h","All That Matters","Journals","Justin Bieber","2014-05-13",191173,78,"false","n1427d12","2025-02-04T19:49:46Z","","RBMG/Def Jam",0.698,0.509,1,-5.798,1,0.0503,0.00535,0,0.0703,0.143,129.865,4
"2157","spotify:track:2GBgiuXwY1KzJMA0gSAr9J","Flatline","Journals","Justin Bieber","2014-05-13",219346,84,"false","n1427d12","2025-02-06T22:33:10Z","","RBMG/Def Jam",0.341,0.666,4,-5.733,0,0.0653,0.482,0,0.194,0.36,121.677,4
"2158","spotify:track:3Yt9lRtS5V4nbJnwcgFgvC","You Da One","Talk That Talk","Rihanna","2011-11-19",200013,78,"true","n1427d12","2025-02-18T16:30:23Z","","Def Jam Recordings",0.702,0.715,5,-5.377,0,0.0425,0.503,2.44e-05,0.126,0.863,127.048,4
"2159","spotify:track:75lo8VozcCLRG9WGG674iD","As Long As You Love Me","Believe","Justin Bieber;Big Sean","2012-01-01",229466,75,"false","n1427d12","2025-02-18T17:05:52Z","","RBMG/Def Jam",0.571,0.873,0,-3.382,0,0.0997,0.0807,0,0.361,0.613,139.691,4
"2160","spotify:track:7MEbniqb2B22a8EaX4Av4c","Mmm Yeah","The Secret EP","Austin Mahone;Pitbull","2014-05-27",231624,69,"false","n1427d12","2025-02-18T18:33:24Z","","BMG Rights Management (US) LLC",0.712,0.922,6,-3.902,0,0.0411,0.00266,1.9e-06,0.268,0.976,125.984,4
"2161","spotify:track:2EvwLVrnYbCZEG6Kx5DCRy","Piece of Me","Blackout","Britney Spears","2007-10-25",212106,71,"false","n1427d12","2025-02-21T12:44:30Z","pop","Jive",0.769,0.638,11,-5.054,1,0.216,0.0902,0,0.0857,0.782,115.007,4
"2162","spotify:track:0aUWfpD3PlSv3FTTKcT2rN","What Now","Unapologetic (Deluxe)","Rihanna","2012-12-11",243093,55,"true","n1427d12","2025-02-21T12:50:06Z","","Def Jam Recordings",0.402,0.696,8,-4.798,0,0.0448,0.0476,0,0.628,0.227,180.107,3
"2163","spotify:track:4yyX2Iu4xJjW9xMvBZKSBi","Met Him Last Night (feat. Ariana Grande)","Dancing With The Devil…The Art of Starting Over (Expanded Edition)","Demi Lovato;Ariana Grande","2021-04-01",204631,63,"true","n1427d12","2025-02-27T13:48:16Z","pop","Island Records",0.538,0.512,4,-4.548,0,0.0262,0.22,0,0.101,0.12,144.978,4
"2164","spotify:track:2le9fblYnfoLr9dkZIsJUa","Baby, I Love Your Way","Unity","Big Mountain","1994-07-19",249520,81,"false","n1427d12","2025-03-07T12:52:27Z","reggae","Rhino/Warner Records",0.651,0.747,1,-7.269,0,0.0699,0.0528,0,0.207,0.776,147.518,4
"2165","spotify:track:2E1RGgFtr1X4H6glXOtABo","Fly","Pink Friday","Nicki Minaj;Rihanna","2010-01-01",212920,67,"true","n1427d12","2025-04-01T02:30:53Z","","Nicki Minaj/Cash Money",0.665,0.848,10,-4.926,1,0.0386,0.0148,0.000118,0.1,0.196,119.897,4
"2166","spotify:track:7IhsLJMqdxoo7YAZjaSMru","Dead And Gone","Paper Trail","T.I.;Justin Timberlake","2008-09-07",299746,78,"true","n1427d12","2025-04-01T15:01:53Z","southern hip hop","Grand Hustle, LLC",0.713,0.746,0,-4.99,1,0.259,0.0402,0,0.601,0.47,135.021,4
"2167","spotify:track:3idU3rXoFCEFhAAbPGbwht","The Night Is Still Young","The Pinkprint","Nicki Minaj","2014-12-12",227560,68,"true","n1427d12","2025-04-03T15:15:44Z","","Nicki Minaj/Cash Money",0.655,0.692,1,-6.145,0,0.0563,0.00209,0.00286,0.128,0.694,128.008,4
"2168","spotify:track:1CgmY8fVN7kstVDZmsdM5k","P.Y.T. (Pretty Young Thing)","Thriller","Michael Jackson","1982-11-30",238333,85,"false","n1427d12","2025-04-10T18:02:35Z","","Epic",0.894,0.67,11,-9.406,0,0.0474,0.172,0.000363,0.0691,0.961,127.209,4
"2169","spotify:track:13xxBnXOuiBxVxJI458B0i","Unfaithful","A Girl Like Me","Rihanna","2006-04-10",226973,75,"false","n1427d12","2025-04-18T14:39:53Z","","Def Jam Recordings",0.588,0.391,0,-8.607,0,0.0334,0.839,0,0.227,0.349,144.069,4
"2170","spotify:track:4ffoKyYY6ElVpxUpE48jOc","Thrown Down","Say You Will","Fleetwood Mac","2003-04-15",240986,71,"false","n1427d12","2025-04-24T00:57:49Z","yacht rock,classic rock,soft rock","Reprise",0.626,0.791,5,-5.735,0,0.0262,0.527,4.04e-05,0.0952,0.864,129.976,4
"2171","spotify:track:4CoSCPlKNrWli7E5kFtbcl","Little Lies - 2017 Remaster","Tango In the Night (Deluxe Edition)","Fleetwood Mac","1987-04-13",221053,82,"false","n1427d12","2025-05-18T11:50:18Z","yacht rock,classic rock,soft rock","Rhino/Warner Records",0.64,0.649,2,-10.345,1,0.0264,0.216,8.3e-05,0.0551,0.865,124.825,4
"2172","spotify:track:7yNX3ZFBWZoR52pbeU4Mcl","Gold","lil kiiwi","Kiiara","2020-10-09",225882,73,"false","n1427d12","2025-05-31T00:01:45Z","","Atlantic Records",0.6,0.412,5,-9.343,0,0.344,0.615,0.0026,0.134,0.408,113.05,5
"2173","spotify:track:1mjMXiWYKSJ5XmJCC0O9HJ","Skin","Loud","Rihanna","2010-01-01",303733,64,"false","n1427d12","2025-06-03T20:03:53Z","","Def Jam Recordings",0.638,0.567,7,-6.872,0,0.0438,0.135,0,0.127,0.12,126.933,4
"2174","spotify:track:0MzPy6NHF8w4ybSYqMweni","Sorcerer","Trouble in Shangri-La","Stevie Nicks","2001-05-01",294920,50,"false","n1427d12","2025-07-22T18:33:52Z","","Warner Records",0.583,0.875,9,-6.586,0,0.0302,0.000236,0.000225,0.103,0.7,125.802,4
"2175","spotify:track:44u52jALuPgpczTbZuRWHM","It's My Life","The Set List","No Doubt","2024-04-26",225866,53,"false","n1427d12","2025-07-27T00:33:29Z","","UME - Global Clearing House",0.606,0.75,8,-4.535,0,0.0306,0.0026,0.000795,0.321,0.771,126.316,4
"2176","spotify:track:5ww65ORP2faNi9ygUjxwId","Money Honey","The Fame","Lady Gaga","2008-01-01",170293,57,"false","n1427d12","2025-07-28T22:49:28Z","art pop,pop","Interscope",0.775,0.754,1,-3.226,1,0.0469,0.0129,0.000301,0.0775,0.84,119.006,4
"2177","spotify:track:43y1WpBdnEy5TR9aZoSQL9","I Wish You Would (Taylor's Version)","1989 (Taylor's Version)","Taylor Swift","2023-10-26",207650,65,"false","n1427d12","2025-08-01T23:18:04Z","","Taylor Swift",0.671,0.853,0,-6.568,1,0.0417,0.00388,9.48e-06,0.0812,0.523,118.032,4
"2178","spotify:track:4rYLpaNFzt6pkQnrCvVHUw","G.U.Y.","ARTPOP","Lady Gaga","2013-11-11",232666,69,"true","n1427d12","2025-08-05T11:28:16Z","art pop,pop","Interscope",0.616,0.919,5,-3.468,0,0.0401,0.0141,0,0.117,0.572,110.013,4
"2179","spotify:track:3c9LVPh3MpeFoaAL5DBDK5","Thinking Of You","One Of The Boys","Katy Perry","2008-06-17",246410,76,"false","n1427d12","2025-08-06T17:24:10Z","pop","Capitol Records",0.432,0.803,4,-4.459,1,0.0363,0.00167,0,0.331,0.309,147.053,4
"2180","spotify:track:2zfgVd034GlUvk7LqBHl6u","I Know Places","1989 (Deluxe Edition)","Taylor Swift","2014-10-27",195706,51,"false","n1427d12","2025-08-06T17:35:59Z","","Taylor Swift",0.602,0.755,0,-4.991,1,0.071,0.245,0,0.178,0.495,159.965,4
"2181","spotify:track:6m22NntKIuBJkD2Qmh58P9","Mannequin","One Of The Boys","Katy Perry","2008-06-17",197013,40,"false","n1427d12","2025-08-06T17:48:39Z","pop","Capitol Records",0.571,0.836,0,-4.507,1,0.0811,0.0193,0,0.46,0.628,138.941,4
"2182","spotify:track:5psEUJWeJU2BiOYyWdjgxZ","New Perspective","Jennifer's Body Music From The Original Motion Picture Soundtrack","Panic! At The Disco","2009-08-21",227093,77,"false","n1427d12","2025-08-06T17:54:23Z","emo","Fueled By Ramen",0.366,0.845,7,-5.826,1,0.118,0.00339,0,0.197,0.545,164.024,4
"2183","spotify:track:3DrjZArsPsoqbLzUZZV1Id","Back To December","Speak Now","Taylor Swift","2010-10-25",293026,65,"false","n1427d12","2025-08-06T20:47:41Z","","Taylor Swift",0.529,0.67,2,-4.663,1,0.0303,0.117,0,0.334,0.286,141.893,4
"2184","spotify:track:2OXidlnDThZR3zf36k6DVL","Just A Kiss","Own The Night","Lady A","2011-09-13",218840,69,"false","n1427d12","2025-08-07T15:46:08Z","country,pop country","Capitol Nashville",0.593,0.639,1,-5.826,1,0.0307,0.446,0,0.0998,0.332,142.881,4
"2185","spotify:track:1Fid2jjqsHViMX6xNH70hE","Atlantis","Tell Me It's Real (Expanded Edition)","Seafret","2016-01-29",229613,85,"false","n1427d12","2025-08-10T23:52:05Z","","Sweet Jane Recordings",0.4,0.479,8,-7.989,0,0.0308,0.0529,2.14e-06,0.115,0.213,166.159,4
"2186","spotify:track:4hqJ4bSlYJOXb6Z4SRmzxs","Long Live (Taylor's Version)","Speak Now (Taylor's Version)","Taylor Swift","2023-07-07",317960,72,"false","n1427d12","2025-08-10T23:52:16Z","","Taylor Swift",0.38,0.628,0,-4.054,1,0.038,0.0162,0,0.227,0.0984,203.826,4
"2187","spotify:track:6ADSaE87h8Y3lccZlBJdXH","With Or Without You","The Joshua Tree (Super Deluxe)","U2","1987-03-03",295515,79,"false","n1427d12","2025-08-11T11:51:49Z","rock","UMC (Universal Music Catalogue)",0.54,0.429,2,-11.822,1,0.0285,0.000202,0.355,0.141,0.113,110.171,4
"2188","spotify:track:1okLoud70RU0RegYAPn5Ek","The Walk","Speak for Yourself (Deluxe Version)","Imogen Heap","2005",314074,50,"false","n1427d12","2025-08-16T16:34:51Z","","Megaphonic",0.588,0.725,3,-9.774,0,0.0304,0.323,2.93e-05,0.101,0.643,142.976,4
"2189","spotify:track:17S4XrLvF5jlGvGCJHgF51","Learning To Fly","Into The Great Wide Open","Tom Petty and the Heartbreakers","1991-01-01",242106,76,"false","n1427d12","2025-09-17T19:53:44Z","classic rock","Tom Petty P&D",0.652,0.766,0,-9.938,1,0.0299,0.205,0.00104,0.362,0.948,116.739,4
"2190","spotify:track:6tunhVGD8C05MZNjSVIsjw","It Never Rains in Southern California","It Never Rains In Southern California","Albert Hammond","1972-08-16",233506,70,"false","n1427d12","2025-09-17T20:02:21Z","","Legacy Recordings",0.626,0.565,9,-10.027,1,0.0271,0.124,0,0.0811,0.924,116.61,4
"2191","spotify:track:5kfz5F8TfsFs05MBMqkcOz","Mr. Jones","Films About Ghosts: The Best Of...","Counting Crows","2003-01-01",272733,47,"false","n1427d12","2025-09-17T20:15:30Z","","Geffen",0.574,0.838,0,-5.551,1,0.0381,0.184,5.57e-06,0.185,0.697,141.638,4
"2192","spotify:track:1jlG3KJ3gdYmhfuySFfpO1","I'm with You","Let Go","Avril Lavigne","2002-06-04",223066,80,"false","n1427d12","2025-09-23T20:11:29Z","","Arista",0.457,0.406,9,-7.462,1,0.0291,0.08,0,0.117,0.208,151.95,3
"2193","spotify:track:5DiXcVovI0FcY2s0icWWUu","Mr. Jones","August And Everything After","Counting Crows","1993-09-14",272293,84,"false","n1427d12","2025-09-25T16:48:48Z","","DGC",0.578,0.817,0,-6.541,1,0.0363,0.183,2.85e-06,0.285,0.734,141.621,4
"2194","spotify:track:0iSWAT0EL8TwmzcgBjKMh6","What a Feeling","Made In The A.M. (Deluxe Edition)","One Direction","2015-11-13",200538,67,"false","n1427d12","2025-10-02T20:28:38Z","","Syco Music",0.676,0.873,0,-4.348,0,0.0462,0.149,0,0.0593,0.879,123.966,4
"2195","spotify:track:0vRFKF7dGdL5XxZMXzpCpF","Someone Else","Bangerz (Deluxe Version)","Miley Cyrus","2013-10-04",288339,54,"false","n1427d12","2025-10-25T13:59:01Z","","RCA Records Label",0.668,0.761,9,-7.093,0,0.0912,0.03,0,0.365,0.34,133.985,4
"2196","spotify:track:2ih2U8ttFzCjnQ5njF3SrR","Gorilla","Unorthodox Jukebox","Bruno Mars","2012-12-07",244493,72,"true","n1427d12","2025-10-25T15:56:45Z","","Atlantic Records",0.717,0.544,7,-6.598,1,0.0371,0.445,5.16e-06,0.0973,0.641,139.959,4
"2197","spotify:track:4buvG5Kmstm8UMjSgUrv2X","Who Owns My Heart","Can't Be Tamed","Miley Cyrus","2010-06-18",214853,63,"false","n1427d12","2025-10-25T20:51:31Z","","Hollywood Records",0.571,0.805,9,-4.985,0,0.129,0.0106,0,0.0864,0.356,135.908,4
"2198","spotify:track:6aVeSCobcOjIkMFARN9B7l","Drive","Bangerz (Deluxe Version)","Miley Cyrus","2013-10-04",255215,57,"false","n1427d12","2025-10-27T19:56:33Z","","RCA Records Label",0.581,0.678,1,-6.624,1,0.063,0.0512,0,0.164,0.284,142.968,4
"2199","spotify:track:0tuyEYTaqLxE41yGHSsXjy","Won't Go Home Without You","It Won't Be Soon Before Long.","Maroon 5","2007-01-01",231173,72,"false","n1427d12","2025-11-07T21:17:04Z","pop","Interscope Records*",0.738,0.614,3,-3.761,1,0.0318,0.0151,0,0.104,0.413,110.021,4
"2200","spotify:track:18URo35acNKRTHfEdjTcGn","Photograph","Pyromania","Def Leppard","1983-01-20",247962,75,"false","n1427d12","2025-11-11T22:52:37Z","glam metal,glam rock,classic rock","UMC (Universal Music Catalogue)",0.602,0.877,4,-6.606,1,0.0514,0.000327,0.634,0.0551,0.617,123.679,4
"2201","spotify:track:2OgVsp77En2nju8pnCieVU","Waiting for a Girl like You","4 (Expanded)","Foreigner","1981",292066,81,"false","n1427d12","2026-01-05T20:52:35Z","aor,classic rock","Rhino Atlantic",0.33,0.469,10,-9.286,0,0.0335,0.31,2.3e-06,0.0402,0.433,201.327,4
"2202","spotify:track:2QgWuCtBpNIpl5trmKCxRf","American Pie","The Best Of Don McLean","Don McLean","1988-01-01",515866,68,"false","n1427d12","2026-01-05T21:08:33Z","","EMI/EMI Records (USA)",0.526,0.509,7,-10.893,1,0.0628,0.6,0,0.144,0.497,138.318,4
"2203","spotify:track:6EMynpZ10GVcwVqiLZj6Ye","Champagne Supernova","(What's The Story) Morning Glory?","Oasis","1995-10-02",450506,76,"false","n1427d12","2026-01-30T17:21:05Z","britpop","Big Brother Recordings Ltd",0.303,0.853,2,-2.26,1,0.0366,0.223,0.00159,0.361,0.119,150.381,4
"2204","spotify:track:7o9uu2GDtVDr9nsR7ZRN73","Time After Time","She's So Unusual","Cyndi Lauper","1983-10-14",245529,84,"false","n1427d12","2026-02-03T18:53:27Z","","Portrait",0.726,0.449,0,-9.206,1,0.0286,0.487,1.34e-06,0.0824,0.294,130.388,4
"2205","spotify:track:7E390nZTMqEbrNC1TmHd42","The Feeling","Purpose (Deluxe)","Justin Bieber;Halsey","2015-11-13",244906,64,"false","n1427d12","2026-02-07T03:02:19Z","","RBMG/Def Jam",0.523,0.809,1,-6.185,0,0.061,0.0823,1.22e-06,0.0971,0.211,127.12,4
"2206","spotify:track:6S39fhexETOGjnvcOOKSZm","Hanging On - Edit","Halcyon","Ellie Goulding","2012-01-01",201788,43,"false","n1427d12","2026-02-11T18:38:24Z","","Polydor Records",0.436,0.554,11,-4.698,0,0.0275,0.261,0.000669,0.115,0.319,139.778,4
"2207","spotify:track:5VSAonaAPhhGn0G7hMYwWK","Sister Golden Hair","Hearts","America","1975",199573,80,"false","n1427d12","2026-03-02T18:40:21Z","yacht rock,soft rock,folk rock","Rhino",0.441,0.546,4,-12.222,1,0.0336,0.13,0.000144,0.109,0.718,134.752,4
"2208","spotify:track:4IU1RL4BKvFyXtbTwaHAvW","Ventura Highway","Homecoming","America;George Martin","1972",211680,82,"false","n1427d12","2026-03-02T18:42:55Z","yacht rock,soft rock,folk rock","Warner Records",0.611,0.761,2,-5.929,1,0.0283,0.104,2e-04,0.122,0.838,130.705,4
"2209","spotify:track:2eRYuzlSOBk3HlMsCSOLPJ","Baby Come Back","Late Night Tales: Music For Pleasure","Player","1980",214373,67,"false","n1427d12","2026-03-03T21:23:10Z","yacht rock","Late Night Tales",0.645,0.604,5,-9.904,0,0.118,0.0713,0,0.129,0.545,156.436,4
"2210","spotify:track:0fsj3HxzBHev6EJ7OLFE3r","Double Vision","Double Vision (Expanded)","Foreigner","1978",224533,63,"false","n1427d12","2026-03-03T21:28:53Z","aor,classic rock","Rhino Atlantic",0.682,0.711,9,-7.637,0,0.0325,0.179,9.53e-05,0.126,0.766,129.546,4
"2211","spotify:track:4KWzsYmXYYbTjb4tYxulvd","Who's Crying Now (2022 Remaster)","Escape (2022 Remaster)","Journey","1981-07-17",299653,74,"false","n1427d12","2026-03-03T21:43:09Z","aor,classic rock","Columbia/Legacy",0.568,0.607,9,-7.735,0,0.0296,0.0587,0,0.131,0.327,121.984,4
"2212","spotify:track:469RmLzEsicj8VSn9aIuKV","Cool","Love. Angel. Music. Baby. (Deluxe Version)","Gwen Stefani","2004-11-12",189333,63,"false","n1427d12","2026-03-04T02:11:03Z","","Interscope",0.709,0.721,2,-3.52,1,0.0281,0.0322,0.000309,0.355,0.801,112.019,4
"2213","spotify:track:0vLwL4xuJ3s7SeaCdvMqkY","Call Me","Best Of Blondie","Blondie","1981-10-31",212893,78,"false","n1427d12","2026-03-04T02:12:02Z","","Chrysalis\EMI Records (USA)",0.551,0.628,2,-13.799,1,0.036,0.0327,0.000199,0.153,0.778,142.169,4
"2214","spotify:track:7cIHtga6bZuzpg8cu71xlD","Love Lost","Conditions","The Temper Trap","2009-06-19",218266,63,"false","n1427d12","2026-04-02T21:29:25Z","","Glassnote - VMG",0.554,0.573,7,-7.593,1,0.036,0.0247,0.487,0.108,0.323,122.58,4
"2215","spotify:track:41sGGCCoHI2GLV9qadX80A","Baby Come Back","Player","Player","1977-09-01",255845,83,"false","n1427d12","2026-04-08T23:37:41Z","yacht rock","UMC (Universal Music Catalogue)",0.646,0.602,5,-10.238,0,0.0758,0.0599,1.7e-05,0.0956,0.543,156.101,4
"2216","spotify:track:5lQKRR3MdJLtAwNBiT8Cq0","Lyin' Eyes - 2013 Remaster","One of These Nights (2013 Remaster)","Eagles","1975-06-10",381998,74,"false","n1427d12","2026-04-09T18:11:16Z","classic rock,yacht rock,soft rock","Rhino/Elektra",0.669,0.673,7,-9.754,1,0.0248,0.203,0.0271,0.164,0.867,132.68,4
"2217","spotify:track:4JGKZS7h4Qa16gOU3oNETV","Dreams","Everybody Else Is Doing It, So Why Can't We?","The Cranberries","1993-03-01",271560,44,"false","n1427d12","2026-04-10T00:18:28Z","","Island Records",0.551,0.645,4,-13.093,1,0.0354,0.0031,0.00376,0.421,0.508,128.665,4
"2218","spotify:track:0AcgKF7kbSoCkh3n7vlHwK","Dirty Diana - 2012 Remaster","Bad (Remastered)","Michael Jackson","1987-08-31",280753,84,"false","n1427d12","2026-05-13T19:51:55Z","","Epic/Legacy",0.744,0.815,3,-4.013,1,0.0446,0.194,0.000263,0.303,0.347,131.39,4
"2219","spotify:track:6xE6ZWzK1YDDSYzqOCoQlz","Last Train to London","Discovery","Electric Light Orchestra","1979-05-31",272649,83,"false","n1427d12","2026-05-14T16:49:48Z","art rock,soft rock","Epic/Legacy",0.727,0.537,7,-9.785,1,0.0295,0.396,0.000789,0.349,0.954,121.493,4
"2220","spotify:track:7K8XoQXZBffc4xG2xIQHMO","Rock That Body","THE E.N.D. (THE ENERGY NEVER DIES)","Black Eyed Peas","2009-01-01",268840,79,"false","n1427d12","2026-05-18T11:36:34Z","","Interscope",0.715,0.907,7,-6.025,0,0.0993,0.0172,8.39e-05,0.426,0.841,124.991,4
"2221","spotify:track:360UM2DaiHZPRu0EsrOvMp","If We Ever Meet Again (Featuring Katy Perry)","Shock Value II","Timbaland;Katy Perry","2009-01-01",292706,74,"false","n1427d12","2026-05-25T10:32:51Z","pop","Timbaland",0.652,0.605,8,-7.371,1,0.0393,0.00481,0,0.0605,0.394,126.091,4
"2222","spotify:track:23UV8pJEvRnAZd6ZAXBC0H","No Pressure","Purpose (Deluxe)","Justin Bieber;Big Sean","2015-11-13",286853,70,"false","n1427d12","2026-06-05T20:53:46Z","","RBMG/Def Jam",0.647,0.596,1,-6.878,1,0.224,0.123,0,0.279,0.557,148.986,3
"2223","spotify:track:5Y77SQxEr1eiofPeUTPHxM","You","Street Love","Lloyd;Lil Wayne","2007-02-12",273133,86,"false","n1427d12","2026-06-16T01:05:25Z","r&b,rap,hip hop","I.G. Records, Inc./Universal Records",0.412,0.876,5,-6.008,0,0.472,0.102,0,0.297,0.706,130.21,5
"2224","spotify:track:2dtK02TSAuTvVYU2wGAVG0","Still the One","Waking & Dreaming","Orleans","1976",234040,68,"false","n1427d12","2026-06-25T00:14:05Z","yacht rock,soft rock","Rhino/Elektra",0.565,0.615,4,-10.793,1,0.0384,0.0487,1.93e-06,0.16,0.591,143.928,4
"2225","spotify:track:49wOjOkS4pBK3PQnPnNYjb","Zombie","Gold","The Cranberries","2008-03-11",307520,78,"false","n1427d12","2026-07-08T15:12:15Z","","Island Records",0.308,0.702,7,-6.651,1,0.0374,0.012,0.00191,0.361,0.29,166.805,4
"2226","spotify:track:31AOj9sFz2gM0O3hMARRBx","Losing My Religion","Out Of Time (25th Anniversary Edition)","R.E.M.","1991-03-12",268426,90,"false","n1427d12","2026-07-09T13:01:57Z","jangle pop,alternative rock,rock","Concord Records",0.666,0.855,9,-5.051,0,0.0295,0.179,1.2e-06,0.0987,0.803,125.639,4
"2227","spotify:track:7o67roCVsFiCt7Cf0ZLOJq","Out of Touch","The Very Best of Daryl Hall / John Oates","Daryl Hall & John Oates","2001-01-23",249573,76,"false","n1427d12","2026-08-19T23:31:13Z","yacht rock,soft rock","RCA Records Label",0.806,0.649,9,-9.004,0,0.0347,0.0391,5.55e-05,0.0557,0.897,114.834,4
"2228","spotify:track:4ksheDQWyWfjG5ETO0aokW","Heaven On My Mind (with Sigala)","Only Honest On The Weekend","Becky Hill;Sigala","2021-08-27",193360,52,"false","p8u4bg39u8ew4b58wtkpj73f8","2021-09-02T13:49:57Z","","Polydor Records",0.708,0.883,0,-3.068,0,0.0773,0.0309,0,0.191,0.667,125.04,4
"2229","spotify:track:70cTMpcgWMcR18t9MRJFjB","I Gotta Feeling","THE E.N.D. (THE ENERGY NEVER DIES) [International Version]","Black Eyed Peas","2009-01-01",289133,9,"false","p8u4bg39u8ew4b58wtkpj73f8","2021-09-02T13:49:57Z","","Universal Music Group",0.743,0.766,0,-6.375,1,0.0265,0.0873,0,0.509,0.61,127.96,4
"2230","spotify:track:5mphdlILgAq3vh1MSvAJTS","Thinkin Bout You","channel ORANGE (Explicit Version)","Frank Ocean","2012-07-10",200746,4,"false","p8u4bg39u8ew4b58wtkpj73f8","2021-09-02T13:49:57Z","","Red Zone Entertainment / IDJ",0.721,0.339,0,-11.195,1,0.0532,0.409,0.00153,0.0973,0.2,129.83,4
"2231","spotify:track:31qCy5ZaophVA81wtlwLc4","Anyone","Anyone","Justin Bieber","2021-01-01",190779,71,"false","p8u4bg39u8ew4b58wtkpj73f8","2021-09-02T13:49:57Z","","RBMG/Def Jam",0.686,0.538,2,-8.026,1,0.0345,0.181,3.13e-06,0.113,0.584,115.884,4
"2232","spotify:track:5T8EDUDqKcs6OSOwEsfqG7","Don't Stop Me Now - Remastered 2011","Jazz (2011 Remaster)","Queen","1978-11-10",209413,60,"false","p8u4bg39u8ew4b58wtkpj73f8","2021-09-02T13:49:57Z","classic rock,rock,glam rock","EMI",0.559,0.868,5,-5.276,1,0.17,0.0475,0.000176,0.776,0.609,156.295,4
"2233","spotify:track:0cqRj7pUJDkTCEsJkx8snD","Shake It Off","1989 (Deluxe)","Taylor Swift","2014-01-01",219200,86,"false","p8u4bg39u8ew4b58wtkpj73f8","2021-09-02T13:49:57Z","","Taylor Swift",0.647,0.8,7,-5.384,1,0.165,0.0647,0,0.334,0.942,160.078,4
"2234","spotify:track:6PQ88X9TkUIAUIZJHW2upE","Bad Habits","Bad Habits","Ed Sheeran","2021-06-25",231041,11,"false","p8u4bg39u8ew4b58wtkpj73f8","2021-11-20T11:32:36Z","soft pop","Atlantic Records UK",0.808,0.897,11,-3.712,0,0.0348,0.0469,3.14e-05,0.364,0.591,126.026,4
"2235","spotify:track:5MeTUONtAo08JqtGPljSxv","Black Magic - Cahill Remix","Get Weird - Rarities & Remixes","Little Mix;Cahill","2015-11-06",198909,45,"false","p8u4bg39u8ew4b58wtkpj73f8","2022-02-09T12:29:26Z","","Syco Music",0.713,0.898,4,-4.931,1,0.0744,0.027,0,0.397,0.477,125.974,4
"2236","spotify:track:3NUkMef8ZwWXbag892kvOO","The Mack - David Zowie Remix","The Mack (Remixes)","Nevada;Mark Morrison;Fetty Wap;David Zowie","2016-11-25",216423,2,"false","p8u4bg39u8ew4b58wtkpj73f8","2022-02-09T12:30:28Z","house","Universal Music Group",0.708,0.89,9,-4.386,0,0.0596,0.0483,0,0.146,0.91,124.031,4
"2237","spotify:track:3dIDJj2RaJGNzPjk7HFONt","Million Voices - Radio Edit","Summer Beats 2013","Otto Knows","2013-01-01",191186,43,"false","p8u4bg39u8ew4b58wtkpj73f8","2022-02-09T12:31:31Z","","UMOD (Universal Music On Demand)",0.579,0.858,8,-7.377,1,0.0378,0.00234,0.00885,0.0858,0.0859,125.928,4
"2238","spotify:track:4LRPiXqCikLlN15c3yImP7","As It Was","As It Was","Harry Styles","2022-03-31",167303,15,"false","p8u4bg39u8ew4b58wtkpj73f8","2022-07-27T10:20:13Z","","Columbia",0.52,0.731,6,-5.338,0,0.0557,0.342,0.00101,0.311,0.662,173.93,4
"2239","spotify:track:6WC5fhc9XMaCrUNKNjm9xE","Thumbs","EVOLution","Sabrina Carpenter","2016-10-14",216466,74,"false","p8u4bg39u8ew4b58wtkpj73f8","2022-07-27T10:41:30Z","pop","Hollywood Records",0.73,0.718,8,-3.496,1,0.0478,0.0284,0,0.0892,0.127,135.045,4
"2240","spotify:track:3rk4aJ0vAj3cFUIQEeASkT","Green Green Grass","Green Green Grass","George Ezra","2022-04-22",167613,2,"false","p8u4bg39u8ew4b58wtkpj73f8","2022-08-19T08:27:05Z","","Columbia",0.685,0.738,8,-4.413,1,0.0595,0.0695,0,0.128,0.8,112.972,4
"2241","spotify:track:6clzeGvi1CFioMOolbAOlX","Stay With Me (with Justin Timberlake, Halsey & Pharrell)","Funk Wav Bounces Vol. 2","Calvin Harris;Justin Timberlake;Halsey;Pharrell Williams","2022-08-05",229282,52,"false","p8u4bg39u8ew4b58wtkpj73f8","2022-08-19T08:29:32Z","edm","Columbia",0.81,0.733,9,-6.338,1,0.0444,0.276,6.73e-06,0.288,0.9,125.975,4
"2242","spotify:track:638bKuHUI5evFzk1EOSGnj","Bananza (Belly Dancer)","Bananza (Belly Dancer)","Mosimann","2022-02-18",147881,18,"false","p8u4bg39u8ew4b58wtkpj73f8","2022-08-19T08:32:29Z","","One Seven",0.838,0.899,9,-4.582,0,0.0777,0.00716,0.117,0.0836,0.649,124.001,4
"2243","spotify:track:57lio22IReowFvXxaRGxA4","Heat Waves","Heat Waves","Harrison","2022-02-11",171919,18,"false","p8u4bg39u8ew4b58wtkpj73f8","2022-08-19T08:33:48Z","deep house","One Seven",0.687,0.655,8,-6.111,0,0.0369,0.0391,0,0.305,0.597,126.016,4
"2244","spotify:track:1ZRblW8yUDxpcF4gvk5BSC","No Diggity","No Diggity","Mosimann","2022-05-06",154080,17,"false","p8u4bg39u8ew4b58wtkpj73f8","2022-08-19T08:34:19Z","","One Seven",0.884,0.822,4,-5.921,1,0.0973,0.0158,0.485,0.0969,0.587,125,4
"2245","spotify:track:77PmH9QCb4RZY6ZlfKJlFA","One Day","One Day","Martin Jensen;FAST BOY","2022-04-22",152990,37,"false","p8u4bg39u8ew4b58wtkpj73f8","2022-08-19T08:34:32Z","","disco:wax",0.579,0.834,8,-5.879,0,0.306,0.203,0,0.218,0.494,126.289,4
"2246","spotify:track:2fVlFYMyiDpWu0TIBBF0Tv","Fly Me To The Moon (feat. Vanessa Campagna)","Fly Me To The Moon (feat. Vanessa Campagna)","SilkandStones;Mark Coles;Vanessa Campagna","2022-06-03",152484,8,"false","p8u4bg39u8ew4b58wtkpj73f8","2022-08-19T08:37:17Z","lounge,christian edm","One Seven",0.533,0.818,6,-6.333,0,0.06,0.261,0.000562,0.11,0.225,128.022,4
"2247","spotify:track:2tDz0gabkgCjFE34CWvwrl","Wonderwall","(What's the Story) Morning Glory?","Oasis","1995-10-02",258906,2,"false","p8u4bg39u8ew4b58wtkpj73f8","2022-10-10T10:44:42Z","britpop","Big Brother",0.408,0.843,2,-5.612,1,0.0369,0.00221,0,0.134,0.468,174.452,4
"2248","spotify:track:6JV2JOEocMgcZxYSZelKcc","CAN'T STOP THE FEELING! (from DreamWorks Animation's ""TROLLS"")","CAN'T STOP THE FEELING! (from DreamWorks Animation's ""TROLLS"")","Justin Timberlake","2016-05-06",236001,82,"false","p8u4bg39u8ew4b58wtkpj73f8","2022-10-10T10:48:56Z","","Villa 40/RCA Records",0.666,0.83,0,-5.715,1,0.0751,0.0123,0,0.191,0.702,113.03,4
"2249","spotify:track:2xGjteMU3E1tkEPVFBO08U","This Is Me","This Is Me","Keala Settle;The Greatest Showman Ensemble","2017-10-27",234706,74,"false","p8u4bg39u8ew4b58wtkpj73f8","2022-10-10T10:50:08Z","musicals","Atlantic Records",0.284,0.704,2,-7.276,1,0.186,0.00583,0.000115,0.0424,0.1,191.702,4
"2250","spotify:track:4CUX44NA1CPEzd0ibMLQsL","Make Me Feel Good","Make Me Feel Good","Belters Only;Jazzy","2021-11-26",197472,61,"false","p8u4bg39u8ew4b58wtkpj73f8","2022-10-10T10:57:08Z","house","Polydor Records",0.773,0.74,7,-8.169,0,0.0386,0.0627,0.00183,0.0829,0.504,124.014,4
"2251","spotify:track:6oYXbji1rn7U6bFuNYekpQ","Run","Run","Becky Hill;Galantis","2022-02-18",188731,55,"false","p8u4bg39u8ew4b58wtkpj73f8","2022-10-10T10:58:01Z","","Polydor Records",0.601,0.879,2,-2.673,0,0.0353,0.0313,0,0.0793,0.589,124.013,4
"2252","spotify:track:1AgSUWSzmza5jF6ER5R68v","THRU THE NIGHT (feat. Bryson Tiller)","Confetti","Jack Harlow;Bryson Tiller","2019-09-20",128409,63,"true","p8u4bg39u8ew4b58wtkpj73f8","2022-10-10T10:59:41Z","trap soul,r&b","Generation Now/Atlantic",0.88,0.58,5,-5.032,0,0.0438,0.016,3.83e-06,0.0936,0.754,124.003,4
"2253","spotify:track:6BTjSLvOfHjzV9sbP6BrCO","Jubel - Radio Edit","Jubel (Radio Edit)","Klingande","2014-05-23",148440,2,"false","p8u4bg39u8ew4b58wtkpj73f8","2022-10-10T11:01:29Z","tropical house,deep house","One More Tune",0.685,0.587,0,-6.876,1,0.0329,0.386,0.00307,0.0653,0.2,125.006,4
"2254","spotify:track:3iHzKA9HlXf5wsGdsrsnSA","Forget Me","Broken By Desire To Be Heavenly Sent","Lewis Capaldi","2023-05-19",203666,74,"false","p8u4bg39u8ew4b58wtkpj73f8","2023-07-26T10:51:22Z","soft pop","Vertigo Berlin",0.451,0.754,1,-3.749,0,0.0864,0.327,0,0.332,0.674,203.894,4
"2255","spotify:track:4QcDkuGQx9824a6X9BZF4e","Places","Places","Martin Solveig;Ina Wroldsen","2016-11-25",202745,66,"false","p8u4bg39u8ew4b58wtkpj73f8","2023-07-26T11:07:43Z","french house,norwegian pop","EMI",0.728,0.854,0,-3.86,0,0.0457,0.248,0.00188,0.149,0.62,121.995,4
"2256","spotify:track:6yraFyhgbavO2amB2lhpfi","Waiting All Night (feat. Ella Eyre)","Home","Rudimental;Ella Eyre","2013-04-05",292586,72,"false","p8u4bg39u8ew4b58wtkpj73f8","2023-07-26T11:09:18Z","","Asylum",0.543,0.729,6,-5.357,0,0.0498,0.00265,0.01,0.427,0.282,174.982,4
"2257","spotify:track:3Dzso9Q2WwupEclqgxBZht","Pumped Up Kicks","Pumped Up Kicks","Madism;MKJ;Felix Samuel","2020-08-21",145161,66,"false","p8u4bg39u8ew4b58wtkpj73f8","2023-07-26T11:16:14Z","tropical house","Soave Records",0.669,0.687,0,-4.753,1,0.043,0.152,1.6e-05,0.308,0.386,123.903,4
"2258","spotify:track:05XtssRLI22p8wLFIr7Vrl","Heroes (we could be)","Forever (Deluxe)","Alesso;Tove Lo","2015-05-25",210013,64,"false","p8u4bg39u8ew4b58wtkpj73f8","2024-02-06T17:26:00Z","edm","Alesso / Def Jam",0.503,0.748,5,-4.124,1,0.0619,0.0305,0,0.343,0.356,125.896,4
"2259","spotify:track:6Qb7YsAqH4wWFUMbGsCpap","Training Season","Training Season","Dua Lipa","2024-02-15",209487,85,"false","p8u4bg39u8ew4b58wtkpj73f8","2024-02-20T10:58:45Z","pop","Warner Records",0.812,0.587,5,-4.483,0,0.0477,0.0349,2.64e-06,0.123,0.664,123.041,4
"2260","spotify:track:0Z7nGFVCLfixWctgePsRk9","TEXAS HOLD 'EM","TEXAS HOLD 'EM","Beyoncé","2024-02-11",233456,74,"true","p8u4bg39u8ew4b58wtkpj73f8","2024-03-01T15:34:47Z","","Parkwood Entertainment/Columbia",0.727,0.711,2,-6.549,1,0.078,0.582,0,0.158,0.375,110.012,4
"2261","spotify:track:3P3pw6C19j31Rnzgo3JG7o","Perfect Strangers","Blue","Jonas Blue;JP Cooper","2018-11-09",196613,80,"false","p8u4bg39u8ew4b58wtkpj73f8","2024-03-01T15:36:11Z","tropical house","Positiva",0.73,0.861,1,-4.1,1,0.0451,0.39,0,0.213,0.704,117.965,4
"2262","spotify:track:1SN1vSPsr4V4tIUTR3s8YW","Fast Car","Blue","Jonas Blue;Dakota","2018-11-09",212424,77,"false","p8u4bg39u8ew4b58wtkpj73f8","2024-03-01T15:36:16Z","tropical house","Positiva",0.672,0.578,9,-6.621,1,0.0569,0.469,0,0.312,0.548,113.945,4
"2263","spotify:track:6M6Tk58pQvABy6ru66dY3d","No Money","The Aviary","Galantis","2017-09-15",191293,75,"false","p8u4bg39u8ew4b58wtkpj73f8","2024-03-01T15:36:19Z","","Big Beat Records",0.674,0.915,6,-3.999,0,0.0411,0.0282,0.00337,0.273,0.78,126.038,4
"2264","spotify:track:6h5PAsRni4IRlxWr6uDPTP","More Than You Know","More Than You Know","Axwell /\ Ingrosso;Axwell;Sebastian Ingrosso","2017-07-28",203000,73,"false","p8u4bg39u8ew4b58wtkpj73f8","2024-03-01T15:36:27Z","edm","BMG Rights Management",0.646,0.741,5,-4.973,0,0.034,0.0275,0,0.312,0.571,123.077,4
"2265","spotify:track:6Pgkp4qUoTmJIPn7ReaGxL","Without You (feat. Sandro Cavazza)","AVĪCI (01)","Avicii;Sandro Cavazza","2017-08-10",181672,81,"true","p8u4bg39u8ew4b58wtkpj73f8","2024-03-01T15:36:36Z","edm","Pophouse Entertainment Group",0.662,0.858,2,-4.844,1,0.0428,0.00163,0,0.0456,0.295,133.993,4
"2266","spotify:track:3fVnlF4pGqWI9flVENcT28","Wildest Dreams","1989","Taylor Swift","2014-01-01",220440,81,"false","p8u4bg39u8ew4b58wtkpj73f8","2024-03-01T15:36:38Z","","Taylor Swift",0.553,0.664,8,-7.417,1,0.0741,0.0709,0.0056,0.106,0.467,140.06,4
"2267","spotify:track:44L2bY93uD65CEHWbozpx4","Pink Friday Girls","Pink Friday 2","Nicki Minaj","2023-12-08",166299,63,"true","p8u4bg39u8ew4b58wtkpj73f8","2024-03-01T15:46:26Z","","Republic Records",0.743,0.785,11,-5.154,1,0.0668,0.0713,0,0.107,0.192,127.014,4
"2268","spotify:track:17OqI90oTFZ3J8PVu6j07V","Voulez-Vous","Voulez-Vous","ABBA","1979",309173,76,"false","p8u4bg39u8ew4b58wtkpj73f8","2024-03-13T11:40:32Z","","Polar Music International AB",0.708,0.774,11,-6.931,0,0.0372,0.149,0.00109,0.169,0.903,126.636,4
"2269","spotify:track:2FDTHlrBguDzQkp7PVj16Q","Sprinter","Sprinter","Dave;Central Cee","2023-06-01",229133,18,"true","p8u4bg39u8ew4b58wtkpj73f8","2024-03-15T15:05:33Z","grime,uk grime,uk drill,drill","Neighbourhood / Live Yours",0.918,0.681,1,-4.705,1,0.201,0.263,0,0.0615,0.706,139.057,4
"2270","spotify:track:5zuPzhnGl0DRRWmquMi2MP","Man In Finance (G6 Trust Fund)","Man In Finance (G6 Trust Fund)","Girl On Couch;Billen Ted","2024-05-17",151405,4,"false","p8u4bg39u8ew4b58wtkpj73f8","2024-06-21T14:04:49Z","","Virgin",0.648,0.933,7,-3.947,0,0.0651,0.00273,0.018,0.14,0.402,127.967,4
"2271","spotify:track:4kP69y3GKHi9tXckfgp4bK","For Once In My Life","For Once In My Life","Stevie Wonder","1968-12-01",169800,75,"false","p8u4bg39u8ew4b58wtkpj73f8","2024-12-04T09:52:20Z","motown,classic soul,soul","Motown",0.524,0.519,6,-11.903,1,0.043,0.195,0,0.523,0.847,110.121,4
"2272","spotify:track:7zMUCLm1TN9o9JlLISztxO","Burning Love","Elvis (Fool)","Elvis Presley","1973-07-16",171533,80,"false","p8u4bg39u8ew4b58wtkpj73f8","2024-12-04T09:52:21Z","rockabilly,rock and roll","RCA/Legacy",0.66,0.748,2,-11.206,1,0.0284,0.0993,0.00585,0.283,0.972,143.549,4
"2273","spotify:track:3pf96IFggfQuT6Gafqx2rt","Sunny","Take The Heat Off Me","Boney M.","1976",242240,77,"false","p8u4bg39u8ew4b58wtkpj73f8","2024-12-04T09:52:22Z","disco","MCI",0.647,0.868,0,-6.427,0,0.106,0.088,0.124,0.129,0.804,121.82,4
"2274","spotify:track:48XkVAagIoQHCsOlJtXUd5","still feel.","Now, Not Yet","half•alive","2019-08-09",247787,65,"false","31eccah37lak4fovpzlrqy7364sa","2023-01-03T20:22:21Z","","half·alive/RCA Records",0.779,0.516,10,-6.467,0,0.0521,0.148,0,0.0492,0.715,120.026,4
"2275","spotify:track:02VBYrHfVwfEWXk5DXyf0T","Leave The Door Open","An Evening With Silk Sonic","Bruno Mars;Anderson .Paak;Silk Sonic","2021-11-11",242096,86,"false","31eccah37lak4fovpzlrqy7364sa","2023-01-03T20:22:32Z","","Aftermath Entertainment/Atlantic",0.586,0.616,5,-7.964,1,0.0324,0.182,0,0.0927,0.719,148.088,4
"2276","spotify:track:7jvCeWOSnJs2N3spqobWnO","Skate","An Evening With Silk Sonic","Bruno Mars;Anderson .Paak;Silk Sonic","2021-11-11",203122,76,"false","31eccah37lak4fovpzlrqy7364sa","2023-01-03T20:22:36Z","","Aftermath Entertainment/Atlantic",0.708,0.598,5,-8.365,1,0.0291,0.037,0,0.17,0.698,112.027,4
"2277","spotify:track:5f7UJCMrA1VRLvbPrq1h0G","Put On A Smile","An Evening With Silk Sonic","Bruno Mars;Anderson .Paak;Silk Sonic","2021-11-11",255455,64,"false","31eccah37lak4fovpzlrqy7364sa","2023-01-03T20:22:43Z","","Aftermath Entertainment/Atlantic",0.548,0.627,9,-8.949,1,0.0409,0.0471,0,0.285,0.493,143.994,4
"2278","spotify:track:3jiKUMXqwEodB7gVv1RMZU","After Last Night (with Thundercat & Bootsy Collins)","An Evening With Silk Sonic","Bruno Mars;Anderson .Paak;Silk Sonic;Thundercat;Bootsy Collins","2021-11-11",249444,76,"false","31eccah37lak4fovpzlrqy7364sa","2023-01-03T20:22:44Z","funk","Aftermath Entertainment/Atlantic",0.651,0.703,0,-8.958,0,0.0816,0.0297,0,0.0608,0.647,140.051,4
"2279","spotify:track:2JUQ7mV1AHk2owXLydmN4Z","Love's Train","An Evening With Silk Sonic","Bruno Mars;Anderson .Paak;Silk Sonic","2021-11-11",307014,72,"false","31eccah37lak4fovpzlrqy7364sa","2023-01-03T20:22:51Z","","Aftermath Entertainment/Atlantic",0.711,0.605,6,-9.801,0,0.031,0.0396,2.29e-05,0.104,0.807,140.981,4
"2280","spotify:track:22vgEDb5hykfaTwLuskFGD","Sucker","Happiness Begins","Jonas Brothers","2019-06-07",181026,81,"false","31eccah37lak4fovpzlrqy7364sa","2023-01-03T20:28:42Z","","Jonas Brothers Recording",0.842,0.734,1,-5.065,0,0.0588,0.0427,0,0.106,0.952,137.958,4
"2281","spotify:track:0HqZX76SFLDz2aW8aiqi7G","Bones","Bones","Imagine Dragons","2022-03-11",165264,78,"false","31eccah37lak4fovpzlrqy7364sa","2023-01-03T20:28:56Z","","KIDinaKORNER/Interscope Records",0.773,0.742,5,-3.678,0,0.046,0.0206,0,0.0754,0.571,114.071,4
"2282","spotify:track:0cgy8EueqwMuYzOZrW5vPB","C'est La Vie (with bbno$ & Rich Brian)","C'est La Vie","Yung Gravy;bbno$;Rich Brian","2022-09-23",160161,55,"true","31eccah37lak4fovpzlrqy7364sa","2023-01-03T20:30:04Z","indonesian hip hop","Republic Records",0.889,0.805,9,-3.642,1,0.0808,0.0649,0,0.0684,0.759,142.119,4
"2283","spotify:track:2rmwqU7yzTvzkiaRV53DpT","2 Be Loved (Am I Ready)","Special","Lizzo","2022-07-15",187107,65,"false","31eccah37lak4fovpzlrqy7364sa","2023-01-03T20:31:03Z","","Nice Life/Atlantic",0.721,0.769,7,-4.111,1,0.105,0.0922,0,0.0817,0.915,155.932,4
"2284","spotify:track:4T6FWA703h6H7zk1FoSARw","New Light","Sob Rock","John Mayer","2021-07-16",217426,80,"false","31eccah37lak4fovpzlrqy7364sa","2023-01-03T20:32:11Z","singer-songwriter","Columbia",0.826,0.694,7,-7.862,1,0.0315,0.316,0.0285,0.074,0.852,123.932,4
"2285","spotify:track:1tNJrcVe6gwLEiZCtprs1u","3 Nights","Don't Forget About Me, Demos","Dominic Fike","2018-10-16",177666,75,"false","31eccah37lak4fovpzlrqy7364sa","2023-01-03T20:32:29Z","","Columbia",0.815,0.518,7,-6.594,0,0.0897,0.223,0,0.104,0.877,151.891,4
"2286","spotify:track:2v5JTeM6hSmi5wWy7jiwrI","I've Been Waiting (w/ ILoveMakonnen & Fall Out Boy)","I've Been Waiting (w/ ILoveMakonnen & Fall Out Boy)","Lil Peep;ILOVEMAKONNEN;Fall Out Boy","2019-01-31",233613,62,"true","31eccah37lak4fovpzlrqy7364sa","2023-01-03T20:32:39Z","emo rap,cloud rap,emo,pop punk","Columbia",0.741,0.845,5,-3.568,0,0.0381,0.15,0,0.174,0.926,129.939,4
"2287","spotify:track:71hhuJLNpxBQLSbbQ6ZWr4","Body Talks (feat. Kesha)","YOUNG&DANGEROUS","The Struts;Kesha","2018-10-19",177159,58,"false","31eccah37lak4fovpzlrqy7364sa","2023-01-03T20:34:32Z","glam rock","The Struts",0.537,0.92,10,-3.438,0,0.274,0.00592,0,0.34,0.843,185.703,4
"2288","spotify:track:1gis2GuTV59Dr041gcvzKt","The Ol' Switcheroo","Everybody Wants","The Struts","2016-03-04",222386,37,"false","31eccah37lak4fovpzlrqy7364sa","2023-01-03T20:34:49Z","glam rock","The Struts",0.461,0.882,4,-2.566,1,0.0584,0.00926,0.000336,0.239,0.458,126.975,4
"2289","spotify:track:2Y8V3jPU6QRpZHd8FKKeJY","People's Champ","People's Champ","Arkells","2018-04-06",184861,0,"true","31eccah37lak4fovpzlrqy7364sa","2023-01-04T02:12:14Z","","Last Gang",0.76,0.858,5,-5.254,1,0.0761,0.00655,3.44e-05,0.208,0.799,120.013,4
"2290","spotify:track:0bg6otrW5gxNnlCqrCrXyd","Dynamite","Rokstarr (International Version)","Taio Cruz","2010-05-28",203866,1,"false","31eccah37lak4fovpzlrqy7364sa","2023-01-04T02:17:17Z","","Universal Music Ltd.",0.754,0.804,4,-3.177,1,0.0853,0.00332,0,0.0329,0.818,119.968,4
"2291","spotify:track:4GgOvZJ1vL1f6QTaPJdxXP","Without You - feat. Usher","Nothing But The Beat","David Guetta","2011",208134,1,"false","31eccah37lak4fovpzlrqy7364sa","2023-01-04T02:17:38Z","edm","Virgin local",0.606,0.612,2,-3.676,1,0.028,0.211,3.7e-06,0.128,0.477,127.882,4
"2292","spotify:track:3DarAbFujv6eYNliUTyqtz","Kiss Me More (feat. SZA)","Planet Her","Doja Cat;SZA","2021-06-25",208666,87,"true","31eccah37lak4fovpzlrqy7364sa","2023-01-04T02:24:26Z","r&b","Kemosabe Records/RCA Records",0.764,0.705,8,-3.463,1,0.0284,0.259,8.92e-05,0.12,0.781,110.97,4
"2293","spotify:track:39F08AoluLGQ9F1J2bO4Pn","I’m So Humble","Popstar: Never Stop Never Stopping","The Lonely Island;Adam Levine","2016-06-03",152546,52,"false","31eccah37lak4fovpzlrqy7364sa","2023-01-07T23:44:36Z","comedy","Popstar Soundtrack/Republic/Universal",0.769,0.768,9,-4.709,1,0.23,0.0391,0,0.0699,0.797,140.979,4
"2294","spotify:track:7dzUZec5MnWMyQnk5klnKR","Grace Kelly","Life in Cartoon Motion","MIKA","2007-02-05",187733,63,"false","31eccah37lak4fovpzlrqy7364sa","2023-02-08T19:46:04Z","","Casablanca Records/Island UK",0.671,0.82,0,-5.796,1,0.048,0.0194,0.0133,0.361,0.685,122.361,4
"2295","spotify:track:234RqTZmnDTnxWlVciXHLD","It's Not Over","Daughtry (Deluxe Edition)","Daughtry","2006",215026,72,"false","31eccah37lak4fovpzlrqy7364sa","2023-02-21T12:45:25Z","post-grunge","RCA Records Label",0.428,0.919,10,-3.245,0,0.0618,0.0503,0,0.245,0.294,145.927,4
"2296","spotify:track:7CZyCXKG6d5ALeq41sLzbw","Take What You Want (feat. Ozzy Osbourne & Travis Scott)","Hollywood's Bleeding","Post Malone;Ozzy Osbourne;Travis Scott","2019-09-06",229573,81,"false","31eccah37lak4fovpzlrqy7364sa","2023-02-25T21:21:22Z","metal,glam metal,heavy metal,hard rock,rap","Republic Records",0.498,0.8,1,-2.665,0,0.0503,0.0903,0,0.147,0.272,139.918,4
"2297","spotify:track:4tLaORnfkafV07U8O8dEeL","Dancing In The Rain","Marvelous","Yung Gravy","2022-10-28",125911,42,"true","31eccah37lak4fovpzlrqy7364sa","2023-03-02T14:50:55Z","","Universal Records",0.746,0.646,0,-7.601,1,0.186,0.052,0,0.784,0.811,156.079,4
"2298","spotify:track:2TV9fAIDDJ3dMwJCj1a5pc","Window","In The Wind","MAGIC GIANT","2017-05-19",209613,51,"false","31eccah37lak4fovpzlrqy7364sa","2023-03-10T13:57:49Z","folk pop","Razor & Tie",0.401,0.723,5,-5.549,1,0.0408,0.00956,4.76e-05,0.0444,0.781,116.023,4
"2299","spotify:track:4zag02jtwumRcnPdYYr0Do","Red Dress","Red Dress","MAGIC!","2016-06-17",200796,47,"false","31eccah37lak4fovpzlrqy7364sa","2023-03-10T14:05:27Z","","Latium Records/RCA Records",0.651,0.794,10,-4.458,1,0.0329,0.0913,0,0.249,0.792,135.974,4
"2300","spotify:track:2QfznFotJNZmnIEYFdzE5T","Heartbreak Anniversary","Heartbreak Anniversary","GIVĒON","2020-02-21",196794,74,"false","31eccah37lak4fovpzlrqy7364sa","2023-03-21T02:36:11Z","r&b","Epic/Not So Fast",0.624,0.457,0,-8.876,1,0.0494,0.557,0,0.128,0.586,129.758,4
"2301","spotify:track:3sR7ZJLhTV28FJku2Wz37K","Mona Lisa","Popstar: Never Stop Never Stopping","The Lonely Island","2016-06-03",158400,44,"true","31eccah37lak4fovpzlrqy7364sa","2023-03-23T21:30:22Z","comedy","Popstar Soundtrack/Republic/Universal",0.618,0.885,7,-4.322,1,0.11,0.0123,0,0.387,0.731,131.862,4
"2302","spotify:track:5zqdoQXjMmqb1GyzTKa4E9","Love From The Other Side","So Much (For) Stardust","Fall Out Boy","2023-03-24",279737,0,"false","31eccah37lak4fovpzlrqy7364sa","2023-04-08T00:25:20Z","emo,pop punk","Fueled By Ramen",0.418,0.895,4,-5.626,0,0.0966,0.000965,0.000475,0.302,0.218,157.803,4
"2303","spotify:track:6OG1S805gIrH5nAQbEOPY3","You'll Be Back","Hamilton (Original Broadway Cast Recording)","Jonathan Groff;Original Broadway Cast of Hamilton","2015-09-25",208321,75,"false","31eccah37lak4fovpzlrqy7364sa","2023-04-08T01:46:44Z","musicals","Atlantic Records",0.607,0.466,0,-7.562,1,0.0578,0.39,0,0.135,0.434,121.741,4
"2304","spotify:track:5fgkjhICZnqFctrV0AyuQD","Walking in Memphis","Marc Cohn","Marc Cohn","1991",252613,73,"false","31eccah37lak4fovpzlrqy7364sa","2023-04-09T04:13:57Z","","Rhino",0.567,0.512,0,-8.831,1,0.0357,0.545,0,0.296,0.334,130.271,4
"2305","spotify:track:5GKdWRbTtj6D6gKM9455j5","OUT OF MY MIND","OUT OF MY MIND","little image","2023-01-20",160676,0,"false","31eccah37lak4fovpzlrqy7364sa","2023-04-18T11:42:29Z","","Hollywood Records",0.89,0.429,0,-6.247,1,0.042,0.0076,0.000692,0.067,0.822,110.078,4
"2306","spotify:track:0QULNNd9z5s35entfiiXoa","Drunk (And I Don't Wanna Go Home)","Drunk (And I Don't Wanna Go Home)","Elle King;Miranda Lambert","2021-02-26",245625,68,"false","31eccah37lak4fovpzlrqy7364sa","2023-04-18T18:37:20Z","country","RCA Records Label",0.612,0.884,5,-4.4,1,0.0459,0.00516,0,0.0997,0.626,119.991,4
"2307","spotify:track:6sZo5nJIsFWXefRCCexpx0","Never Gonna Not Dance Again","Never Gonna Not Dance Again","P!nk","2022-11-04",225789,64,"true","31eccah37lak4fovpzlrqy7364sa","2023-04-18T18:40:19Z","","RCA Records Label",0.668,0.802,5,-4.005,0,0.0917,0.0273,0,0.163,0.769,113.796,4
"2308","spotify:track:5udkv8BEG1sAN5ZtR6CAzv","The Dumb Song","The Dumb Song","AJR","2023-04-21",225946,45,"true","31eccah37lak4fovpzlrqy7364sa","2023-04-22T20:08:49Z","","Mercury Records / Republic Records",0.502,0.725,0,-4.214,1,0.0488,0.0507,2.81e-06,0.37,0.757,170.826,4
"2309","spotify:track:5imShWWzwqfAJ9gXFpGAQh","Waiting On the World to Change","Continuum","John Mayer","2006-09-11",200666,71,"false","31eccah37lak4fovpzlrqy7364sa","2023-04-27T23:07:59Z","singer-songwriter","Aware/Columbia",0.578,0.756,2,-5.82,1,0.115,0.157,0.000232,0.249,0.663,176.739,4
"2310","spotify:track:2ixsaeFioXJmMgkkbd4uj1","Budapest","Wanted on Voyage (Expanded Edition)","George Ezra","2014-06-30",200573,86,"false","31eccah37lak4fovpzlrqy7364sa","2023-04-29T18:11:25Z","","Columbia",0.717,0.455,5,-8.303,1,0.0276,0.0846,0,0.11,0.389,127.812,4
"2311","spotify:track:7nvIPwXKGhqtRhssxM99kJ","Drew Barrymore","Carnival","Bryce Vine","2019-09-06",191146,66,"true","31eccah37lak4fovpzlrqy7364sa","2023-04-29T23:31:49Z","","Sire",0.758,0.574,11,-6.889,0,0.0572,0.46,0.00272,0.102,0.261,151.985,4
"2312","spotify:track:1l4iQsOZ5sOXZPMQLvouaB","Coast (feat. Anderson .Paak)","Coast","Hailee Steinfeld;Anderson .Paak","2022-07-29",166720,64,"false","31eccah37lak4fovpzlrqy7364sa","2023-05-05T18:34:40Z","","Mercury Records / Republic Records",0.727,0.832,1,-5.153,0,0.0495,0.0125,9.96e-06,0.116,0.813,111.988,4
"2313","spotify:track:2XbfY2O2v3xwedUJ0J2kkr","Closer","Year Of The Gentleman (Bonus Track Edition)","Ne-Yo","2008-01-01",234360,77,"false","31eccah37lak4fovpzlrqy7364sa","2023-05-13T21:59:00Z","","Def Soul",0.711,0.754,4,-6.461,0,0.0763,0.028,2.96e-05,0.152,0.59,126.05,4
"2314","spotify:track:0LH5xRQz5D36FpIkYUFv2e","In Your Arms","Black Star Elephant","Nico & Vinz","2014",205800,54,"false","31eccah37lak4fovpzlrqy7364sa","2023-05-26T23:59:51Z","","Warner Records",0.431,0.81,7,-6.051,1,0.0958,0.299,0,0.249,0.674,110.118,4
"2315","spotify:track:5iukFyne3KAXsglJeByip0","Overload","Prologue","Life of Dillon","2015-05-15",211969,43,"false","31eccah37lak4fovpzlrqy7364sa","2023-05-27T00:00:16Z","","Epic/Disruptor Records",0.665,0.758,8,-4.943,1,0.0301,0.00346,3.43e-05,0.0795,0.488,126.057,4
"2316","spotify:track:2bN0VoXCagktb6yAi9942I","Best I Ever Had","Make A Move","Gavin DeGraw","2013-10-09",226200,53,"false","31eccah37lak4fovpzlrqy7364sa","2023-05-29T14:42:24Z","","RCA Records Label",0.547,0.932,7,-5.237,1,0.0966,0.00233,0,0.335,0.512,134.976,4
"2317","spotify:track:63TVmH2fC4DpbnH5o3p8qi","Ghost","Forever","Mystery Skulls","2014-10-27",259079,55,"true","31eccah37lak4fovpzlrqy7364sa","2023-06-03T16:08:11Z","","Warner Records",0.667,0.611,6,-4.798,0,0.0335,0.0328,0.0353,0.0963,0.269,119.97,4
"2318","spotify:track:6RKGBcDtgzXx21zUjpeu6F","Cold Cold Man","My Type EP","Saint Motel","2014-08-16",230773,71,"false","31eccah37lak4fovpzlrqy7364sa","2023-06-12T21:35:16Z","","Parlophone UK",0.613,0.661,9,-4.984,1,0.0263,0.00652,0,0.0976,0.509,110.978,4
"2319","spotify:track:7rt7ywY9yekwaYXk2Zt4Q5","Fool","Fitz and The Tantrums (Deluxe Edition)","Fitz and The Tantrums","2017-07-24",189136,54,"false","31eccah37lak4fovpzlrqy7364sa","2023-06-22T19:19:02Z","","Elektra (NEK)",0.683,0.833,8,-3.324,1,0.0595,0.0499,0.000858,0.161,0.537,136.099,4
"2320","spotify:track:08uGhvS5MfBk7crUCpnjva","Blame It","Intuition","Jamie Foxx;T-Pain","2008-12-11",289746,70,"true","31eccah37lak4fovpzlrqy7364sa","2023-06-24T15:15:55Z","","J Records",0.673,0.614,7,-5.426,1,0.103,0.0782,0,0.139,0.362,176.052,4
"2321","spotify:track:7FdUvDkaE24o3FPIWTvzv2","Follow You","Follow You / Cutthroat","Imagine Dragons","2021-03-12",175643,64,"false","31eccah37lak4fovpzlrqy7364sa","2023-06-27T21:41:35Z","","KIDinaKORNER/Interscope Records",0.542,0.732,9,-5.956,1,0.0521,0.00209,7.92e-05,0.496,0.489,124.912,4
"2322","spotify:track:2moTY9zKAZkRsODU4TUXY6","Messin' Around (with Enrique Iglesias)","Messin' Around (w/ Enrique Iglesias) (with Enrique Iglesias)","Pitbull;Enrique Iglesias","2016-05-26",223265,51,"true","31eccah37lak4fovpzlrqy7364sa","2023-07-10T22:55:45Z","latin pop,latin","Mr.305/Polo Grounds Music/RCA Records",0.576,0.807,2,-4.602,1,0.0454,0.0157,0,0.0338,0.765,158.002,4
"2323","spotify:track:4nK5YrxbMGZstTLbvj6Gxw","Supalonely","STELLA & STEVE","BENEE;Gus Dapperton","2019-11-15",223480,70,"true","31eccah37lak4fovpzlrqy7364sa","2023-07-11T21:21:50Z","bedroom pop","Republic Records",0.863,0.63,7,-4.688,1,0.0537,0.304,3.04e-05,0.123,0.816,128.977,4
"2324","spotify:track:7FWmDBr2xbRgpsYHwv5PwR","Take You Dancing","Trending 2021","Jason Derulo","2021-02-05",190306,30,"false","31eccah37lak4fovpzlrqy7364sa","2023-07-11T21:23:11Z","","Rhino",0.78,0.687,2,-5.22,1,0.0468,0.0411,0,0.0701,0.741,112.975,4
"2325","spotify:track:0TyUOnU4H4GLqOcrH0auc8","Sharks","Sharks","Imagine Dragons","2022-06-24",190883,65,"false","31eccah37lak4fovpzlrqy7364sa","2023-07-11T21:27:08Z","","KIDinaKORNER/Interscope Records",0.927,0.642,10,-4.466,0,0.0657,0.00791,3.62e-05,0.279,0.901,123.969,4
"2326","spotify:track:6RB5oehc3ov71SgUTM9WBX","Played Myself","Played Myself","John Michael Howell","2023-02-03",133524,39,"false","31eccah37lak4fovpzlrqy7364sa","2023-07-12T03:08:19Z","","John Michael Howell",0.85,0.573,8,-6.021,1,0.0534,0.163,0,0.108,0.846,140.087,4
"2327","spotify:track:2pAdtQuiEVGr7nOXGiv7t4","If This Is It","Sports","Huey Lewis & The News","1983",233160,63,"false","31eccah37lak4fovpzlrqy7364sa","2023-07-16T16:56:34Z","","Capitol Records (CAP)",0.349,0.667,7,-7.407,1,0.0329,0.208,1.5e-06,0.317,0.84,147.414,3
"2328","spotify:track:3SXXFIZel1VQQ4ENiqozxi","Still into You","Paramore (Deluxe Edition)","Paramore","2013-04-09",216013,68,"false","31eccah37lak4fovpzlrqy7364sa","2023-07-17T13:02:31Z","pop punk,emo","Fueled By Ramen",0.602,0.923,5,-3.763,1,0.044,0.0098,0,0.0561,0.765,136.01,4
"2329","spotify:track:1V2K6ftpUhL9sLEoceuzoY","She Sets The City On Fire","Something Worth Saving","Gavin DeGraw","2016-09-09",218710,58,"false","31eccah37lak4fovpzlrqy7364sa","2023-07-28T12:51:17Z","","RCA Records Label",0.618,0.61,4,-6.413,1,0.0517,0.0129,0,0.0821,0.595,125.887,4
"2330","spotify:track:0SZPXD0uEl72YjUVY2K3E9","The Business, Pt. II","The Business, Pt. II","Tiësto;Ty Dolla $ign","2021-01-21",164267,56,"false","31eccah37lak4fovpzlrqy7364sa","2023-07-29T23:03:36Z","edm,trance,big room,trap soul","Atlantic Records",0.658,0.747,8,-6.567,0,0.0971,0.138,0,0.129,0.326,120.073,4
"2331","spotify:track:104buTcnP2AsxqB7U1FIZ4","Heavy (feat. Kiiara)","One More Light","Linkin Park;Kiiara","2017-05-19",169800,73,"true","31eccah37lak4fovpzlrqy7364sa","2023-07-29T23:04:07Z","nu metal,rap metal,rock,alternative metal","Warner Records",0.59,0.671,9,-6.098,1,0.0706,0.0484,0,0.0604,0.438,149.982,4
"2332","spotify:track:3NxWJWftvkstyxvb1pZlFo","Teeth","CALM","5 Seconds of Summer","2020-03-27",205502,85,"false","31eccah37lak4fovpzlrqy7364sa","2023-07-29T23:05:31Z","","5 Seconds Of Summer/Interscope",0.745,0.454,3,-2.986,0,0.0392,0.0437,3.47e-06,0.0741,0.43,139.007,4
"2333","spotify:track:6IDDwI0YOCAUDhMZltQekS","Love Don't Die","Helios","The Fray","2014-02-24",183093,56,"false","31eccah37lak4fovpzlrqy7364sa","2023-07-29T23:09:00Z","","Epic",0.632,0.805,11,-4.488,0,0.0303,0.0095,0,0.197,0.275,115.489,4
"2334","spotify:track:4Zfq7r0v4FKeoxwhyLYSyb","Evacuate the Dancefloor","Back On the Dancefloor","Cascada","2012-04-27",205884,54,"false","31eccah37lak4fovpzlrqy7364sa","2023-07-29T23:11:15Z","europop,eurodance,nightcore","Zoo Digital",0.76,0.696,0,-5.811,1,0.0491,0.0195,0,0.278,0.903,127.029,4
"2335","spotify:track:6L6CPMkduYn5Ty1t1lx0sc","Shake","Shake","Jesse McCartney","2010-09-12",188560,48,"false","31eccah37lak4fovpzlrqy7364sa","2023-07-29T23:11:56Z","","Blue Suit",0.767,0.824,6,-2.778,1,0.062,0.0928,0,0.0275,0.938,150.014,4
"2336","spotify:track:1f4tvi37ABO60upCvtm5Cl","Worst Nites","Pick U Up","Foster The People","2019-09-06",211920,52,"false","31eccah37lak4fovpzlrqy7364sa","2023-07-29T23:16:18Z","","Columbia",0.741,0.752,2,-4.968,1,0.0386,0.00834,0.00165,0.0438,0.609,114.02,4
"2337","spotify:track:6tVrmsbI5HVDgOlFSTrQjB","Lucky Strike","Overexposed","Maroon 5","2021-06-20",185280,49,"false","31eccah37lak4fovpzlrqy7364sa","2023-07-29T23:19:19Z","pop","Interscope Records*",0.674,0.74,11,-4.517,0,0.0419,0.000637,0,0.111,0.431,143.994,4
"2338","spotify:track:5j0McHPthKpOXRr3fBq8M0","Love in This Club (feat. Young Jeezy)","Here I Stand","USHER;Jeezy","2008-05-27",259719,81,"false","31eccah37lak4fovpzlrqy7364sa","2023-07-29T23:22:37Z","r&b,southern hip hop,crunk,gangster rap,rap","LaFace Records",0.573,0.712,0,-5.976,1,0.0732,0.0572,0,0.167,0.346,140.012,4
"2339","spotify:track:3szbYyYgEBehQG7q0kv5qb","If You Were Mine","If You Were Mine","Ocean Park Standoff;Lil Yachty","2018-04-27",204380,48,"false","31eccah37lak4fovpzlrqy7364sa","2023-07-29T23:23:12Z","","Hollywood Records",0.656,0.773,8,-3.609,1,0.0297,0.00989,0,0.436,0.406,120.056,4
"2340","spotify:track:05j9ehtmZsj8BL07s9rZ75","How We Do (Party)","ORA","Rita Ora","2012",247026,0,"true","31eccah37lak4fovpzlrqy7364sa","2023-07-29T23:25:32Z","","Roc Nation/Columbia",0.738,0.922,7,-3.94,1,0.0835,0.0034,0,0.0986,0.689,116.024,4
"2341","spotify:track:5daPDkqS2ftQClyDn1pSk2","T-Pain Mashup (with Kurt Hugo Schneider)","T-Pain Mashup (with Kurt Hugo Schneider)","T-Pain;Kurt Hugo Schneider","2017-10-27",184527,59,"false","31eccah37lak4fovpzlrqy7364sa","2023-07-29T23:28:46Z","","Nappy Boy/Konvict Muzik/RCA Records",0.337,0.273,10,-9.258,0,0.042,0.847,0,0.121,0.556,171.504,4
"2342","spotify:track:769e3yVJw9s6r8k33YkT5A","One Woman Man","Fifty Shades Darker (Original Motion Picture Soundtrack)","John Legend","2017-02-10",244560,50,"false","31eccah37lak4fovpzlrqy7364sa","2023-08-12T02:12:57Z","soft pop,neo soul","Fifty Shades Darker",0.51,0.623,4,-5.444,0,0.0358,0.0606,0,0.0997,0.281,129.825,3
"2343","spotify:track:2Zd9awmsA8KuF65snhz7YH","Puzzle Pieces","Voyeur","Saint Motel","2012-07-10",231386,55,"false","31eccah37lak4fovpzlrqy7364sa","2023-08-17T12:03:37Z","","OnThe Records",0.537,0.89,5,-5.191,1,0.0488,0.117,2.05e-05,0.279,0.597,114.088,4
"2344","spotify:track:0ZfByLXCeKchuj7zi1CJ0S","Stolen Dance","Sadnecessary (Bonus Track Version)","Milky Chance","2014-10-14",313626,81,"false","31eccah37lak4fovpzlrqy7364sa","2023-08-17T12:12:19Z","","Neon",0.879,0.565,11,-8.809,1,0.037,0.412,0.000239,0.0798,0.685,114.009,4
"2345","spotify:track:4EaO2XR7gWaHq8DW7nu1iY","Paris","Before the Waves","Magic Man","2014-07-08",232750,48,"true","31eccah37lak4fovpzlrqy7364sa","2023-08-20T00:34:48Z","","Neon Gold/Columbia",0.472,0.881,2,-5.252,1,0.0524,0.0876,0,0.0698,0.502,178.858,4
"2346","spotify:track:2unp0ExpWWhc4R2eL5L5HZ","I'll Be in the Sky","I'll Be in the Sky","B.o.B","2008-10-21",245925,40,"true","31eccah37lak4fovpzlrqy7364sa","2023-09-16T19:50:58Z","","Rebel Rock/Atlantic",0.754,0.798,11,-3.825,0,0.0486,0.0381,0,0.177,0.607,125.002,4
"2347","spotify:track:61X6EpOcu4PRt8OhL6ci7B","Lemons","Lemons","Dylan And The Moon;Jason Derulo","2023-09-29",148906,32,"false","31eccah37lak4fovpzlrqy7364sa","2023-10-03T18:45:23Z","","Future History",0.729,0.7,9,-7.079,0,0.0441,0.00221,0,0.335,0.82,134.924,4
"2348","spotify:track:3iAD903jI8tHlM6Cn1zMax","Hold My Hand","I Cry When I Laugh","Jess Glynne","2015",227343,51,"false","31eccah37lak4fovpzlrqy7364sa","2023-10-03T18:53:55Z","","Atlantic Records UK",0.642,0.823,0,-5.717,1,0.0289,0.00159,0,0.0776,0.431,122.977,4
"2349","spotify:track:3dj4wgM3cPeuLwMNHDuBon","The Door","I've Tried Everything But Therapy (Part 1)","Teddy Swims","2023-09-15",212648,89,"false","31eccah37lak4fovpzlrqy7364sa","2023-10-05T21:21:00Z","","Warner Records",0.731,0.861,8,-5.483,0,0.0532,0.0193,0,0.123,0.759,127.922,4
"2350","spotify:track:0mflMxspEfB0VbI1kyLiAv","Stick Season","Stick Season","Noah Kahan","2022-10-14",182346,89,"false","31eccah37lak4fovpzlrqy7364sa","2023-10-16T18:22:21Z","","Mercury Records/Republic Records",0.664,0.5,9,-6.935,1,0.0651,0.799,0,0.0966,0.801,117.896,4
"2351","spotify:track:0mBKv9DkYfQHjdMcw2jdyI","Chunky","24K Magic","Bruno Mars","2016-11-18",186973,76,"false","31eccah37lak4fovpzlrqy7364sa","2023-10-26T13:04:09Z","","Atlantic Records",0.571,0.539,5,-4.446,0,0.116,0.0208,0,0.125,0.727,202.103,4
"2352","spotify:track:2PtBhfoPZ6VYtXkrE5FrCH","Reflections","Our Own House","MisterWives","2015-02-24",186440,60,"false","31eccah37lak4fovpzlrqy7364sa","2023-11-07T19:09:21Z","","Photo Finish / Republic Records",0.683,0.675,2,-5.461,1,0.0292,0.0223,0.0187,0.101,0.6,111.008,4
"2353","spotify:track:4aQ9jSA12IrY4jZK0fOY1d","Bang!","OK ORCHESTRA","AJR","2021-03-26",170858,0,"false","31eccah37lak4fovpzlrqy7364sa","2023-11-16T01:14:50Z","","BMG Rights Management (US) LLC",0.74,0.517,1,-6.233,0,0.0506,0.0183,0,0.0558,0.698,139.917,4
"2354","spotify:track:2L5watN9wy4bAnBvhxYg8r","Subliminal","Subliminal","half•alive","2023-09-13",165130,48,"false","31eccah37lak4fovpzlrqy7364sa","2023-11-17T14:33:30Z","","half•alive",0.653,0.738,11,-5.073,1,0.102,0.102,0,0.295,0.741,147.134,4
"2355","spotify:track:7fhiGdj0nn0ZCmIAocG8G0","Maybe Man","The Maybe Man","AJR","2023-11-10",220093,60,"true","31eccah37lak4fovpzlrqy7364sa","2023-11-28T00:29:27Z","","Mercury Records / Republic Records",0.473,0.467,4,-6.127,1,0.0405,0.632,0,0.303,0.347,143.948,4
"2356","spotify:track:60Dm9pk0l2WXIfURNGQ51A","Nobody Gets Me Like You Do","Blink Once","Arkells","2021-09-22",189546,33,"true","31eccah37lak4fovpzlrqy7364sa","2023-12-01T19:47:04Z","","Arkells Music ROW",0.725,0.797,7,-6.415,1,0.0467,0.0105,0,0.138,0.729,114.989,4
"2357","spotify:track:6pf9datdAtxQj4EU8UYHSx","Levels","Nick Jonas X2","Nick Jonas","2015-11-20",167693,57,"false","31eccah37lak4fovpzlrqy7364sa","2023-12-02T22:46:02Z","","Safehouse Records / Island Records",0.432,0.656,5,-4.669,0,0.429,0.0488,0,0.256,0.66,198.452,4
"2358","spotify:track:7wpzB9vIfNoNOy5LsJSkrz","Past Life","Blink Twice","Arkells;Cold War Kids","2022-11-17",211528,47,"false","31eccah37lak4fovpzlrqy7364sa","2023-12-06T01:24:11Z","","Arkells Music Label",0.624,0.882,0,-4.723,1,0.0548,0.069,2.92e-06,0.39,0.418,165.925,4
"2359","spotify:track:7EFbnQnhWPdFYsCqoqIfQu","Put Me to Work","3.0","Big Data","2019-07-26",259626,43,"false","31eccah37lak4fovpzlrqy7364sa","2023-12-19T21:05:39Z","","Wilcassettes",0.717,0.782,5,-3.221,0,0.0295,0.000946,0.00404,0.105,0.712,110.015,4
"2360","spotify:track:1KNYCbS2hGara6pzGCa2Ui","How Does It Feel","How Does It Feel","Tom Grennan","2023-05-03",143573,51,"false","31eccah37lak4fovpzlrqy7364sa","2023-12-20T05:28:27Z","","Insanity Records",0.631,0.93,0,-3.377,1,0.0887,0.0496,0,0.243,0.947,155.045,4
"2361","spotify:track:0Nk7bSn0MItonkR0GNs3mj","The Walker","More Than Just a Dream (Deluxe Edition)","Fitz and The Tantrums","2013-05-07",233133,67,"false","31eccah37lak4fovpzlrqy7364sa","2023-12-26T20:14:16Z","","Elektra (NEK)",0.77,0.801,9,-4.182,0,0.0336,0.00375,0.00281,0.0515,0.725,130.76,4
"2362","spotify:track:2f8FHYOkBjxnNxBWXWBpsG","Burnin' Up","Sweet Talker (Deluxe Version)","Jessie J;2 Chainz","2014-10-10",220546,52,"false","31eccah37lak4fovpzlrqy7364sa","2023-12-26T20:14:45Z","southern hip hop,rap","Lava Music/Republic Records",0.757,0.814,1,-2.969,0,0.0459,0.0442,3.54e-06,0.687,0.414,124.023,4
"2363","spotify:track:1bHnRc60O1N0l3PbHjaKyK","Better Place (From TROLLS Band Together)","Better Place (From TROLLS Band Together)","*NSYNC;Justin Timberlake","2023-09-29",216670,67,"false","31eccah37lak4fovpzlrqy7364sa","2023-12-30T19:49:31Z","","RCA Records Label",0.579,0.556,4,-6.277,0,0.0511,0.0214,0,0.0904,0.558,116.943,4
"2364","spotify:track:07fbDnkKdZGk1gLvknxrns","RUNAWAY","RUNAWAY","OneRepublic","2023-05-26",143264,65,"false","31eccah37lak4fovpzlrqy7364sa","2024-01-02T23:52:32Z","","Mosley Music/Interscope Records",0.629,0.691,3,-5.512,0,0.0513,0.0258,0,0.0615,0.766,163.065,4
"2365","spotify:track:0CrhIYKizM7cLxJVh2AocH","Read Me My Rights","Just As I Am (Platinum Edition)","Brantley Gilbert","2015-01-01",234880,61,"false","31eccah37lak4fovpzlrqy7364sa","2024-01-03T04:25:37Z","country,country rock,country hip hop,acoustic country","The Valory Music Co., LLC.",0.423,0.945,1,-4.785,1,0.0748,0.00467,0.000556,0.0806,0.58,174.039,4
"2366","spotify:track:5ql22UbzPOJrDSjVeTvX6E","My Bad","My Bad","Teddy Swims","2021-02-03",177142,63,"false","31eccah37lak4fovpzlrqy7364sa","2024-01-08T22:24:14Z","","Warner Records",0.76,0.738,9,-6.056,1,0.0596,0.122,0,0.0787,0.313,137.38,4
"2367","spotify:track:0BlgC4imZTBffVrXaQmLet","Behind","Behind","Myles Smith","2023-12-27",198688,0,"false","31eccah37lak4fovpzlrqy7364sa","2024-01-21T22:25:19Z","","Independent",0.595,0.786,0,-7.767,0,0.0396,0.155,4.47e-06,0.264,0.52,122.023,4
"2368","spotify:track:2jm0UrP5A9ccJ3twMI8cVq","Solo","Solo","Myles Smith","2023-11-15",199756,0,"false","31eccah37lak4fovpzlrqy7364sa","2024-01-21T22:35:54Z","","Independent",0.427,0.458,0,-7.157,1,0.0355,0.697,0,0.117,0.35,122.828,4
"2369","spotify:track:7vjT358D8LWnqUFMhMAJ1U","All She Wanna Do","LEGEND","John Legend","2022-09-09",191052,42,"false","31eccah37lak4fovpzlrqy7364sa","2024-01-22T15:26:26Z","soft pop,neo soul","Republic Records",0.745,0.806,5,-4.994,0,0.181,0.0604,0,0.181,0.609,112.013,4
"2370","spotify:track:1XNAH3h63O1hWFcgyHGbjf","Nervous","LEGEND","John Legend","2022-09-09",188046,62,"false","31eccah37lak4fovpzlrqy7364sa","2024-01-28T02:41:16Z","soft pop,neo soul","Republic Records",0.583,0.556,2,-4.844,1,0.0531,0.426,0,0.187,0.358,123.354,4
"2371","spotify:track:5xHooj89TQoQHj3dALvSh1","No Way No","Don't Kill the Magic","MAGIC!","2014-06-25",231661,61,"false","31eccah37lak4fovpzlrqy7364sa","2024-01-30T15:32:05Z","","Latium Records/RCA Records",0.743,0.733,7,-5.183,0,0.0513,0.104,1.05e-05,0.149,0.807,153.978,4
"2372","spotify:track:3Fug6rfarsHtM6Ws9ofzaD","Lovesick","Lovesick","Jenna Raine","2024-01-26",151760,46,"false","31eccah37lak4fovpzlrqy7364sa","2024-02-01T23:06:59Z","","Warner Records",0.588,0.726,1,-5.725,1,0.0671,0.285,0,0.19,0.702,151.874,4
"2373","spotify:track:7z3N2W7Xz1t2G2sAO8wFVH","Burn","Confessions (Expanded Edition)","USHER","2004-03-23",231933,78,"false","31eccah37lak4fovpzlrqy7364sa","2024-02-12T01:31:36Z","r&b","LaFace Records",0.796,0.477,1,-7.161,1,0.108,0.314,0,0.12,0.685,119.928,4
"2374","spotify:track:64RZNkFqMF44Ql8dOfesgr","Feels Right (I Love It)","Feels Right (I Love It)","Flo Rida;Brian Kelley","2024-02-14",147189,1,"false","31eccah37lak4fovpzlrqy7364sa","2024-02-14T21:25:40Z","","Artist Partner Group",0.631,0.897,1,-3.038,0,0.0678,0.00218,4.53e-06,0.564,0.855,121.066,4
"2375","spotify:track:4rEe3htSUbJbO8kJePhHBx","Lifestyle (Jason Derulo ft. Adam Levine)","JORDI (Deluxe)","Jason Derulo;Adam Levine;Maroon 5","2021-06-11",153865,42,"true","31eccah37lak4fovpzlrqy7364sa","2024-02-21T21:17:54Z","pop","Interscope Records*",0.749,0.675,10,-5.128,0,0.0366,0.0219,0,0.17,0.708,123.055,4
"2376","spotify:track:6Zo3wgDE076K2AuiGZF3CS","Fun (feat. Chris Brown)","Globalization","Pitbull;Chris Brown","2014-11-24",202247,65,"false","31eccah37lak4fovpzlrqy7364sa","2024-03-14T23:34:47Z","r&b","Mr.305/Polo Grounds Music/RCA Records",0.793,0.774,0,-3.667,0,0.0478,0.156,0,0.193,0.547,113.967,4
"2377","spotify:track:3p9Cob30mhLcs9ny6891Z4","Imagination","Everything I Thought It Was","Justin Timberlake","2024-03-15",196168,40,"false","31eccah37lak4fovpzlrqy7364sa","2024-03-18T14:34:52Z","","RCA Records Label",0.716,0.854,5,-4.513,0,0.0449,0.0489,0,0.144,0.579,110.951,4
"2378","spotify:track:3t7MOVjzXyqT7vPw4eNrAV","Been Like This","Been Like This","Meghan Trainor;T-Pain","2024-03-14",145765,59,"false","31eccah37lak4fovpzlrqy7364sa","2024-03-21T14:26:08Z","","Epic",0.709,0.712,5,-4.671,0,0.0755,0.235,0,0.314,0.783,120.004,4
"2379","spotify:track:0X5KjYegjUWwigOnMRxyJm","Wonderful Life","Keep On Smiling","Two Door Cinema Club","2022-09-02",199154,42,"false","31eccah37lak4fovpzlrqy7364sa","2024-03-23T12:53:37Z","indie,indie rock","Glassnote Entertainment Group LLC",0.602,0.859,5,-2.918,1,0.0417,0.00776,3.06e-06,0.126,0.807,159.961,4
"2380","spotify:track:4IadxL6BUymXlh8RCJJu7T","Too Sweet","Unheard","Hozier","2024-03-22",251424,75,"false","31eccah37lak4fovpzlrqy7364sa","2024-03-26T02:13:24Z","","Columbia",0.741,0.62,10,-5.505,1,0.0412,0.0295,0.000809,0.0398,0.934,117.038,4
"2381","spotify:track:0Il5CjBYJYnE1tcfH9UdTO","At Your Worst","At Your Worst (feat. Zoe Wees)","Calum Scott","2023-10-20",167201,32,"false","31eccah37lak4fovpzlrqy7364sa","2024-04-01T14:24:00Z","soft pop","Capitol Records",0.729,0.605,7,-6.094,1,0.0332,0.0131,1.49e-05,0.428,0.213,120.101,4
"2382","spotify:track:4o120XeV8els1S5bu7mzBX","Eyes Closed","Eyes Closed","Imagine Dragons","2024-04-03",200010,61,"false","31eccah37lak4fovpzlrqy7364sa","2024-04-03T20:17:24Z","","KIDinaKORNER/Interscope Records",0.62,0.679,10,-7.116,0,0.108,0.0375,0.000625,0.0691,0.481,173.912,4
"2383","spotify:track:2k9cIkCVD4zotzFL6xj6hg","Player Two - From ""Don't Tell Mom The Babysitter's Dead""","Player Two (From ""Don't Tell Mom The Babysitter's Dead"")","Jordan Ward","2024-04-12",158057,57,"false","31eccah37lak4fovpzlrqy7364sa","2024-04-15T20:21:52Z","alternative r&b","ARTium Recordings, LLC/Interscope Records",0.907,0.654,5,-4.259,0,0.0472,0.332,0.000297,0.0285,0.968,131.061,4
"2384","spotify:track:4QUzKKSgqiRxSH5wCKpE3e","Remember When (Push Rewind)","Push Rewind","Chris Wallace","2017-01-29",191059,44,"false","31eccah37lak4fovpzlrqy7364sa","2024-04-20T22:20:20Z","","Chris Wallace",0.709,0.813,7,-3.521,1,0.0391,0.018,0,0.252,0.802,127.026,4
"2385","spotify:track:0VccAZeCgMvsnoLnokOBoh","Apple Juice","I've Tried Everything But Therapy (Part 1.5)","Teddy Swims","2024-04-26",182724,67,"false","31eccah37lak4fovpzlrqy7364sa","2024-04-30T14:27:10Z","","Warner Records",0.742,0.734,8,-5.76,1,0.0619,0.0374,1.37e-06,0.345,0.654,113.002,4
"2386","spotify:track:7p7rK9Iuef2LZzZt7hkP6S","Our Song","North (Deluxe Edition)","Matchbox Twenty","2012-08-28",180946,49,"false","31eccah37lak4fovpzlrqy7364sa","2024-06-01T21:54:58Z","post-grunge","Emblem/Atlantic",0.571,0.963,7,-3.54,1,0.0843,0.0195,0,0.104,0.911,160.033,4
"2387","spotify:track:1jAMA8Ut39vHYfso9WfRUZ","Somebody Loves You","Forever Charlie","Charlie Wilson","2015-01-23",209778,30,"false","31eccah37lak4fovpzlrqy7364sa","2024-06-02T16:46:50Z","sexy drill","RCA Records Label",0.76,0.793,1,-4.022,1,0.0533,0.0246,0,0.041,0.841,117.493,4
"2388","spotify:track:2Zo1PcszsT9WQ0ANntJbID","Feather","emails i can’t send fwd:","Sabrina Carpenter","2023-03-17",185552,83,"true","31eccah37lak4fovpzlrqy7364sa","2024-06-07T13:52:57Z","pop","Island Records",0.791,0.694,6,-4.332,0,0.0335,0.0736,1.75e-06,0.0958,0.826,123.508,4
"2389","spotify:track:3Vr3zh0r7ALn8VLqCiRR10","Stargazing","Stargazing","Myles Smith","2024-05-10",172533,84,"false","31eccah37lak4fovpzlrqy7364sa","2024-06-07T19:12:29Z","","RCA Records Label",0.635,0.601,1,-6.129,0,0.0295,0.246,0,0.11,0.332,123.994,4
"2390","spotify:track:1lbpwh97jdsftd1DhpESOg","White Claw","White Claw","Yung Gravy;Shania Twain","2024-06-07",206321,31,"true","31eccah37lak4fovpzlrqy7364sa","2024-06-10T01:00:17Z","country","Republic Records",0.388,0.763,1,-5.65,1,0.0434,0.0295,0,0.258,0.509,200.018,4
"2391","spotify:track:5YgTlbMcCbpzwEA8D67rxM","nice to know you","nice to know you","lovelytheband","2023-11-03",195348,41,"false","31eccah37lak4fovpzlrqy7364sa","2024-06-21T00:34:22Z","","Happy Accident",0.551,0.889,0,-5.255,0,0.298,0.191,3.39e-06,0.267,0.602,172.112,4
"2392","spotify:track:5ZLL6wYXeqg0k35ZkDRfhZ","Pour Me A Drink (Feat. Blake Shelton)","Pour Me A Drink","Post Malone;Blake Shelton","2024-06-21",195122,69,"false","31eccah37lak4fovpzlrqy7364sa","2024-06-22T15:22:50Z","country","Mercury Records/Post Malone",0.577,0.904,11,-3.817,1,0.033,0.0018,0,0.308,0.861,119.033,4
"2393","spotify:track:1e7EdcxkUPFZWfuY4VI3rh","Creatures in Heaven","Creatures In Heaven","Glass Animals","2024-04-03",221670,60,"false","31eccah37lak4fovpzlrqy7364sa","2024-06-24T12:41:51Z","","Polydor Records",0.513,0.687,2,-6.63,1,0.0611,0.47,0,0.293,0.409,160.052,4
"2394","spotify:track:47d9B59RxiLKUOolxaqoOA","Pretty Vicious","Pretty Vicious","The Struts","2023-11-03",310300,47,"false","31eccah37lak4fovpzlrqy7364sa","2024-06-25T15:16:48Z","glam rock","Big Machine Records",0.575,0.889,9,-4.444,1,0.0429,0.00365,0.000929,0.0831,0.549,142.076,4
"2395","spotify:track:53p7UcKs27t8pP8prii0wB","Jericho","Paperbacks & Perfume","Landon Conrath","2020-10-30",207133,47,"false","31eccah37lak4fovpzlrqy7364sa","2024-06-25T18:29:41Z","","Nettwerk Music Group",0.733,0.702,6,-7.815,1,0.043,0.344,0,0.0922,0.947,145.039,4
"2396","spotify:track:079lmD7ATOly8ZGWcjPRPq","Heaven's Got Nothing On You","Heaven's Got Nothing On You","The Struts","2024-02-23",183650,38,"false","31eccah37lak4fovpzlrqy7364sa","2024-06-26T20:47:41Z","glam rock","Big Machine Records",0.603,0.811,10,-4.736,0,0.036,0.0706,0.000106,0.101,0.642,143.021,4
"2397","spotify:track:4m1xjbJPiWDy1IRPe9PbPZ","Funeral","Funeral","Teddy Swims","2024-07-12",234090,49,"false","31eccah37lak4fovpzlrqy7364sa","2024-07-12T15:10:30Z","","NME",0.598,0.841,11,-5.637,0,0.0415,0.0166,0,0.207,0.364,114.988,4
"2398","spotify:track:6DBpDTvXhBbcfpOa1QrVYo","Roots","Roots","Calum Scott","2024-07-12",163228,58,"false","31eccah37lak4fovpzlrqy7364sa","2024-07-14T17:45:38Z","soft pop","Capitol Records",0.752,0.624,1,-4.919,0,0.0386,0.0123,0.048,0.151,0.942,120.067,4
"2399","spotify:track:1EWKlsk5xEsDnejpkPkFVZ","Flame","I've Tried Everything But Therapy (Part 1)","Teddy Swims","2023-09-15",144660,60,"false","31eccah37lak4fovpzlrqy7364sa","2024-08-08T01:25:09Z","","Warner Records",0.625,0.569,3,-5.849,1,0.0336,0.492,0,0.0955,0.615,151.818,4
"2400","spotify:track:5VKqWdiDTB7QTRrRmzNrIw","Soundcloud Cowboy","Serving Country","Yung Gravy","2024-08-02",186814,32,"true","31eccah37lak4fovpzlrqy7364sa","2024-08-09T00:33:08Z","","Republic Records",0.809,0.579,11,-7.831,0,0.168,0.423,0,0.438,0.539,124.078,4
"2401","spotify:track:0L9aSYUIDijRCT1yzsKAsr","My Garage (with Zac Brown)","Serving Country","Yung Gravy;Zac Brown","2024-08-02",156983,45,"true","31eccah37lak4fovpzlrqy7364sa","2024-08-09T19:38:00Z","","Republic Records",0.768,0.845,6,-3.467,1,0.0295,0.0636,0,0.234,0.945,117.985,4
"2402","spotify:track:0WbMK4wrZ1wFSty9F7FCgu","Good Luck, Babe!","Good Luck, Babe!","Chappell Roan","2024-04-05",218423,90,"false","31eccah37lak4fovpzlrqy7364sa","2024-08-12T23:31:08Z","","Chappell Roan PS/ Island",0.7,0.582,11,-5.96,0,0.0356,0.0502,0,0.0881,0.785,116.712,4
"2403","spotify:track:4NP7m0lFf4JXa2yp9RfqKq","2 Moods","Sleep is Exhausting","Teddy Swims","2022-11-04",144901,49,"false","31eccah37lak4fovpzlrqy7364sa","2024-08-16T00:58:36Z","","Warner Records",0.757,0.667,9,-7.234,1,0.208,0.0559,0.00236,0.0828,0.528,165.03,4
"2404","spotify:track:3nHuKdFJZm78CoeBnDcFKe","Bad Dreams","Bad Dreams","Teddy Swims","2024-09-13",184577,78,"false","31eccah37lak4fovpzlrqy7364sa","2024-09-13T14:13:02Z","","Warner Records",0.707,0.68,8,-6.203,1,0.0884,0.274,0,0.0932,0.62,125.058,4
"2405","spotify:track:6D3g26uM2CmNVUhPWWNsBS","Walk","Love + War","Kwabs","2016-01-29",214149,51,"false","31eccah37lak4fovpzlrqy7364sa","2024-09-23T14:19:13Z","","Atlantic Records",0.615,0.814,9,-3.903,0,0.0677,0.17,0,0.218,0.577,144.005,4
"2406","spotify:track:0nKVI2mlBFkdjAdZH61rLF","My World","My World","Calum Scott","2024-10-04",203650,48,"false","31eccah37lak4fovpzlrqy7364sa","2024-10-06T02:14:57Z","soft pop","Capitol Records",0.387,0.439,6,-6.433,1,0.0415,0.568,3.26e-06,0.126,0.443,169.911,3
"2407","spotify:track:3jCYOeWtFEmFwZmhzj23yI","Steady Hand","Steady Hand","Saint Motel","2024-10-11",252061,32,"false","31eccah37lak4fovpzlrqy7364sa","2024-10-16T21:33:28Z","","Elektra (NEK)",0.328,0.463,4,-6.931,1,0.0344,0.238,0,0.12,0.149,133.703,4
"2408","spotify:track:1eAL6SURJYr5yko6FClNDO","Hey Arthur!","Hey Arthur!","Arthur Hill","2024-10-24",166753,49,"true","31eccah37lak4fovpzlrqy7364sa","2024-10-27T02:29:55Z","","Arthur Hill",0.893,0.405,1,-6.463,0,0.0602,0.119,4.42e-05,0.0781,0.738,120.013,4
"2409","spotify:track:5iJBSqkhsFSDyvcUxViHVW","Just A Little While","Could It Get Better Than This","The 502s","2021-10-15",162608,66,"false","31eccah37lak4fovpzlrqy7364sa","2024-10-27T22:56:35Z","","The 502s distributed by Mick Music",0.636,0.788,5,-9.177,0,0.0432,0.0897,0,0.286,0.701,125,4
"2410","spotify:track:0kN8xEmgMW9mh7UmDYHlJP","Versace on the Floor","24K Magic","Bruno Mars","2016-11-18",261240,85,"false","31eccah37lak4fovpzlrqy7364sa","2024-11-09T16:15:48Z","","Atlantic Records",0.578,0.574,2,-6.209,1,0.0454,0.196,0,0.083,0.301,174.152,4
"2411","spotify:track:726SEjbF3ToEbYbn43gnxl","Nice To Meet You","A Minute...","Myles Smith","2024-11-08",176000,74,"false","31eccah37lak4fovpzlrqy7364sa","2024-11-13T15:18:45Z","","RCA Records Label",0.762,0.783,5,-5.206,0,0.0387,0.329,0,0.0536,0.84,115.091,4
"2412","spotify:track:5IhYE4xh3gyZ9uFqsp7SUK","3am","A Minute...","Myles Smith","2024-11-08",159866,57,"false","31eccah37lak4fovpzlrqy7364sa","2024-11-13T15:23:13Z","","RCA Records Label",0.676,0.631,0,-6.022,0,0.0492,0.313,0,0.138,0.265,117.121,1
"2413","spotify:track:4VXxMNuT0hEzRL4R4YA7Ib","Blame (feat. Teddy Swims)","Algorithm","Lucky Daye;Teddy Swims","2024-06-28",224218,45,"true","31eccah37lak4fovpzlrqy7364sa","2024-11-15T13:51:17Z","","Keep Cool/RCA Records",0.483,0.527,5,-7.708,0,0.169,0.113,0.00015,0.104,0.468,159.721,4
"2414","spotify:track:4ouacdihYDyoMc0aHYxPqc","You're Not a God","You're Not a God","Arthur Hill","2023-07-27",197709,15,"true","31eccah37lak4fovpzlrqy7364sa","2024-11-18T14:25:48Z","","Arthur Hill",0.651,0.229,4,-8.332,1,0.0452,0.279,2.41e-06,0.177,0.291,140.281,3
"2415","spotify:track:78VpLcR9t7mSZGOBEsYOfp","Safety Net","Safety Net","Bea","2024-09-13",203621,5,"true","31eccah37lak4fovpzlrqy7364sa","2024-11-25T15:03:45Z","","Warner Records",0.765,0.785,1,-4.031,0,0.041,0.311,0,0.185,0.838,127.946,4
"2416","spotify:track:02CrqOYzrJR8fYOffhvRZZ","number one girl","number one girl","ROSÉ","2024-11-22",216442,66,"false","31eccah37lak4fovpzlrqy7364sa","2024-11-25T15:15:09Z","k-pop","Atlantic Records",0.288,0.377,7,-7.775,1,0.0317,0.288,0,0.101,0.135,175.43,3
"2417","spotify:track:6mbZzd58TXpmNXkKYRtw1y","WAIT WAIT WAIT","WAIT WAIT WAIT","John Michael Howell","2024-11-22",164916,42,"false","31eccah37lak4fovpzlrqy7364sa","2024-11-26T14:26:34Z","","John Michael Howell",0.887,0.239,10,-9.732,1,0.0786,0.365,0,0.141,0.416,126.902,4
"2418","spotify:track:6xpAcenBpNYOyljTMLvzVi","Eyes On You","Good Times Go","Nicky Youre","2023-06-09",177371,61,"false","31eccah37lak4fovpzlrqy7364sa","2024-11-30T04:05:10Z","","Thirty Knots/Columbia",0.729,0.786,10,-4.357,1,0.0389,0.117,0,0.265,0.729,131.906,4
"2419","spotify:track:1YlulsUKDduOmC7WxvXYPW","Painkiller","Free Time","Ruel","2019-09-13",213600,65,"false","31eccah37lak4fovpzlrqy7364sa","2024-11-30T04:08:30Z","","RCA Records Label",0.683,0.42,5,-6.51,1,0.0542,0.0875,0,0.225,0.469,128.621,4
"2420","spotify:track:2pyjbGTpJCPjMYwCbdymiF","Dazed & Confused","Dazed & Confused","Ruel","2018-04-27",189608,59,"false","31eccah37lak4fovpzlrqy7364sa","2024-12-02T04:21:03Z","","RCA Records Label",0.688,0.5,2,-7.411,1,0.138,0.102,0,0.355,0.418,127.906,3
"2421","spotify:track:71DSaeKtXQaMAqnvMT7Uoc","Mona Lisa","Sunburn","Dominic Fike","2023-07-07",186066,73,"false","31eccah37lak4fovpzlrqy7364sa","2024-12-02T04:26:15Z","","Columbia",0.759,0.646,1,-7.603,1,0.12,0.231,0,0.161,0.445,111.043,4
"2422","spotify:track:2uAUSVbBE3wtVEJQXHHVSx","Shut Me Up","Good Times Go","Nicky Youre","2023-06-09",141218,56,"false","31eccah37lak4fovpzlrqy7364sa","2024-12-02T04:34:08Z","","Thirty Knots/Columbia",0.619,0.72,5,-3.566,0,0.0498,0.00463,0,0.0347,0.578,186.002,4
"2423","spotify:track:0inMKhbKWOTDA9UBUAKoU6","Natalie","Unorthodox Jukebox","Bruno Mars","2012-12-07",225026,65,"false","31eccah37lak4fovpzlrqy7364sa","2024-12-02T04:38:03Z","","Atlantic Records",0.76,0.733,7,-6.704,1,0.0504,0.15,0,0.0647,0.611,111.975,4
"2424","spotify:track:2z9FUHRkbkV4BObNzbHsFU","Born With a Broken Heart","Born With a Broken Heart","Damiano David","2024-10-25",208956,70,"false","31eccah37lak4fovpzlrqy7364sa","2024-12-03T04:02:53Z","","Sony Music Italy / Arista Records",0.326,0.834,11,-3.189,1,0.0536,0.00108,0,0.101,0.59,171.758,4
"2425","spotify:track:5Q4lCfjJ1aht8YZOGFbC5U","Light Switch","CHARLIE","Charlie Puth","2022-10-07",187703,48,"false","31eccah37lak4fovpzlrqy7364sa","2024-12-03T13:59:53Z","soft pop","Atlantic Records",0.689,0.627,6,-5.692,1,0.308,0.105,0.000321,0.0905,0.905,184.008,4
"2426","spotify:track:1kuGVB7EU95pJObxwvfwKS","vampire","GUTS","Olivia Rodrigo","2023-09-08",219724,87,"true","31eccah37lak4fovpzlrqy7364sa","2024-12-05T20:42:26Z","","Olivia Rodrigo PS",0.484,0.53,5,-5.821,1,0.0538,0.154,0,0.263,0.323,136.848,4
"2427","spotify:track:3diSxgK7bRIZzqu5IqFgd1","Burning Down (with Joe Jonas)","Burning Down (with Joe Jonas)","Alex Warren;Joe Jonas","2024-12-06",179437,74,"false","31eccah37lak4fovpzlrqy7364sa","2024-12-06T13:26:56Z","","Atlantic Records",0.401,0.656,10,-2.897,0,0.0492,0.132,0,0.0872,0.434,171.863,4
"2428","spotify:track:7fSVGsN98VSlua6X6WVwwJ","Still Here","Still Here","Anthony Q.","2024-09-24",198656,0,"false","31eccah37lak4fovpzlrqy7364sa","2024-12-09T04:29:48Z","","FPL Da Label",0.443,0.581,0,-5.663,1,0.0613,0.541,0,0.392,0.359,147.682,4
"2429","spotify:track:51eSHglvG1RJXtL3qI5trr","Slow It Down","Fireworks & Rollerblades","Benson Boone","2024-04-05",161831,84,"false","31eccah37lak4fovpzlrqy7364sa","2024-12-09T04:47:44Z","","Night Street Records, Inc./Warner Records Inc.",0.432,0.583,8,-4.682,1,0.0687,0.174,0,0.0933,0.544,181.489,4
"2430","spotify:track:5wANPM4fQCJwkGd4rN57mH","drivers license","SOUR","Olivia Rodrigo","2021-05-21",242013,88,"true","31eccah37lak4fovpzlrqy7364sa","2024-12-10T15:00:59Z","","Olivia Rodrigo PS",0.561,0.431,10,-8.81,1,0.0578,0.768,1.42e-05,0.106,0.137,143.875,4
"2431","spotify:track:654XTpkoachnc4HT2Fi3Fn","breaking news","breaking news","flowerovlove","2024-07-19",161075,62,"false","31eccah37lak4fovpzlrqy7364sa","2024-12-11T03:46:14Z","","flowerovlove",0.686,0.796,0,-3.088,0,0.0298,0.254,0,0.354,0.937,129.935,4
"2432","spotify:track:4ObXcSveTWV1JHllxRy0Iu","Mr. Feel","Mr. Feel","John Michael Howell","2024-03-29",118597,66,"false","31eccah37lak4fovpzlrqy7364sa","2024-12-12T14:25:54Z","","John Michael Howell",0.735,0.589,10,-5.224,1,0.0702,0.431,0,0.0514,0.665,148.399,4
"2433","spotify:track:5hNfMFdnrqehdFTzaJHllE","Homecoming","again sometime?","Paul Russell","2024-08-30",160957,17,"false","31eccah37lak4fovpzlrqy7364sa","2024-12-16T14:41:14Z","","Arista Records",0.781,0.696,11,-4.48,1,0.131,0.0802,0.000384,0.0617,0.594,140.129,4
"2434","spotify:track:3W2kGv8CcwRl2MWQN5vxKL","STUPID IN LOVE (feat. HUH YUNJIN of LE SSERAFIM)","LOVE IN STEREO","MAX;HUH YUNJIN","2024-02-16",173336,67,"false","31eccah37lak4fovpzlrqy7364sa","2024-12-18T14:54:09Z","k-pop","Warner Records",0.656,0.695,8,-5.295,0,0.103,0.0824,0,0.38,0.589,152.859,4
"2435","spotify:track:4DVNb13HLAH4FmHz8eukMg","Liar","Beautifully Broken (Pickin’ Up The Pieces)","Jelly Roll","2024-10-11",204933,58,"false","31eccah37lak4fovpzlrqy7364sa","2024-12-20T12:22:07Z","country hip hop,country","BBR Music Group/Jelly Roll",0.639,0.787,1,-5.225,1,0.031,0.0479,0,0.091,0.618,114.019,4
"2436","spotify:track:3PDFYhI75HLKmoyG5lmwjK","You’ll Be Alright, Kid","You'll Be Alright, Kid (Chapter 1)","Alex Warren","2024-09-27",149446,55,"false","31eccah37lak4fovpzlrqy7364sa","2024-12-21T01:18:48Z","","Atlantic Records",0.607,0.385,1,-5.492,1,0.0306,0.705,0,0.156,0.462,120.092,4
"2437","spotify:track:1j2iMeSWdsEP5ITCrZqbIL","Be Someone","Fireworks & Rollerblades","Benson Boone","2024-04-05",224862,68,"false","31eccah37lak4fovpzlrqy7364sa","2024-12-24T19:31:13Z","","Night Street Records, Inc./Warner Records Inc.",0.68,0.82,9,-4.575,1,0.0427,0.00819,0,0.0754,0.608,135.031,4
"2438","spotify:track:5v6jNYWPDdH6lpL3dmn9Y2","Attention","Seventeen","Kevian Kraemer","2024-07-01",161976,57,"false","31eccah37lak4fovpzlrqy7364sa","2024-12-28T19:37:47Z","","Elektra (NEK)",0.557,0.853,8,-5.116,1,0.16,0.00223,0,0.267,0.565,174.985,4
"2439","spotify:track:3AeqFxtLidWu1awXIErzcO","Troubled Waters","You'll Be Alright, Kid (Chapter 1)","Alex Warren","2024-09-27",197775,54,"false","31eccah37lak4fovpzlrqy7364sa","2025-01-03T04:11:25Z","","Atlantic Records",0.669,0.705,11,-4.131,0,0.0674,0.0232,0,0.104,0.526,115.03,4
"2440","spotify:track:26DJdIigEELxJHKS56ILCw","Sleepin' On Me","Timeless","Meghan Trainor","2024-06-07",182133,36,"true","31eccah37lak4fovpzlrqy7364sa","2025-01-03T04:27:58Z","","Epic",0.64,0.854,9,-3.247,1,0.0888,0.0608,2.09e-06,0.178,0.672,144.028,4
"2441","spotify:track:3IC7SjOoA1gt0xzUZBMww8","The Bird Song (with Em Beihold)","The Bird Song (with Em Beihold)","Noah Floersch;Em Beihold","2024-12-13",233087,62,"false","31eccah37lak4fovpzlrqy7364sa","2025-01-14T20:22:50Z","","Noah Floersch",0.453,0.588,6,-5.84,1,0.0427,0.727,0,0.0807,0.654,116.09,4
"2442","spotify:track:7FOgcfdz9Nx5V9lCNXdBYv","Red Wine Supernova","The Rise and Fall of a Midwest Princess","Chappell Roan","2023-09-22",192720,80,"true","31eccah37lak4fovpzlrqy7364sa","2025-01-18T18:55:27Z","","Chappell Roan PS/ Island",0.657,0.82,9,-4.448,1,0.0441,0.0176,0,0.0847,0.709,124.041,4
"2443","spotify:track:1fQknzJ5j8dreu0zjTkFpl","Not Your Man","I've Tried Everything But Therapy (Part 2)","Teddy Swims","2025-01-24",217573,70,"false","31eccah37lak4fovpzlrqy7364sa","2025-01-24T05:01:35Z","","Warner Records",0.683,0.835,4,-3.621,0,0.0519,0.0169,4.29e-06,0.125,0.675,110.472,4
"2444","spotify:track:2tH9DTuje2kxAKIT85vLnY","Black & White (feat. Muni Long)","I've Tried Everything But Therapy (Part 2)","Teddy Swims;Muni Long","2025-01-24",180727,55,"false","31eccah37lak4fovpzlrqy7364sa","2025-01-24T05:07:48Z","","Warner Records",0.595,0.686,0,-5.566,1,0.0344,0.0237,0,0.109,0.448,139.868,3
"2445","spotify:track:53LrdNXkfGaS6pdyWDype0","Northern Lights","I've Tried Everything But Therapy (Part 2)","Teddy Swims","2025-01-24",215740,64,"false","31eccah37lak4fovpzlrqy7364sa","2025-01-24T05:11:20Z","","Warner Records",0.554,0.625,11,-6.114,1,0.0318,0.211,0,0.0977,0.286,133.112,4
"2446","spotify:track:1xAqlP0wv3XCSoEICoa3kf","Guilty","I've Tried Everything But Therapy (Part 2)","Teddy Swims","2025-01-24",176424,72,"false","31eccah37lak4fovpzlrqy7364sa","2025-01-24T05:12:38Z","","Warner Records",0.545,0.811,3,-4.628,1,0.0358,0.00172,1.14e-05,0.0881,0.465,148.518,4
"2447","spotify:track:6n6IzBGcMZA1p1zMln7n9x","She Loves the Rain","I've Tried Everything But Therapy (Part 2)","Teddy Swims","2025-01-24",159068,69,"false","31eccah37lak4fovpzlrqy7364sa","2025-01-24T05:22:24Z","","Warner Records",0.614,0.489,10,-6.508,1,0.0334,0.58,0,0.0916,0.571,148.843,4
"2448","spotify:track:3AWDeHLc88XogCaCnZQLVI","Cry For Me","Hurry Up Tomorrow","The Weeknd","2025-01-31",224136,84,"true","31eccah37lak4fovpzlrqy7364sa","2025-02-01T04:34:02Z","","XO / Republic Records",0.647,0.645,7,-6.425,0,0.0303,0.0871,0,0.671,0.422,120.098,4
"2449","spotify:track:6i5fDaCzwxRrZtuvvcqoIf","Drive","Hurry Up Tomorrow","The Weeknd","2025-01-31",188645,64,"false","31eccah37lak4fovpzlrqy7364sa","2025-02-02T03:51:37Z","","XO / Republic Records",0.581,0.558,0,-6.512,0,0.0311,0.174,0.00134,0.135,0.229,152.095,4
"2450","spotify:track:6qqrTXSdwiJaq8SO0X2lSe","Ordinary","Ordinary","Alex Warren","2025-02-07",186964,89,"false","31eccah37lak4fovpzlrqy7364sa","2025-02-07T05:00:28Z","","Atlantic Records",0.446,0.682,2,-6.229,1,0.0497,0.739,9.51e-06,0.0562,0.382,112.252,4
"2451","spotify:track:5va6bVfelXkGBu4XnVzqGh","SUPA GOOD!!! (from Dog Man)","SUPA GOOD!!! (from Dog Man)","Yung Gravy;James Brown","2025-01-24",149533,65,"false","31eccah37lak4fovpzlrqy7364sa","2025-02-09T15:58:03Z","funk,soul,motown,classic soul","Back Lot Music",0.793,0.833,2,-5.848,1,0.106,0.153,2.42e-06,0.441,0.589,143.036,4
"2452","spotify:track:3Qt3A2x143Eo3PeZb0rRfH","Grow Up","Grow Up","Late Night Thoughts","2025-01-16",228064,51,"false","31eccah37lak4fovpzlrqy7364sa","2025-02-09T16:11:32Z","folk pop","Electric Feel Records",0.696,0.668,10,-5.96,1,0.0335,0.234,0,0.062,0.71,112.012,4
"2453","spotify:track:4CPuDVC8jhhK6lA2DIt8Cf","Born Again (feat. Doja Cat & RAYE)","Born Again (feat. Doja Cat & RAYE)","LISA;Doja Cat;RAYE","2025-02-06",231174,71,"true","31eccah37lak4fovpzlrqy7364sa","2025-02-13T20:33:07Z","k-pop","Lloud Co./RCA Records",0.687,0.777,1,-4.704,1,0.0411,0.0686,0,0.0828,0.374,115.01,4
"2454","spotify:track:60eOMEt3WNVX1m1jmApmnX","Live in the Moment","Woodstock","Portugal. The Man","2017-06-16",246786,71,"false","31eccah37lak4fovpzlrqy7364sa","2025-02-16T04:47:16Z","","Atlantic Records",0.546,0.583,6,-7.317,0,0.0348,0.002,0.173,0.115,0.235,128.017,4
"2455","spotify:track:73F87Sqh6jQWucOOvz1WFx","Genius","Genius","Sia;Diplo;Labrinth;LSD","2018-05-03",213040,2,"false","31eccah37lak4fovpzlrqy7364sa","2025-02-16T04:55:14Z","moombahton,dance pop","Records/Columbia",0.622,0.621,11,-4.924,0,0.129,0.0864,9.8e-05,0.121,0.567,158.946,4
"2456","spotify:track:4lJNen4SMTIJMahALc3DcB","Thunderclouds (feat. Sia, Diplo, and Labrinth)","LABRINTH, SIA & DIPLO PRESENT... LSD","Sia;Diplo;Labrinth;LSD","2019-04-12",187026,71,"false","31eccah37lak4fovpzlrqy7364sa","2025-02-16T15:01:41Z","moombahton,dance pop","Records/Columbia",0.69,0.714,7,-5.948,1,0.0338,0.0077,7.23e-05,0.191,0.489,112.009,4
"2457","spotify:track:56gyThTeNsbEGb8fPbHWKh","Spark","More Than Just a Dream","Fitz and The Tantrums","2013-05-07",198986,47,"false","31eccah37lak4fovpzlrqy7364sa","2025-02-19T03:01:16Z","","Elektra (NEK)",0.75,0.936,1,-3.066,1,0.0652,0.0521,0.00298,0.0732,0.896,133.147,4
"2458","spotify:track:2mlNgAeIBnL78ZriXgrRHz","Glimpse of Us","SMITHEREENS","Joji","2022-11-04",233453,84,"false","31eccah37lak4fovpzlrqy7364sa","2025-02-23T14:39:50Z","","88rising Music",0.441,0.287,8,-9.963,1,0.0448,0.899,3.69e-06,0.155,0.272,169.672,3
"2459","spotify:track:12QsAlRWEyg3AB7qqPSJ4s","Hundred Mile High","Hundred Mile High","Cameron Whitcomb","2025-01-31",172181,59,"false","31eccah37lak4fovpzlrqy7364sa","2025-02-24T04:17:23Z","","Atlantic Records",0.629,0.803,2,-5.403,1,0.186,0.187,0,0.078,0.566,129.758,4
"2460","spotify:track:60EfmORF7iNnH0eeLliI3r","Blonde","Breakup Over Breakfast","Avery Anna","2024-07-19",159600,45,"false","31eccah37lak4fovpzlrqy7364sa","2025-02-24T15:59:00Z","","Warner Records Nashville",0.468,0.546,0,-5.605,1,0.0281,0.14,0,0.129,0.228,167.237,3
"2461","spotify:track:1zhvxTuSha22nsUT5Nw8gE","15 Minutes","Short n' Sweet (Deluxe)","Sabrina Carpenter","2025-02-14",191519,75,"true","31eccah37lak4fovpzlrqy7364sa","2025-02-28T18:01:01Z","pop","Island Records",0.581,0.888,7,-3.795,1,0.0714,0.00946,0,0.308,0.731,132.002,4
"2462","spotify:track:3x3K1RP3Zfi2qeMR8kyrNO","Sorry I'm Here For Someone Else","Sorry I'm Here For Someone Else","Benson Boone","2025-02-27",156582,71,"false","31eccah37lak4fovpzlrqy7364sa","2025-03-04T04:25:38Z","","Night Street Records, Inc./Warner Records Inc.",0.533,0.758,2,-4.613,1,0.034,0.0437,0,0.16,0.515,149.719,4
"2463","spotify:track:1G4Z9gktBQl6MGkavoQjBX","Try A Little Harder","In The Middle Of Somewhere","Arthur Hill","2025-02-14",180445,41,"false","31eccah37lak4fovpzlrqy7364sa","2025-03-09T17:30:19Z","","Arthur Hill",0.683,0.677,11,-6.159,0,0.0453,0.318,0,0.121,0.778,140.018,4
"2464","spotify:track:1lsBTdE6MGsKeZCD6llNu7","Done for Me (feat. Kehlani)","Voicenotes","Charlie Puth;Kehlani","2018-05-11",180493,74,"false","31eccah37lak4fovpzlrqy7364sa","2025-03-10T01:13:29Z","soft pop","Artist Partner",0.856,0.632,6,-3.692,0,0.074,0.193,0,0.0688,0.697,112.009,4
"2465","spotify:track:08dD8Lk7VUea38YnsMzOP7","Handlebars (feat. Dua Lipa)","Handlebars (feat. Dua Lipa)","JENNIE;Dua Lipa","2025-03-06",184698,65,"true","31eccah37lak4fovpzlrqy7364sa","2025-03-12T12:19:27Z","k-pop,pop","OA Entertainment/Columbia",0.5,0.799,7,-3.956,1,0.0783,0.0124,0,0.0614,0.569,156.442,4
"2466","spotify:track:7pCcX8GklrbASun9rWFh4W","Tacones Rojos - With John Legend","Tacones Rojos (With John Legend)","Sebastian Yatra;John Legend","2022-03-23",188746,50,"false","31eccah37lak4fovpzlrqy7364sa","2025-03-14T01:40:21Z","colombian pop,reggaeton,soft pop,neo soul","Universal Music Latino/ Republic Records",0.748,0.838,11,-3.617,0,0.0341,0.128,0,0.114,0.896,123.003,4
"2467","spotify:track:190sFbvbNbpA9Ewx4XL9uz","Nobody's Soldier","Unreal Unearth: Unending","Hozier","2024-12-06",237200,47,"false","31eccah37lak4fovpzlrqy7364sa","2025-03-15T04:11:00Z","","Columbia",0.645,0.816,7,-2.607,1,0.0318,0.0134,1.8e-06,0.338,0.781,133.973,4
"2468","spotify:track:2KqJC0koTBUyDlsMt5ok1V","Look What God Gave Her","Center Point Road","Thomas Rhett","2019-05-31",168960,69,"false","31eccah37lak4fovpzlrqy7364sa","2025-03-19T22:31:51Z","country,acoustic country,pop country","The Valory Music Co.",0.739,0.849,2,-3.967,1,0.0308,0.0272,0,0.181,0.882,112.999,4
"2469","spotify:track:4Wos0h9ECU2Z3oJMTQxpbc","Read your Mind","emails i can't send","Sabrina Carpenter","2022-07-15",207849,73,"false","31eccah37lak4fovpzlrqy7364sa","2025-03-24T11:49:20Z","pop","Island Records",0.672,0.803,3,-5.061,0,0.049,0.0111,0,0.0782,0.578,120.058,4
"2470","spotify:track:3GPA9Wg2oqjxapFZsQOuhh","Ruin The Night","Ruin The Night","Fitz and The Tantrums","2025-03-28",148145,30,"false","31eccah37lak4fovpzlrqy7364sa","2025-04-02T14:56:20Z","","Atlantic Records",0.793,0.746,5,-6.069,1,0.0417,0.0179,0.000129,0.0812,0.947,129.051,4
"2471","spotify:track:0GRc3eGTg8HBdWLRGYgqIc","Azizam","Azizam","Ed Sheeran","2025-04-04",162029,19,"false","31eccah37lak4fovpzlrqy7364sa","2025-04-09T11:36:24Z","soft pop","Gingerbread Man Records / Atlantic Records UK",0.663,0.899,6,-5.103,1,0.0473,0.00255,0,0.065,0.876,127.998,4
"2472","spotify:track:21B4gaTWnTkuSh77iWEXdS","Juno","Short n' Sweet","Sabrina Carpenter","2024-08-23",223192,83,"true","31eccah37lak4fovpzlrqy7364sa","2025-04-13T13:18:21Z","pop","Island Records",0.633,0.725,5,-4.257,1,0.0427,0.0461,0,0.205,0.64,130.504,4
"2473","spotify:track:3f3ujFD6YndqRRVYuBcq7T","Blink Twice","Blink Twice","Shaboozey;Myles Smith","2025-04-11",156721,62,"false","31eccah37lak4fovpzlrqy7364sa","2025-04-14T03:17:20Z","","American Dogwood / EMPIRE",0.62,0.589,6,-7.419,0,0.0353,0.212,1.21e-06,0.0984,0.255,110.009,4
"2474","spotify:track:0b0Dz0Gi86SVdBxYeiQcCP","Busy Woman","Short n' Sweet (Deluxe)","Sabrina Carpenter","2025-02-14",186612,83,"true","31eccah37lak4fovpzlrqy7364sa","2025-04-15T12:08:06Z","pop","Island Records",0.727,0.755,7,-5.152,1,0.036,0.17,0,0.101,0.903,117.015,4
"2475","spotify:track:1PUfHBF7ggLkIqKl3aSvqR","Hooked","Hooked","Michael Sanzone","2025-03-28",144445,56,"false","31eccah37lak4fovpzlrqy7364sa","2025-04-19T05:10:26Z","folk pop","Michael Sanzone",0.719,0.835,11,-8.157,1,0.0932,0.00929,0,0.113,0.876,147.953,4
"2476","spotify:track:3SQ7A39UtrUO61jnICPImu","Super Smash Bros.","Baby Gravy 3","BABY GRAVY;Yung Gravy;bbno$","2023-08-25",153421,62,"true","31eccah37lak4fovpzlrqy7364sa","2025-04-20T21:31:49Z","","Baby Gravy 3",0.787,0.753,0,-5.483,1,0.2,0.289,0,0.117,0.906,145.954,4
"2477","spotify:track:221eHga9f9Ne4f8D7WVgPT","Mystical Magical","Mystical Magical","Benson Boone","2025-04-24",165746,79,"false","31eccah37lak4fovpzlrqy7364sa","2025-04-25T00:49:04Z","","Night Street Records, Inc./Warner Records Inc.",0.671,0.697,11,-3.851,1,0.116,0.19,0,0.393,0.848,119.867,4
"2478","spotify:track:0nyD5KLTR52cRcPKeewrvA","Bad Apple","Bad Apple","Cameron Whitcomb","2025-04-25",159324,69,"true","31eccah37lak4fovpzlrqy7364sa","2025-04-25T04:42:26Z","","Atlantic Records",0.626,0.747,11,-5.592,1,0.0992,0.00431,0,0.357,0.619,144.802,4
"2479","spotify:track:1xo0olV5DcTUQX9cpoUv5m","buzzkill","BUZZKILL","Lyn Lapid","2025-04-25",155693,50,"false","31eccah37lak4fovpzlrqy7364sa","2025-05-02T02:52:03Z","","Mercury Records/Republic Owned",0.859,0.486,7,-6.253,1,0.0417,0.373,2.85e-05,0.114,0.769,118.113,4
"2480","spotify:track:2U0Zowgw2tgJXu5K56i4Q4","Not The 1975","I'm So Good At Being Alone?","Knox","2023-10-06",198022,51,"false","31eccah37lak4fovpzlrqy7364sa","2025-05-02T23:26:52Z","","Atlantic Records",0.674,0.915,10,-4.517,1,0.0506,0.11,0,0.17,0.927,133.931,4
"2481","spotify:track:3Wrjm47oTz2sjIgck11l5e","Beggin'","Chosen","Måneskin","2017-12-08",211560,89,"false","31eccah37lak4fovpzlrqy7364sa","2025-05-05T15:07:50Z","","RCA Records Label",0.714,0.8,11,-4.808,0,0.0504,0.127,0,0.359,0.589,134.002,4
"2482","spotify:track:7usqgT1ajVAJ3s0wXePtRr","Love Me To Heaven","Love Me To Heaven","Jonas Brothers","2025-03-21",206561,64,"false","31eccah37lak4fovpzlrqy7364sa","2025-05-06T04:26:36Z","","Republic Records",0.587,0.824,10,-3.693,1,0.0512,0.00198,2.76e-05,0.0372,0.769,148.944,4
"2483","spotify:track:6TUSi9GZigMhBQ4k8zVK1Q","Livin' for the Weekend","All the Feels","Fitz and The Tantrums","2019-09-20",175718,60,"false","31eccah37lak4fovpzlrqy7364sa","2025-05-07T18:10:00Z","","Elektra (NEK)",0.72,0.881,11,-3.793,0,0.0529,0.0259,0,0.103,0.839,150.136,4
"2484","spotify:track:5axqHofGz7te1YRAVJiXPA","Man on The Moon","Man on The Moon","Fitz and The Tantrums","2025-05-07",150250,35,"false","31eccah37lak4fovpzlrqy7364sa","2025-05-08T13:03:35Z","","Atlantic Records",0.668,0.763,0,-5.038,1,0.0351,0.00175,9.41e-06,0.276,0.659,119.964,4
"2485","spotify:track:0gYIDOQkA4DZQw3wboBiuP","That Girl (feat. Saweetie)","That Girl (feat. Saweetie)","Paul Russell;Saweetie","2025-05-09",147386,32,"false","31eccah37lak4fovpzlrqy7364sa","2025-05-10T20:25:20Z","","Arista Records",0.733,0.946,2,-2.115,1,0.0802,0.0533,0,0.0667,0.568,111.99,4
"2486","spotify:track:0yOwc5hOnEQSgDTApRPgzC","God Knows","God Knows","Calum Scott","2025-04-03",170394,45,"false","31eccah37lak4fovpzlrqy7364sa","2025-05-14T04:15:03Z","soft pop","Capitol Records",0.4,0.678,0,-3.229,1,0.0373,0.0248,2.26e-06,0.115,0.389,166.027,4
"2487","spotify:track:1KdjbgMfPmQQANYVS2IfTJ","can't slow down","can't slow down","almost monday","2024-05-31",175720,57,"false","31eccah37lak4fovpzlrqy7364sa","2025-05-21T04:19:42Z","","Hollywood Records",0.702,0.763,5,-4.075,0,0.0311,0.012,4.66e-05,0.254,0.976,126.985,4
"2488","spotify:track:7JQfzB0Idz7zXvTRnvqggu","Lovely Darling","PULSE","Benson Boone","2023-05-05",172517,65,"false","31eccah37lak4fovpzlrqy7364sa","2025-05-21T04:23:17Z","","Night Street Records, Inc./Warner Records Inc.",0.68,0.753,11,-4.747,1,0.101,0.0423,0,0.103,0.829,141.007,4
"2489","spotify:track:1GexRDFzRQpNkflfXgI2lM","Tough Luck","Tough Luck","Laufey","2025-05-15",192866,65,"true","31eccah37lak4fovpzlrqy7364sa","2025-05-22T15:46:07Z","","Vingolf Recordings",0.678,0.399,6,-6.96,1,0.0367,0.463,0,0.117,0.233,117.973,4
"2490","spotify:track:6qCsKKS7Ol63SJW3LOIX5R","Plastic Hearts","Plastic Hearts","Miley Cyrus","2020-11-27",205723,65,"false","31eccah37lak4fovpzlrqy7364sa","2025-05-22T22:07:21Z","","RCA Records Label",0.551,0.756,2,-4.948,1,0.0652,0.0511,0,0.0765,0.618,175.984,4
"2491","spotify:track:3avjQYeEgR9ko93lnMy2m9","Lasso","Lasso","Jake Banfield","2025-04-25",129860,62,"false","31eccah37lak4fovpzlrqy7364sa","2025-05-29T13:37:01Z","","Jake Banfield / EMPIRE",0.559,0.694,1,-6.315,0,0.214,0.147,0,0.18,0.601,200.041,4
"2492","spotify:track:0xii687ClH6fEvkLJfFAgQ","Gasoline & Matches","Gasoline & Matches","Cameron Whitcomb","2025-05-30",171293,69,"false","31eccah37lak4fovpzlrqy7364sa","2025-05-30T13:44:03Z","","Atlantic Records",0.632,0.689,6,-5.435,1,0.0403,0.0355,0,0.123,0.61,130.997,4
"2493","spotify:track:42UBPzRMh5yyz0EDPr6fr1","Manchild","Manchild","Sabrina Carpenter","2025-06-05",213645,86,"true","31eccah37lak4fovpzlrqy7364sa","2025-06-06T11:50:40Z","pop","Island Records",0.731,0.685,7,-5.087,1,0.0572,0.122,0,0.317,0.811,123.01,4
"2494","spotify:track:5j1RbIusbzWyzpGmUOjzOW","Sour Patch Kids","Lazy Fair","Bryce Vine","2014",252560,0,"true","31eccah37lak4fovpzlrqy7364sa","2025-06-08T16:19:29Z","","Kiva House Lambroza",0.483,0.777,4,-5.049,1,0.0617,0.017,1.92e-05,0.209,0.571,152.957,4
"2495","spotify:track:3HBJNBuAHKhQXcQ8nnVvXX","Wanted Man","American Heart","Benson Boone","2025-06-20",175533,65,"false","31eccah37lak4fovpzlrqy7364sa","2025-06-20T12:50:33Z","","Night Street Records, Inc./Warner Records Inc.",0.63,0.754,2,-3.868,0,0.0445,0.012,0,0.348,0.49,136.129,4
"2496","spotify:track:6V7bxWg4mmuU4ILbYPQJvd","Mr Electric Blue","American Heart","Benson Boone","2025-06-20",190320,77,"false","31eccah37lak4fovpzlrqy7364sa","2025-06-20T13:39:25Z","","Night Street Records, Inc./Warner Records Inc.",0.622,0.778,7,-4.265,1,0.054,0.182,0,0.102,0.171,129.998,4
"2497","spotify:track:62VwKLpTKZYclhG7z05YZu","Not My Place","Not My Place","Michael Sanzone","2025-05-09",149750,43,"false","31eccah37lak4fovpzlrqy7364sa","2025-06-21T04:05:34Z","folk pop","Michael Sanzone",0.678,0.743,0,-6.515,1,0.04,0.039,0,0.218,0.597,121.987,4
"2498","spotify:track:70yhaHLp9STtzI2Kzba6Tr","Best Mistake","My Everything (Deluxe)","Ariana Grande;Big Sean","2014-08-22",233733,71,"false","31eccah37lak4fovpzlrqy7364sa","2025-06-21T15:34:16Z","pop","Universal Records",0.654,0.578,6,-6.897,1,0.449,0.547,0,0.112,0.233,143.866,4
"2499","spotify:track:0iIcuwia47B5bzjVpyUwyI","Drive (From F1® The Movie)","Drive (From F1® The Movie)","Ed Sheeran;F1 The Album","2025-06-20",187396,67,"false","31eccah37lak4fovpzlrqy7364sa","2025-06-26T16:50:31Z","soft pop","Atlantic Records",0.588,0.88,3,-4.57,1,0.177,0.0212,0,0.139,0.785,163.982,4
"2500","spotify:track:1I4W1xZzTmgusoHl1vmMrA","Dancing With Your Ghost","I've Tried Everything But Therapy (Complete Edition)","Teddy Swims","2025-06-27",177835,51,"false","31eccah37lak4fovpzlrqy7364sa","2025-06-27T13:22:10Z","","Warner Records",0.483,0.86,4,-3.858,0,0.0899,0.0116,0,0.119,0.342,159.169,4
"2501","spotify:track:79WmVVG6KbCecp45eyhbfX","Sleeping With The Lights On","Second Wind","Daniel Seavey","2025-03-07",224733,65,"false","31eccah37lak4fovpzlrqy7364sa","2025-07-05T14:17:50Z","","Atlantic Records",0.58,0.745,0,-5.947,1,0.038,0.059,0,0.12,0.218,132.985,4
"2502","spotify:track:2bjUEg4jBtKBlPdNrTAppI","Easier","CALM","5 Seconds of Summer","2020-03-27",158098,71,"false","31eccah37lak4fovpzlrqy7364sa","2025-07-16T03:57:57Z","","5 Seconds Of Summer/Interscope",0.562,0.46,5,-4.173,1,0.259,0.476,0,0.107,0.623,176.055,4
"2503","spotify:track:6YggkCJwokciQdyL9Zbx4H","I Can’t Lose","I Can't Lose","Jonas Brothers","2025-07-16",183284,51,"false","31eccah37lak4fovpzlrqy7364sa","2025-07-16T16:14:50Z","","Republic Records",0.593,0.889,2,-3.679,1,0.122,0.00305,6.59e-06,0.0989,0.377,121.023,4
"2504","spotify:track:6xRG0mGtTLvJDFnytx1eoj","Getaway Car","You'll Be Alright, Kid","Alex Warren","2025-07-18",184406,67,"false","31eccah37lak4fovpzlrqy7364sa","2025-07-18T05:16:05Z","","Atlantic Records",0.608,0.839,8,-4.907,0,0.0686,0.0258,2.14e-06,0.095,0.702,142.031,4
"2505","spotify:track:15ugBBMTmevxMc2WSbRULC","You Can't Stop This","You'll Be Alright, Kid","Alex Warren","2025-07-18",161105,77,"false","31eccah37lak4fovpzlrqy7364sa","2025-07-18T05:19:31Z","","Atlantic Records",0.642,0.675,2,-5.102,0,0.0409,0.0057,0,0.217,0.698,144.077,4
"2506","spotify:track:2QCq6DeR2vULj2HJpIx8yB","The Good The Bad The Ugly","Man on The Moon","Fitz and The Tantrums","2025-07-25",139154,29,"false","31eccah37lak4fovpzlrqy7364sa","2025-07-26T13:40:06Z","","Atlantic Records",0.71,0.836,6,-4.581,0,0.0536,0.00222,0,0.0732,0.944,129.901,4
"2507","spotify:track:4lQviGvcFxJLpkhvyQtznc","Waste My Time","Man on The Moon","Fitz and The Tantrums","2025-07-25",167610,19,"false","31eccah37lak4fovpzlrqy7364sa","2025-07-30T02:09:29Z","","Atlantic Records",0.642,0.694,7,-6.106,1,0.0905,0.102,3.24e-05,0.112,0.799,168.094,4
"2508","spotify:track:4MLomKQI0oeXO1DeJBiRp2","The Devil I've Seen","The Devil I've Seen","Cameron Whitcomb","2024-02-23",203550,57,"true","31eccah37lak4fovpzlrqy7364sa","2025-08-03T23:59:10Z","","Cameron Whitcomb Music",0.418,0.741,9,-5.386,1,0.0902,0.295,1.55e-06,0.0516,0.623,175.716,4
"2509","spotify:track:76AwsOtk3SePQ8h9kB2pmW","Put Your Money On Me","Everybody Wants","The Struts","2016-03-04",213853,47,"false","31eccah37lak4fovpzlrqy7364sa","2025-08-04T01:01:59Z","glam rock","The Struts",0.565,0.905,5,-3.575,0,0.057,0.00101,0,0.325,0.684,126.011,4
"2510","spotify:track:2NMXhVjbTOEDQ0CChFlPSC","Black Swan","Everybody Wants","The Struts","2016-03-04",204906,35,"false","31eccah37lak4fovpzlrqy7364sa","2025-08-07T15:49:27Z","glam rock","The Struts",0.437,0.932,11,-4.685,1,0.0865,0.000156,3.64e-06,0.107,0.357,155.904,4
"2511","spotify:track:0zd7UwlXhcd7XpzyouA8V3","Tables","Greetings From Your Hometown","Jonas Brothers","2025-08-08",213061,54,"false","31eccah37lak4fovpzlrqy7364sa","2025-08-08T16:21:22Z","","Republic Records",0.696,0.829,2,-3.004,1,0.0369,0.0509,0,0.0826,0.83,119.97,4
"2512","spotify:track:5LD1SWmhzKPPkRimY7BDM6","Fragile","Fragile","Cameron Whitcomb","2025-08-08",202161,53,"false","31eccah37lak4fovpzlrqy7364sa","2025-08-09T00:58:55Z","","Atlantic Records",0.391,0.545,5,-4.906,1,0.0345,0.0203,0,0.0775,0.565,147.166,3
"2513","spotify:track:2FUweZZx9KpZke9m5GNZM8","Hideaway","Love Is Like","Maroon 5","2025-08-15",169047,57,"true","31eccah37lak4fovpzlrqy7364sa","2025-08-16T15:12:57Z","pop","222 Records/Interscope Records",0.61,0.751,0,-4.624,1,0.204,0.0422,1.59e-05,0.169,0.652,176.193,4
"2514","spotify:track:7qTiSA7yPJm0C39yivkqwP","Gypsy","Dirty Honey","Dirty Honey","2021-04-23",252466,34,"false","31eccah37lak4fovpzlrqy7364sa","2025-08-17T19:26:02Z","","Dirt Records",0.365,0.899,1,-3.442,1,0.0658,0.000463,0.0338,0.0594,0.603,164.005,4
"2515","spotify:track:68wXv4DokvcOVNvuJ7FbWp","CUT EM IN (feat. Rick Ross)","CUT EM IN (feat. Rick Ross)","Anderson .Paak;Rick Ross","2020-08-14",177040,2,"true","31eccah37lak4fovpzlrqy7364sa","2025-08-20T21:27:16Z","southern hip hop","APE SHIT.",0.744,0.777,0,-5.577,1,0.353,0.461,0,0.767,0.813,158.052,4
"2516","spotify:track:4WFgvKVfEhb3IUAFGrutTR","Love Me Not","Bird's Eye","Ravyn Lenae","2024-08-09",213466,92,"false","31eccah37lak4fovpzlrqy7364sa","2025-08-20T21:30:59Z","alternative r&b,indie soul","Atlantic Records",0.779,0.731,0,-6.176,1,0.0306,0.296,0,0.128,0.814,114.001,4
"2517","spotify:track:6bUkSiXEsLImoJynGVB3Jt","My Silly Boy","My Silly Boy","Isabel van Gelder","2025-08-22",191089,62,"false","31eccah37lak4fovpzlrqy7364sa","2025-08-22T04:50:13Z","","Excited About Music",0.615,0.334,1,-8.596,1,0.0297,0.7,0,0.199,0.73,137.736,4
"2518","spotify:track:18FN1Kz7KMF0ujN6ID4ans","A Little More","A Little More","Ed Sheeran","2025-08-07",192043,61,"true","31eccah37lak4fovpzlrqy7364sa","2025-08-22T04:51:31Z","soft pop","Gingerbread Man Records / Atlantic Records UK",0.924,0.628,10,-3.827,1,0.0591,0.507,0,0.0571,0.97,113.019,4
"2519","spotify:track:5ySpopJq4R7WBcfdI7NG8g","Clockwork","A Matter of Time (Standard Edition)","Laufey","2025-08-24",150866,47,"true","31eccah37lak4fovpzlrqy7364sa","2025-08-24T18:28:54Z","","Vingolf Recordings",0.622,0.356,7,-7.614,0,0.0341,0.876,0,0.0747,0.601,125.751,4
"2520","spotify:track:63qUnp65NdnhMIgxl6SM1z","Too Little, Too Late","A Matter of Time (Standard Edition)","Laufey","2025-08-24",233600,60,"true","31eccah37lak4fovpzlrqy7364sa","2025-08-24T18:40:21Z","","Vingolf Recordings",0.281,0.222,10,-10.346,1,0.0387,0.947,1.31e-06,0.122,0.173,158.55,3
"2521","spotify:track:1nH2PkJL1XoUq8oE6tBZoU","Sacrifice","Dawn FM","The Weeknd","2022-01-06",188918,76,"true","31eccah37lak4fovpzlrqy7364sa","2025-08-29T01:54:56Z","","XO / Republic Records",0.735,0.795,11,-6.523,0,0.113,0.0296,3.18e-05,0.0678,0.905,122,4
"2522","spotify:track:3EMfeKtNK4q4k3sVjwg5Yy","My Man on Willpower","Man’s Best Friend","Sabrina Carpenter","2025-08-29",197817,80,"true","31eccah37lak4fovpzlrqy7364sa","2025-08-29T04:55:39Z","pop","Island Records",0.612,0.776,10,-3.122,1,0.0357,0.0865,0,0.105,0.431,120.085,4
"2523","spotify:track:1qyw5wSUkEvH8DtaCdx7Lg","Go Go Juice","Man’s Best Friend","Sabrina Carpenter","2025-08-29",193315,79,"true","31eccah37lak4fovpzlrqy7364sa","2025-08-29T04:55:46Z","pop","Island Records",0.657,0.753,10,-4.075,1,0.046,0.302,0,0.098,0.713,131.962,4
"2524","spotify:track:4tVVmShMF2PYdLqcejrsy2","Goodbye","Man’s Best Friend","Sabrina Carpenter","2025-08-29",225084,80,"true","31eccah37lak4fovpzlrqy7364sa","2025-08-29T04:55:54Z","pop","Island Records",0.567,0.616,9,-5.871,1,0.0483,0.185,0,0.101,0.523,120.121,4
"2525","spotify:track:4SRShYMtFIGgnOU7iBicMH","Nobody’s Son","Man’s Best Friend","Sabrina Carpenter","2025-08-29",182576,84,"true","31eccah37lak4fovpzlrqy7364sa","2025-08-29T05:11:52Z","pop","Island Records",0.452,0.735,2,-4.921,1,0.0449,0.336,0,0.0649,0.65,173.919,4
"2526","spotify:track:6guJdCiBdsLLo3fgAG8Utf","The Hard Way","The Hard Way","Cameron Whitcomb","2025-09-05",162962,67,"false","31eccah37lak4fovpzlrqy7364sa","2025-09-06T00:10:28Z","","Atlantic Records",0.58,0.642,8,-7.102,1,0.035,0.0147,0,0.154,0.517,160.007,4
"2527","spotify:track:35fc0NCsFFXUkRkMJQZ0b2","Sleep When We're Dead","Sleep When We're Dead","Thomas Day","2025-03-21",220344,49,"false","31eccah37lak4fovpzlrqy7364sa","2025-09-13T04:23:11Z","","Arista Records",0.647,0.832,1,-5.728,1,0.0533,0.0222,5.55e-06,0.205,0.796,168.027,4
"2528","spotify:track:4Je4OSUhDmrG9MYMH4JVez","Love Myself","Quitter","Cameron Whitcomb","2024-09-27",189035,72,"false","31eccah37lak4fovpzlrqy7364sa","2025-09-16T18:27:12Z","","Atlantic Records",0.6,0.786,0,-5.834,1,0.0437,0.0549,0,0.0997,0.708,110.987,4
"2529","spotify:track:1G3Nm7gbxkjOtFmZDoMEc4","She's So Handsome","She's So Handsome","Arthur Hill","2025-09-18",162163,45,"true","31eccah37lak4fovpzlrqy7364sa","2025-09-18T17:34:49Z","","Arthur Hill",0.578,0.674,8,-8.311,1,0.0735,0.0389,0,0.0714,0.733,175.799,4
"2530","spotify:track:75A2Cy7UhkRFUDbWMuDd4b","Holiday","The Hard Way","Cameron Whitcomb","2025-09-26",180316,57,"false","31eccah37lak4fovpzlrqy7364sa","2025-09-26T12:52:39Z","","Atlantic Records",0.709,0.537,1,-5.544,0,0.0493,0.205,0,0.107,0.627,126.246,4
"2531","spotify:track:7ci9LUxqlht8OegSfmQLk0","Pretty Little","The Hard Way","Cameron Whitcomb","2025-09-26",155365,60,"false","31eccah37lak4fovpzlrqy7364sa","2025-09-26T12:52:44Z","","Atlantic Records",0.616,0.657,4,-4.834,0,0.0823,0.0423,0,0.0592,0.879,146.01,4
"2532","spotify:track:2oiK2e9MKtpEPeOHaa2OUD","Lose Me","The Hard Way","Cameron Whitcomb","2025-09-26",166756,55,"false","31eccah37lak4fovpzlrqy7364sa","2025-09-27T03:22:32Z","","Atlantic Records",0.442,0.602,11,-6.341,0,0.0718,0.177,0,0.168,0.374,138.205,4
"2533","spotify:track:3yWuTOYDztXjZxdE2cIRUa","Opalite","The Life of a Showgirl","Taylor Swift","2025-10-03",235355,90,"false","31eccah37lak4fovpzlrqy7364sa","2025-10-03T13:49:04Z","","Taylor Swift",0.806,0.819,4,-5.033,0,0.0384,0.0784,0,0.0371,0.802,124.994,4
"2534","spotify:track:3lpvLykn82z0pmxgqHurHQ","Digging Holes","The Hard Way","Cameron Whitcomb","2025-09-26",169809,57,"false","31eccah37lak4fovpzlrqy7364sa","2025-10-08T13:11:12Z","","Atlantic Records",0.623,0.618,5,-5.334,1,0.0328,0.474,0,0.155,0.495,125.908,4
"2535","spotify:track:1kUJ7401ShEYzAgdTfg2Dp","Don't Remind Me (with Anderson .Paak)","Pretty Idea","Amber Mark;Anderson .Paak","2025-10-10",218472,61,"true","31eccah37lak4fovpzlrqy7364sa","2025-10-10T15:51:36Z","alternative r&b,indie soul","PMR Records/Interscope Records",0.617,0.893,1,-4.5,0,0.239,0.0655,2.45e-06,0.127,0.661,159.964,3
"2536","spotify:track:3Dy4xsff7c0fRaTJpA54yd","Gone Gone Gone","Gone Gone Gone","David Guetta;Teddy Swims;Tones And I","2025-10-10",198004,83,"false","31eccah37lak4fovpzlrqy7364sa","2025-10-10T21:19:18Z","edm","Atlantic Records UK",0.616,0.77,11,-6.048,0,0.0329,0.0315,0,0.654,0.537,131.036,4
"2537","spotify:track:77Gfhrr1Uh9Pv57MUUmVuY","Secret","Crisis / Secret / Set Me Free","Joshua Bassett","2021-12-03",192413,51,"false","31eccah37lak4fovpzlrqy7364sa","2025-10-17T02:11:37Z","","Warner Records",0.611,0.816,2,-5.559,1,0.0592,0.0292,0,0.0825,0.589,144.992,4
"2538","spotify:track:21aPACBBGxnw2qKQkTpAYz","You've Got Another Thing Coming - From the Netflix Series ""Nobody Wants This"" Season 2","You've Got Another Thing Coming (From the Netflix Series ""Nobody Wants This"" Season 2)","Teddy Swims","2025-10-09",179086,65,"false","31eccah37lak4fovpzlrqy7364sa","2025-10-17T13:00:09Z","","SWIMS Int. under exclusive license to Warner Records Inc.",0.667,0.812,8,-3.845,1,0.174,0.0363,0.000586,0.0818,0.705,152.009,4
"2539","spotify:track:4IMtvPPuBjtkWoMqlOwqYL","Dancing in the Smoke - From the Netflix Series ""Nobody Wants This"" Season 2","Dancing in the Smoke (From the Netflix Series ""Nobody Wants This"" Season 2)","GIVĒON","2025-10-03",222891,67,"false","31eccah37lak4fovpzlrqy7364sa","2025-10-17T13:09:55Z","r&b","Epic Records. With Not So Fast LLC.",0.395,0.501,1,-7.008,1,0.052,0.671,2.09e-06,0.098,0.281,185.068,3
"2540","spotify:track:22j1qFcWhyPMQjXWtq0bKc","Not What’s Going On","Kicking My Feet","Ruel","2025-10-17",174751,52,"false","31eccah37lak4fovpzlrqy7364sa","2025-10-21T14:35:57Z","","Giant Music",0.594,0.854,1,-3.234,1,0.0548,0.00697,1.62e-05,0.121,0.725,141.957,4
"2541","spotify:track:1hVDx7jZdR0re5I0hxZheO","One More Drink","Avenoir","Calum Scott;Lauren Alaina","2025-10-10",193218,45,"false","31eccah37lak4fovpzlrqy7364sa","2025-10-22T21:52:27Z","soft pop,country","Capitol Records",0.553,0.479,2,-6.138,1,0.0252,0.524,0,0.0995,0.295,139.98,3
"2542","spotify:track:6sGIMrtIzQjdzNndVxe397","So Easy (To Fall In Love)","The Art of Loving","Olivia Dean","2025-09-26",169000,95,"false","31eccah37lak4fovpzlrqy7364sa","2025-10-24T00:03:41Z","pop soul","PLG - Capitol",0.749,0.633,3,-5.917,1,0.0373,0.665,0,0.0817,0.572,139.898,4
"2543","spotify:track:4DMFzA301vPN6oxsShda9Q","Fast Times","emails i can't send","Sabrina Carpenter","2022-07-15",174539,36,"false","31eccah37lak4fovpzlrqy7364sa","2025-10-26T15:49:49Z","pop","Island Records",0.715,0.682,1,-4.705,0,0.0424,0.0755,0,0.0578,0.734,132.475,4
"2544","spotify:track:2WNHUp4s806SJrsj698ZX3","That’s Not How This Works (feat. Dan + Shay & Sabrina Carpenter) - Sabrina’s Version","That’s Not How This Works (feat. Dan + Shay & Sabrina Carpenter) [Sabrina’s Version]","Charlie Puth;Dan + Shay;Sabrina Carpenter","2023-04-14",166640,58,"false","31eccah37lak4fovpzlrqy7364sa","2025-11-04T23:46:06Z","soft pop,country,pop","Atlantic Records",0.56,0.597,9,-3.929,1,0.0471,0.54,0,0.0945,0.534,170.041,4
"2545","spotify:track:6QcOEPC0bX799hITIgj3vU","Bad Omens","5SOS5","5 Seconds of Summer","2022-09-23",215734,70,"false","31eccah37lak4fovpzlrqy7364sa","2025-11-05T03:47:15Z","","BMG Rights Management (US) LLC",0.493,0.772,1,-6.315,1,0.051,6.45e-05,1.85e-05,0.0925,0.412,133.973,3
"2546","spotify:track:73ZgfWXgthO6suB2xM5wac","Wildheart","The Hard Way (Deluxe)","Cameron Whitcomb","2025-11-14",166185,58,"false","31eccah37lak4fovpzlrqy7364sa","2025-11-14T05:31:52Z","","Atlantic Records",0.528,0.81,8,-4.349,0,0.0384,0.00994,0,0.19,0.633,139.949,4
"2547","spotify:track:0CO02jBRTH0G0zUke8hbaw","The Worst By Far","The Hard Way (Deluxe)","Cameron Whitcomb","2025-11-14",173751,59,"false","31eccah37lak4fovpzlrqy7364sa","2025-11-14T05:36:40Z","","Atlantic Records",0.635,0.646,7,-5.423,1,0.0517,0.0429,0,0.1,0.225,120.02,4
"2548","spotify:track:6woglPpa9CWG2WsPrjzS1P","No. 1 Obsession","EVERYONE'S A STAR!","5 Seconds of Summer","2025-11-14",185720,67,"false","31eccah37lak4fovpzlrqy7364sa","2025-11-14T16:05:23Z","","5 Seconds Of Summer",0.504,0.934,11,-3.111,0,0.103,0.00314,0,0.101,0.279,137.954,4
"2549","spotify:track:52C1BJ2z9bv6vpuZdu53Ov","Sick of Myself","EVERYONE'S A STAR!","5 Seconds of Summer","2025-11-14",147107,55,"true","31eccah37lak4fovpzlrqy7364sa","2025-11-14T16:14:34Z","","5 Seconds Of Summer",0.346,0.925,7,-1.393,1,0.164,0.000396,0,0.0751,0.307,149.841,4
"2550","spotify:track:46XX79te6gVA3BFAmZszax","Take Your Place","Take Your Place","Michael Sanzone","2025-11-14",179773,48,"false","31eccah37lak4fovpzlrqy7364sa","2025-11-17T19:39:17Z","folk pop","Michael Sanzone",0.523,0.696,0,-5.755,1,0.0398,0.136,0,0.394,0.282,174.008,4
"2551","spotify:track:3gEukdUoZhIUqgE7fXlZzW","End of the Morning (feat. Evan Honer)","The Hard Way (Deluxe)","Cameron Whitcomb;Evan Honer","2025-11-14",184504,64,"false","31eccah37lak4fovpzlrqy7364sa","2025-11-17T22:10:17Z","","Atlantic Records",0.464,0.54,11,-6.289,1,0.0555,0.204,1.06e-06,0.131,0.352,175.134,4
"2552","spotify:track:0XfOSye9799xWE80E3oly8","Vendetta","Sunny in London","Izzy Escobar","2025-10-24",187994,62,"false","31eccah37lak4fovpzlrqy7364sa","2025-11-28T05:27:06Z","","Artist House",0.643,0.888,10,-3.361,0,0.0805,0.144,0,0.0798,0.682,119.993,4
"2553","spotify:track:2xLOMHjkOK8nzxJ4r6yOKR","Birthday","PRISM (Deluxe)","Katy Perry","2013-10-18",215042,66,"false","31eccah37lak4fovpzlrqy7364sa","2025-12-03T15:17:27Z","pop","Capitol Records (CAP)",0.719,0.674,11,-5.122,1,0.0681,0.0879,3.75e-06,0.112,0.843,125.992,4
"2554","spotify:track:27rZYxE4l21wTaovX4WTnI","Television / So Far So Good","Apricot Princess","Rex Orange County","2017-04-26",262600,79,"true","31eccah37lak4fovpzlrqy7364sa","2025-12-08T18:54:37Z","bedroom pop","Rex Orange County",0.403,0.505,5,-7.75,1,0.0463,0.592,0,0.121,0.32,164.902,4
"2555","spotify:track:5B3GZOZYXNzWpUXQC42hxZ","Sugar Talking","Man’s Best Friend","Sabrina Carpenter","2025-08-29",183770,81,"true","31eccah37lak4fovpzlrqy7364sa","2025-12-13T16:51:52Z","pop","Island Records",0.482,0.777,2,-4.812,0,0.0338,0.0489,0,0.115,0.396,151.967,4
"2556","spotify:track:5lE2EFXt4muvLFMGQg4hZN","Hypotheticals","Obviously","Lake Street Dive","2021-03-12",230178,71,"false","31eccah37lak4fovpzlrqy7364sa","2025-12-17T18:25:39Z","","Nonesuch",0.69,0.664,1,-6.488,1,0.0562,0.00753,0.00762,0.0496,0.383,164.145,4
"2557","spotify:track:4xCoLk13SCqrL4hsvP89un","Everything I Wanted","Everything I Wanted","Evan Honer","2025-09-19",229057,45,"false","31eccah37lak4fovpzlrqy7364sa","2025-12-23T22:02:18Z","","Cloverdale Records",0.608,0.74,11,-7.365,1,0.064,0.0849,0,0.284,0.691,136.253,4
"2558","spotify:track:5INY1sXYVmFCN5I6cbwdmk","Such A Funny Way","Man’s Best Friend (Bonus Track Version)","Sabrina Carpenter","2025-12-24",232378,76,"false","31eccah37lak4fovpzlrqy7364sa","2025-12-24T17:56:34Z","pop","Island Records",0.657,0.47,2,-6.148,1,0.034,0.191,0,0.051,0.351,115.913,4
"2559","spotify:track:5ttQw8W0WREyKyKfsX7RiL","No One Wants To Die Alone","No One Wants To Die Alone","Benjamin Steer","2024-12-12",169176,69,"true","31eccah37lak4fovpzlrqy7364sa","2026-01-12T21:03:31Z","","Artist Theory",0.65,0.592,7,-7.214,1,0.0337,0.426,0,0.101,0.592,138.898,4
"2560","spotify:track:6TjWrm6BZytIjHnZcX2TGk","Marvin Gaye (feat. Meghan Trainor)","Nine Track Mind (Special Edition)","Charlie Puth;Meghan Trainor","2015-11-05",190453,76,"false","31eccah37lak4fovpzlrqy7364sa","2026-01-22T15:23:59Z","soft pop","Artist Partner",0.795,0.616,1,-5.281,0,0.06,0.417,0,0.349,0.815,110.015,4
"2561","spotify:track:40XiAOitWuV9bJKh4DHHpB","Obsession","Obsession","Isabel van Gelder","2026-01-02",181364,46,"false","31eccah37lak4fovpzlrqy7364sa","2026-01-24T17:09:40Z","","Excited About Music",0.605,0.628,4,-8.53,0,0.0403,0.489,0,0.229,0.146,143.844,4
"2562","spotify:track:2mrZYZGmPFV3QOyYPZ1zsn","Straight up & Down","24K Magic","Bruno Mars","2016-11-18",198186,67,"false","31eccah37lak4fovpzlrqy7364sa","2026-02-05T15:25:31Z","","Atlantic Records",0.552,0.733,3,-6.898,0,0.0933,0.0209,0,0.0858,0.643,143.56,4
"2563","spotify:track:5n7wPsBn7grOFgd6uPl0ps","Better Off Lonely","Everything I Wanted (& more)","Evan Honer","2026-01-30",215132,28,"false","31eccah37lak4fovpzlrqy7364sa","2026-02-24T02:47:14Z","","Cloverdale Records",0.417,0.595,4,-6.316,1,0.0379,0.14,2.14e-06,0.159,0.298,178.041,4
"2564","spotify:track:5y2ijHECwFYWqcAHKTZgzD","Risk It All","The Romantic","Bruno Mars","2026-02-27",204068,94,"false","31eccah37lak4fovpzlrqy7364sa","2026-02-27T05:08:19Z","","Atlantic Records",0.401,0.347,2,-9.892,1,0.0442,0.495,0,0.0563,0.267,171.804,4
"2565","spotify:track:6QletrrmpkUpeJkipX9pgf","Cha Cha Cha","The Romantic","Bruno Mars","2026-02-27",236559,84,"false","31eccah37lak4fovpzlrqy7364sa","2026-02-27T05:08:23Z","","Atlantic Records",0.787,0.713,0,-7.037,0,0.0338,0.252,5.65e-05,0.0613,0.883,124.997,4
"2566","spotify:track:4i4BVY2JiH4mDSLIBdNGKD","On My Soul","The Romantic","Bruno Mars","2026-02-27",174676,80,"false","31eccah37lak4fovpzlrqy7364sa","2026-02-27T05:08:29Z","","Atlantic Records",0.692,0.861,1,-5.823,1,0.0354,0.186,0,0.181,0.966,130.035,4
"2567","spotify:track:1myZ6GQewhAzMH2dKtKSWK","Dance With Me","The Romantic","Bruno Mars","2026-02-27",219287,79,"false","31eccah37lak4fovpzlrqy7364sa","2026-02-27T05:18:25Z","","Atlantic Records",0.391,0.452,11,-7.76,1,0.0273,0.398,0,0.0901,0.591,183.015,3
"2568","spotify:track:0QPdjsMOUhwouq1NS3HwfQ","Coming Up Roses","Kiss All The Time. Disco, Occasionally.","Harry Styles","2026-03-06",248866,83,"false","31eccah37lak4fovpzlrqy7364sa","2026-03-09T03:39:19Z","","Columbia",0.315,0.236,10,-11.066,1,0.0353,0.557,9.41e-06,0.0948,0.311,176.396,3
"2569","spotify:track:3WVhkjB7Y4xFruqoCAajBb","Sue Me","Singular Act I","Sabrina Carpenter","2018-11-09",179226,67,"false","31eccah37lak4fovpzlrqy7364sa","2026-03-12T20:10:20Z","pop","Hollywood Records",0.46,0.809,6,-5.415,1,0.326,0.0422,5.04e-05,0.138,0.609,157.184,4
"2570","spotify:track:7yNf9YjeO5JXUE3JEBgnYc","Babydoll","Don't Forget About Me, Demos","Dominic Fike","2018-10-16",97960,98,"false","31eccah37lak4fovpzlrqy7364sa","2026-03-21T02:18:40Z","","Columbia",0.762,0.604,7,-5.296,0,0.11,0.114,0,0.0271,0.847,168.007,4
"2571","spotify:track:3vzSGr8Anj3SLaMrp613Gm","THEMSELVES","BACKWARD","Jordan Ward","2026-01-30",166687,57,"true","31eccah37lak4fovpzlrqy7364sa","2026-03-26T04:05:05Z","alternative r&b","ARTium Recordings, LLC/Interscope Records",0.759,0.521,10,-9.423,0,0.056,0.506,0.00108,0.114,0.808,117.995,4
"2572","spotify:track:4Es6f0zquGHCrv9Hespx9W","Kingdom of Fear","Kingdom of Fear","Cameron Whitcomb","2026-03-27",161075,86,"false","31eccah37lak4fovpzlrqy7364sa","2026-03-27T04:01:59Z","","Atlantic Outpost",0.625,0.738,11,-6.3,0,0.0387,0.0853,0,0.105,0.773,132.997,4
"2573","spotify:track:0AV4GhGeGCVJphsMTxDWdE","Porch Light","Porch Light","Noah Kahan","2026-03-13",262726,72,"true","31eccah37lak4fovpzlrqy7364sa","2026-03-29T02:38:20Z","","Mercury Records",0.612,0.62,4,-8.082,0,0.0336,0.811,0,0.0885,0.208,118.962,4
"2574","spotify:track:5lBL8xRTXIDpPDJcuPL9UH","Goodbye Henry. (feat. Al Green)","THIS MUSIC MAY CONTAIN HOPE.","RAYE;Al Green","2026-03-27",320434,68,"false","31eccah37lak4fovpzlrqy7364sa","2026-04-06T01:08:54Z","soul,classic soul,motown,soul blues","Human Re Sources",0.628,0.738,5,-6.655,0,0.0743,0.266,0,0.313,0.651,110.923,4
"2575","spotify:track:1pBero70FE3zpcvs2zYp3e","My Lover","My Lover","Claire Rosinkranz","2026-02-13",195092,49,"false","31eccah37lak4fovpzlrqy7364sa","2026-04-07T02:39:03Z","","Purple Monkey Recordz",0.635,0.561,7,-5.362,1,0.0408,0.353,0,0.133,0.382,163.019,4
"2576","spotify:track:7MZHqgTVTnN6xZGYAcEEAf","Rein Me In (with Olivia Dean)","Rein Me In (with Olivia Dean)","Sam Fender;Olivia Dean","2025-06-20",339410,86,"true","31eccah37lak4fovpzlrqy7364sa","2026-04-09T04:14:40Z","pop soul","Polydor Records",0.506,0.813,1,-5.639,0,0.0375,0.0491,6.71e-05,0.3,0.578,124.008,4
"2577","spotify:track:6mlX5c8TxA1VtMeCm4c6Mf","Shapeshifting on a Saturday Night","Male Validation and Other Drugs","Avery Cochrane","2026-03-27",205728,64,"false","31eccah37lak4fovpzlrqy7364sa","2026-04-09T16:36:03Z","","S-Curve Records",0.647,0.614,6,-5.621,1,0.0318,0.00332,0,0.0612,0.515,125.072,4
"2578","spotify:track:2g5kPQh1EexoG8kGZH2nOZ","Mr. Know It All","Mr. Know It All","Teddy Swims","2026-04-09",198425,88,"false","31eccah37lak4fovpzlrqy7364sa","2026-04-10T13:51:09Z","","Warner Records",0.718,0.786,11,-3.925,0,0.0469,0.0739,0.00018,0.0713,0.523,126.036,4
"2579","spotify:track:5Ins0f8YFvcJYxNcN9M4Rx","Crying on the Inside","Deep Water","Cameron Whitcomb","2026-04-17",145287,59,"false","31eccah37lak4fovpzlrqy7364sa","2026-04-17T04:13:41Z","","Atlantic Outpost",0.509,0.737,11,-5.624,1,0.0905,0.0523,0,0.0621,0.711,159.483,4
"2580","spotify:track:6gkbtMtioHgtyGjrMel6ei","drop dead","drop dead","Olivia Rodrigo","2026-04-17",224998,88,"false","31eccah37lak4fovpzlrqy7364sa","2026-04-17T04:16:04Z","","Olivia Rodrigo PS",0.581,0.735,8,-5.613,1,0.0417,0.222,2.38e-05,0.228,0.678,130.211,4
"2581","spotify:track:0vUfWOoligPco5oHkFUjIz","Deny Deny Deny","The Great Divide: The Last Of The Bugs","Noah Kahan","2026-04-25",230689,79,"false","31eccah37lak4fovpzlrqy7364sa","2026-04-26T01:24:53Z","","Mercury Records",0.645,0.81,11,-6.073,1,0.0326,0.00192,0.00134,0.172,0.634,119.992,4
"2582","spotify:track:04OCeDuqT4ympbgDZ8dcfT","Heroine","Heroine","Maroon 5","2026-05-01",155192,64,"true","31eccah37lak4fovpzlrqy7364sa","2026-05-03T21:10:16Z","pop","222 Records/Interscope Records",0.88,0.51,7,-5.591,1,0.0533,0.0415,9.44e-05,0.116,0.915,120.51,4
"2583","spotify:track:4fa3TnbMnFIhJfAAtCDkf0","Dancer","My Lover","Claire Rosinkranz","2026-02-13",180117,63,"false","31eccah37lak4fovpzlrqy7364sa","2026-05-11T14:56:15Z","","Purple Monkey Recordz",0.862,0.558,1,-7.25,1,0.0466,0.0619,0.12,0.12,0.76,128.03,4
"2584","spotify:track:1nSEAxK0L8z5pJiCnhMMqX","City","My Lover","Claire Rosinkranz","2026-02-13",196451,57,"false","31eccah37lak4fovpzlrqy7364sa","2026-05-11T17:31:04Z","","Purple Monkey Recordz",0.717,0.708,6,-6.38,0,0.0343,0.144,5.58e-05,0.116,0.437,143.066,4
"2585","spotify:track:0KjVqZKT2v7UMVwkaUxQ9m","CHUCK THE MONEY","LOVE, LOVE, LOVE","Stephen Sanchez","2026-05-08",164802,58,"false","31eccah37lak4fovpzlrqy7364sa","2026-05-17T02:53:28Z","","Stephen Sanchez",0.579,0.754,6,-5.062,0,0.0291,0.0462,0.000228,0.35,0.862,140.123,4
"2586","spotify:track:0ROj34ecLFplK2yOemsL3l","Would U Still Love Me","Would U Still Love Me","Diplo;Cameron Whitcomb","2026-05-21",156318,73,"false","31eccah37lak4fovpzlrqy7364sa","2026-05-22T11:18:48Z","moombahton","Hollertronix / ATL Outpost",0.724,0.671,1,-4.96,0,0.0323,0.0633,0,0.0986,0.399,120.003,4
"2587","spotify:track:55pBIZO1cqoldeqpp5WR7H","the cure","you seem pretty sad for a girl so in love","Olivia Rodrigo","2026-06-12",297090,94,"true","31eccah37lak4fovpzlrqy7364sa","2026-05-29T20:25:22Z","","Olivia Rodrigo PS",0.543,0.442,1,-6.079,1,0.0275,0.681,0.000913,0.0937,0.141,143.986,4
"2588","spotify:track:5Zv2Icw3vKuzQXZRhgmXkH","PASSENGER","PASSENGER","Alex Warren","2026-06-04",159771,81,"false","31eccah37lak4fovpzlrqy7364sa","2026-06-05T20:06:55Z","","Atlantic Records",0.78,0.819,7,-4.529,0,0.0558,0.109,7.27e-06,0.293,0.911,136.016,4
"2589","spotify:track:64YqMI27nDPXqmVOeL02Ui","hollywood","skin & bone","Jack Dean","2024-06-07",193896,48,"false","31eccah37lak4fovpzlrqy7364sa","2026-06-08T16:35:59Z","","Who is Jack?",0.688,0.474,0,-6.342,1,0.0666,0.209,0,0.289,0.46,117.65,4
"2590","spotify:track:6yOxL1xfPkv9Z9zvpNrMDU","I Think I Like You","The Band CAMINO","The Band CAMINO","2021-09-10",182658,63,"true","31eccah37lak4fovpzlrqy7364sa","2026-06-12T00:27:21Z","","DBLBLK Records/Elektra",0.806,0.567,11,-5.656,0,0.0425,0.00438,0,0.0427,0.644,120.02,4
"2591","spotify:track:25nbeJzxF3dwvtTq57QKZi","expectations","you seem pretty sad for a girl so in love","Olivia Rodrigo","2026-06-12",221958,89,"false","31eccah37lak4fovpzlrqy7364sa","2026-06-12T04:43:17Z","","Olivia Rodrigo PS",0.592,0.86,0,-5.394,1,0.0368,0.0489,0,0.222,0.81,132.998,4
"2592","spotify:track:4LfCY65LvojKjWEnU7fNN4","stupid song","you seem pretty sad for a girl so in love","Olivia Rodrigo","2026-06-12",209680,94,"false","31eccah37lak4fovpzlrqy7364sa","2026-06-12T04:51:35Z","","Olivia Rodrigo PS",0.644,0.598,11,-5.305,1,0.0362,0.477,1.28e-06,0.0752,0.461,127.814,4
"2593","spotify:track:22l7ocwYpEYGvYpM9T2C5K","maggots for brains","you seem pretty sad for a girl so in love","Olivia Rodrigo","2026-06-12",240100,89,"false","31eccah37lak4fovpzlrqy7364sa","2026-06-13T02:25:14Z","","Olivia Rodrigo PS",0.529,0.747,9,-5.518,1,0.0444,0.123,0,0.069,0.641,163.935,4
"2594","spotify:track:7skjp6YGT0NV2FZfSodNS2","You Don’t Go To Parties","5SOS5","5 Seconds of Summer","2022-09-23",195821,64,"false","31eccah37lak4fovpzlrqy7364sa","2026-06-17T21:34:00Z","","BMG Rights Management (US) LLC",0.611,0.786,1,-3.565,1,0.0508,0.00345,0,0.11,0.624,122.027,3
"2595","spotify:track:57MOpbjOIoWMZnstWOtfm6","Don't Stop","5 Seconds Of Summer","5 Seconds of Summer","2014-06-27",169935,61,"false","31eccah37lak4fovpzlrqy7364sa","2026-06-22T17:56:55Z","","Capitol",0.571,0.957,8,-3.468,1,0.0633,0.00209,1.5e-05,0.0425,0.892,149.946,4
"2596","spotify:track:5EFRCeHpUqbIOYx8RgdsXh","Terrified","Stop Me Dead","Kerr Mercer","2026-06-12",182585,30,"false","31eccah37lak4fovpzlrqy7364sa","2026-07-02T17:53:59Z","retro pop","Kerr Mercer",0.439,0.471,1,-4.352,1,0.0321,0.495,0,0.142,0.135,139.924,4
"2597","spotify:track:6GGyMAS1ne4pnih5ukFFaL","Hurts","Hurts","Kerr Mercer","2026-07-10",180453,51,"false","31eccah37lak4fovpzlrqy7364sa","2026-07-10T16:36:08Z","retro pop","Kerr Mercer",0.724,0.776,9,-3.033,0,0.0429,0.355,0,0.0556,0.542,114.002,4
"2598","spotify:track:00ial2l9uySY29BDSCCOny","This Is My House","Visitor (Deluxe)","SIENNA SPIRO","2026-07-03",204732,67,"false","31eccah37lak4fovpzlrqy7364sa","2026-07-23T16:11:43Z","","Capitol Records",0.419,0.422,5,-7.544,0,0.0313,0.657,2.34e-06,0.156,0.217,129.754,4
"2599","spotify:track:5bZPh75h6kT6Yt70W2T1JE","Mono No Aware","Visitor (Deluxe)","SIENNA SPIRO","2026-07-03",195408,69,"false","31eccah37lak4fovpzlrqy7364sa","2026-07-23T18:52:58Z","","Capitol Records",0.337,0.165,9,-9.282,0,0.0325,0.78,1.74e-06,0.1,0.186,170.601,3
"2600","spotify:track:2aQcGu5C6qFcicPsaywTEK","Material Lover - from The Devil Wears Prada 2 Original Motion Picture","Visitor (Deluxe)","SIENNA SPIRO","2026-07-03",178016,86,"false","31eccah37lak4fovpzlrqy7364sa","2026-07-24T19:59:56Z","","Capitol Records",0.417,0.76,4,-5.257,0,0.091,0.256,1.17e-06,0.103,0.686,205.85,4
"2601","spotify:track:5TshTIGten6gMBMf8lgbf0","Viva Las Vengeance","Viva Las Vengeance","Panic! At The Disco","2022-08-19",207297,54,"false","31eccah37lak4fovpzlrqy7364sa","2026-07-26T15:57:14Z","emo","Fueled By Ramen",0.209,0.826,9,-5.458,0,0.0709,1.68e-05,0.0337,0.112,0.385,153.879,4
"2602","spotify:track:0QwPkLi5Huv4agvnxF1c3t","Savior","Dream Crusher","Daniel Seavey","2026-07-03",234905,56,"false","31eccah37lak4fovpzlrqy7364sa","2026-07-27T20:17:46Z","","Atlantic Records",0.701,0.911,9,-2.873,1,0.0464,0.00484,0,0.254,0.312,118.041,4
"2603","spotify:track:5pIWnSAzQuBUnJcXjL4auI","Want For Nothing","The Hard Way (Complete Edition)","Cameron Whitcomb","2026-07-31",167152,69,"false","31eccah37lak4fovpzlrqy7364sa","2026-07-31T11:32:16Z","","Atlantic Outpost",0.62,0.786,8,-6.145,1,0.0607,0.232,1.52e-06,0.116,0.463,111.855,4
"2604","spotify:track:6KLLoGHAIYPfNYfRo4U1Ql","In & Out","Blue Island","Ravyn Lenae","2026-08-07",200400,68,"false","31eccah37lak4fovpzlrqy7364sa","2026-08-10T02:04:34Z","alternative r&b,indie soul","Atlantic Records",0.626,0.7,0,-8.726,1,0.0334,0.102,0.136,0.34,0.811,134.938,4
"2605","spotify:track:2XHG1TCwtXyGo3Wwrr5WIo","Sad Country Songs","Sad Country Songs","Solon Holt","2026-05-15",184322,51,"false","31eccah37lak4fovpzlrqy7364sa","2026-08-11T02:38:46Z","","Solon Holt",0.512,0.593,1,-5.204,1,0.0419,0.275,3.75e-05,0.13,0.483,146.165,4
"2606","spotify:track:2mPAP463wuIBhG9JMyg11J","Songs About You","Songs About You","Solon Holt","2026-08-07",217099,46,"false","31eccah37lak4fovpzlrqy7364sa","2026-08-11T02:43:47Z","","Solon Holt",0.663,0.516,7,-7.438,1,0.0632,0.384,5.93e-06,0.129,0.438,131.335,4
"2607","spotify:track:2MYORPL10UI6PAG8iwrTwq","Till You Don't","Songs About You","Solon Holt","2026-08-07",273065,47,"false","31eccah37lak4fovpzlrqy7364sa","2026-08-11T11:21:05Z","","Solon Holt",0.584,0.624,9,-4.996,0,0.04,0.531,0.000105,0.11,0.309,132.04,4
"2608","spotify:track:2VkKC7aYsqG51X5GQRHn1c","In My Head","Songs About You","Solon Holt","2026-08-07",181527,47,"false","31eccah37lak4fovpzlrqy7364sa","2026-08-13T02:40:09Z","","Solon Holt",0.423,0.613,4,-5.706,0,0.037,0.276,3.33e-06,0.202,0.243,129.532,4
"2609","spotify:track:6Bd6dcMIg6EPfF7cYTWa36","EMERALD EYES","WILDCHILD","Alex Warren","2026-08-28",156856,75,"false","31eccah37lak4fovpzlrqy7364sa","2026-08-28T04:43:56Z","","Atlantic Records",0.707,0.813,1,-3.976,0,0.0442,0.0322,0,0.0998,0.814,129.991,4
"2610","spotify:track:7HX5CyrZ0SX9HBqg4uPR50","WON'T GO BACK AGAIN","WILDCHILD","Alex Warren","2026-08-28",168343,66,"false","31eccah37lak4fovpzlrqy7364sa","2026-08-29T16:54:29Z","","Atlantic Records",0.74,0.802,11,-4.491,0,0.0737,0.39,2.69e-05,0.0954,0.633,157.982,4
"2611","spotify:track:13Qkq1y340lfSEfmRMOOnz","Make Me Wonder","Make Me Wonder","Solon Holt","2025-01-17",225000,49,"false","31eccah37lak4fovpzlrqy7364sa","2026-08-30T14:40:38Z","","Rose Picker Music",0.56,0.633,1,-5.936,1,0.0399,0.331,0,0.117,0.568,142.076,4
"2612","spotify:track:3Wu3mne1wqfsHKEnLnmQjG","Hundred Mile High","The Hard Way","Cameron Whitcomb","2025-09-26",172181,73,"false","31eccah37lak4fovpzlrqy7364sa","2026-03-05T17:56:28Z","","Atlantic Records",0.629,0.803,2,-5.403,1,0.186,0.187,0,0.078,0.566,129.758,4
"2613","spotify:track:0llChxwHK8qqU0b07AzU2Q","Take Over Control (feat. Eva Simons) - Radio Edit","Take Over Control (feat. Eva Simons) [The Remixes 2025]","AFROJACK;Eva Simons","2025-10-24",208620,57,"false","bryce.jones98","2026-08-28T22:05:23Z","edm,big room","Spinnin' Records",0.716,0.807,0,-3.621,0,0.107,0.222,0,0.0935,0.61,130.004,4
"2614","spotify:track:6KlESwx6JWh4QiPYRU4Nm3","Smooth Criminal","The Best Of Alien Ant Farm 20th Century Masters The Millennium Collection","Alien Ant Farm","2008-01-01",209360,68,"false","bryce.jones98","2026-08-28T22:05:23Z","nu metal,alternative metal","Geffen",0.597,0.966,9,-4.092,0,0.0823,0.0028,0.0126,0.135,0.77,126.927,4
"2615","spotify:track:05TeoYmF2bJ5IyxskDro2e","Sex On Fire","Legends, Revisted","October Surprise","2025-03-05",140176,57,"false","bryce.jones98","2026-08-28T22:05:23Z","","how's that hit ya records",0.587,0.817,1,-7.762,0,0.0312,0.0142,0.000132,0.278,0.339,153.016,4
"2616","spotify:track:1LbhI0PgXF5kyJEE88xoUU","Starships","Starships","Nicki Minaj","2012-01-01",210813,14,"true","bryce.jones98","2026-08-28T22:05:23Z","","Nicki Minaj/Cash Money",0.757,0.717,11,-2.36,0,0.0761,0.117,0,0.247,0.696,125.041,4
"2617","spotify:track:5iQYqhtjNeEw4Y8Ln5Nvsi","Turn Me On (feat. Nicki Minaj)","Nothing But The Beat","David Guetta;Nicki Minaj","2011-08-30",199680,10,"false","bryce.jones98","2026-08-28T22:05:23Z","edm","EMI",0.704,0.793,8,-2.266,1,0.0591,0.0488,0,0.575,0.412,127.96,4
"2618","spotify:track:2BKxtCqb5WVd9CjjMMZr7e","Since U Been Gone","4th Liners","League Minimum","2025-05-23",190541,51,"false","bryce.jones98","2026-08-28T22:05:23Z","","how's that hit ya records",0.696,0.561,7,-6.142,1,0.0326,0.00237,0.00222,0.106,0.378,130.974,4
"2619","spotify:track:3LMArhgZTNXB4mrtLwkUSn","More","Raymond v Raymond","USHER","2010-03-26",229480,11,"false","bryce.jones98","2026-08-28T22:05:23Z","r&b","LaFace Records",0.618,0.829,4,-5.798,0,0.0669,0.000553,0,0.355,0.487,118.955,4
"2620","spotify:track:1o1oCA5ajeiGwfnKo7QekI","Unstoppable","Unstoppable","Ana Shine","2025-12-19",211021,60,"false","bryce.jones98","2026-08-28T22:05:23Z","","Shine Music",0.645,0.715,11,-5.527,1,0.0405,0.0823,0,0.299,0.558,124.054,4
"2621","spotify:track:60NgMTkfSGmcMUModciLN4","Let's Go - Radio Edit - feat. Ne-Yo","Let's Go (feat. Ne-Yo)","Calvin Harris","2012-04-22",226106,10,"false","bryce.jones98","2026-08-28T22:05:23Z","edm","Ultra Records",0.671,0.905,4,-2.59,0,0.0612,0.00659,0.000425,0.22,0.739,128.023,4
"2622","spotify:track:6vTtJrzzjg8Ike4M2Y4yIE","Mr. Brightside","Legends, Revisted","October Surprise","2025-03-05",156486,57,"false","bryce.jones98","2026-08-28T22:05:23Z","","how's that hit ya records",0.62,0.643,1,-8.167,1,0.0305,0.00112,0,0.0863,0.565,147.923,4
"2623","spotify:track:6atDVsk39X4LS1C3hdgX5l","Lose Yourself - Soundtrack Version","Lose Yourself","Eminem","2002-11-13",320293,12,"true","bryce.jones98","2026-08-28T22:05:23Z","rap,hip hop","Shady Records",0.681,0.743,2,-4.567,1,0.287,0.0109,0.000279,0.225,0.0568,171.396,4
"2624","spotify:track:5Qgd6JglVBBBaxgCJ52FRt","Push It (Glee Cast Version)","Push It (Glee Cast Version)","Glee Cast","2009-09-08",197426,7,"false","bryce.jones98","2026-08-28T22:05:23Z","christmas","Columbia",0.762,0.925,2,-4.602,1,0.0509,0.029,0.000432,0.151,0.95,127.565,4
"2625","spotify:track:6h5BetxEJpkRWCSvZDwuij","LIAR LIAR","LIAR LIAR","Ansley","2025-04-25",160000,50,"true","bryce.jones98","2026-08-28T22:05:23Z","","SLAY2K THE LABEL LLC",0.693,0.706,6,-2.995,0,0.174,0.131,0,0.26,0.734,174.059,4
"2626","spotify:track:1bLG2x4ePXBr6TXFBOmXRk","We Found Love","We Found Love","Rihanna;Calvin Harris","2011-01-01",215760,9,"false","bryce.jones98","2026-08-28T22:05:23Z","edm","Def Jam Records",0.744,0.741,1,-4.981,1,0.0572,0.0271,0.00256,0.0928,0.562,128.023,4
"2627","spotify:track:2vVc2G9w2JteBgxpSUVwX5","Let It Rock","Let It Rock (Remixes)","Kevin Rudolf;Lil Wayne","2008",232520,47,"true","bryce.jones98","2026-08-28T22:05:23Z","rap,hip hop","Cash Money",0.617,0.754,7,-5.172,1,0.0369,0.000535,0,0.0668,0.487,113.182,4
"2628","spotify:track:1brljRl4Fzy7wUFlD1uYZg","Domino","Domino","Jessie J","2011-01-01",231840,9,"false","bryce.jones98","2026-08-28T22:05:23Z","","Lava Music",0.75,0.554,7,-4.537,1,0.0363,0.00801,0,0.0417,0.8,126.985,4
"2629","spotify:track:5Z7ygHQo02SUrFmcgpwsKW","Wild Ones (feat. Sia)","Wild Ones (feat. Sia)","Flo Rida;Sia","2011-12-19",233688,55,"false","bryce.jones98","2026-08-28T22:05:23Z","","Poe Boy/Atlantic",0.624,0.889,5,-3.772,0,0.0504,0.101,0,0.227,0.45,127.019,4
"2630","spotify:track:49ySwzAyvxcNXOkOP6ZB1L","The Motto","The Motto (Explicit Version)","Drake;Lil Wayne","2012-01-01",181400,7,"true","bryce.jones98","2026-08-28T22:05:23Z","rap,hip hop","Cash Money Records/Young Money Ent./Universal Rec.",0.774,0.431,1,-8.407,1,0.346,0.000146,1.99e-05,0.112,0.353,201.843,4
"2631","spotify:track:5FeuH4LtGxDWkSkhRG47QT","You Make Me Feel... (feat. Sabi)","You Make Me Feel... (feat. Sabi)","Cobra Starship;Sabi","2011-05-10",215693,67,"false","bryce.jones98","2026-08-28T22:05:23Z","","Decaydance/Fueled By Ramen",0.668,0.857,7,-2.944,0,0.0535,0.0191,6.71e-06,0.0385,0.748,131.959,4
"2632","spotify:track:6li2D8wQPvgwI2QIrGPhAF","My Life Would Suck Without You","My Life Would Suck Without You","Kelly Clarkson","2009-01-20",211653,41,"false","bryce.jones98","2026-08-28T22:05:23Z","christmas","RCA Records Label",0.529,0.878,9,-3.957,1,0.0534,0.00347,0,0.101,0.397,144.973,4
"2633","spotify:track:0sg6fyg5Bjh8kxFR22yVpL","No Diggity - Until Dawn Remix","No Diggity (Until Dawn Remix)","Susie Vanner;Until Dawn","2026-08-28",168205,22,"false","bryce.jones98","2026-08-28T22:05:23Z","","Dolce Vanner Recordings",0.655,0.931,6,-5.125,1,0.0681,0.00609,0.000489,0.0991,0.728,116.992,4
"2634","spotify:track:4ujWhz3eOT9eV4RtptGWfe","4 Minutes - Featuring Justin Timberlake and Timbaland Album Version","4 Minutes","Madonna","2008-04-21",245080,6,"false","bryce.jones98","2026-08-28T22:05:23Z","","Warner Bros.",0.705,0.911,2,-4.873,1,0.0717,0.00592,0.00154,0.0603,0.803,113.032,4
"2635","spotify:track:3941McqnrX9blUEelPxgot","Man! I Feel Like A Woman!","Come On Over","Shania Twain","1997-01-01",232960,6,"false","bryce.jones98","2026-08-28T22:05:23Z","country","Universal Music Group",0.645,0.888,10,-2.667,1,0.056,0.615,0,0.347,0.727,125.025,4
"2636","spotify:track:0293bTPojlkLvyr8ojc74y","You Make My Dreams","(500) Days of Summer (Music from the Motion Picture)","Daryl Hall & John Oates","2009-07-10",191480,49,"false","bryce.jones98","2026-08-28T22:05:23Z","yacht rock,soft rock","Sire/Warner Records",0.752,0.694,5,-5.385,1,0.062,0.312,0.0348,0.0577,0.869,167.263,4
"2637","spotify:track:64B4UbGRLtGRBtiN2m8OvF","Love Shack - Edit","Love Shack (Edit) / Channel Z","The B-52's","1989",257519,54,"false","bryce.jones98","2026-08-28T22:05:23Z","new wave,post-punk","Rhino/Warner Records",0.701,0.792,7,-8.644,0,0.0549,0.142,1.28e-06,0.764,0.9,133.451,4
"2638","spotify:track:72phhQtfwZcRweweRxxkmU","According To You","Believe (II)","Orianthi","2010-01-01",200346,54,"false","bryce.jones98","2026-08-28T22:05:23Z","","Geffen",0.62,0.917,5,-2.583,1,0.0503,0.0232,1.22e-05,0.0986,0.547,130.998,4
"2639","spotify:track:2Qo9jlq1X3luf3ueow7ZGR","Absolutely Not - Chanel Club Extended Mix Edit","The Morning After","Deborah Cox;Hex Hector;Mac Quayle","2002-09-02",246400,45,"false","bryce.jones98","2026-08-28T22:05:23Z","quiet storm,ballroom vogue,soundtrack,score","J Records",0.738,0.908,1,-4.899,0,0.0425,0.0129,5.8e-05,0.153,0.762,130.012,4
"2640","spotify:track:4FDjkgw75Lr0VEx5vOTGCk","Harder To Breathe","Songs About Jane","Maroon 5","2002-06-25",173693,6,"false","bryce.jones98","2026-08-28T22:05:23Z","pop","Universal Music Group",0.661,0.905,1,-4.739,0,0.0448,0.0525,0,0.0509,0.967,149.907,4
"2641","spotify:track:1HRtVWNhS9tEvDQyOKD9Fs","Don't Stop 'Til You Get Enough - 2003 Edit","Number Ones","Michael Jackson","2003-11-17",237113,69,"false","bryce.jones98","2026-08-28T22:05:23Z","","Epic",0.872,0.946,4,-3.105,1,0.0656,0.0502,0.0161,0.298,0.943,119.01,4
"2642","spotify:track:3J02dKNnDdIMDKkSDWQ34F","Start Me Up / Livin' On A Prayer (Glee Cast Version)","Start Me Up / Livin' On A Prayer (Glee Cast Version)","Glee Cast","2010-11-09",170706,4,"false","bryce.jones98","2026-08-28T22:05:23Z","christmas","Columbia",0.558,0.886,6,-4.114,0,0.0367,0.129,0,0.337,0.571,123.005,4
"2643","spotify:track:6ol4ZSifr7r3Lb2a9L5ZAB","Call Me Maybe","Call Me Maybe","Carly Rae Jepsen","2012-01-01",193466,52,"false","bryce.jones98","2026-08-28T22:05:23Z","","School Boy/Interscope Records",0.783,0.584,7,-6.572,1,0.041,0.0109,2.87e-06,0.108,0.631,120.026,4
"2644","spotify:track:718c1RAetOYLPnTq4KIZgT","Feel So Close - Radio Edit","Feel So Close","Calvin Harris","2011-11-11",207880,7,"false","bryce.jones98","2026-08-28T22:05:23Z","edm","Ultra Records",0.7,0.923,7,-2.85,1,0.0324,0.000927,0.00826,0.0966,0.904,127.952,4
"2645","spotify:track:7lJUnNQC5IX4f2OwH23cBF","Let Me Love You (Until You Learn To Love Yourself)","Let Me Love You (Until You Learn To Love Yourself)","Ne-Yo","2012-01-01",254093,5,"false","bryce.jones98","2026-08-28T22:05:23Z","","Def Jam Records",0.67,0.683,5,-5.509,1,0.0377,0.29,0,0.724,0.29,124.9,4
"2646","spotify:track:6wdviVWctiZnY6tVn6bh6A","Black or White - Single Version","Number Ones","Michael Jackson","2003-11-17",200060,73,"false","bryce.jones98","2026-08-28T22:05:23Z","","Epic",0.759,0.927,9,-2.768,1,0.051,0.11,0.029,0.374,0.96,115.075,4
"2647","spotify:track:7j49oeiCHjVg4bJxaT2T4f","American Boy (feat. Kanye West)","Shine","Estelle;Kanye West","2008-03-31",284733,5,"true","bryce.jones98","2026-08-28T22:05:23Z","rap","Atlantic Records",0.727,0.729,0,-2.99,1,0.326,0.171,0,0.07,0.512,117.932,4
"2648","spotify:track:4JnQx0xYuoXdkNHe0dt0oR","Die Young","Die Young","Kesha","2012-09-26",211920,6,"false","bryce.jones98","2026-08-28T22:05:23Z","","Kemosabe Records/RCA Records",0.711,0.7,1,-4.805,0,0.046,0.00498,0.000125,0.215,0.801,128.001,4
"2649","spotify:track:0MnI39P9Dze0PSUjetb8Va","Black Betty","The Dukes Of Hazzard (Music From The Motion Picture)","Ram Jam","2005-07-19",235520,56,"false","bryce.jones98","2026-08-28T22:05:23Z","southern rock","Columbia/Sony Music Soundtrax",0.485,0.731,11,-8.789,0,0.0925,0.00109,0.00108,0.162,0.831,117.022,4
"2650","spotify:track:72yHcYTFilEkFY1cJigOaE","Let It Roll","Wild Ones","Flo Rida","2012-06-22",194453,41,"false","bryce.jones98","2026-08-28T22:05:23Z","","Atlantic Records",0.701,0.915,4,-3.887,0,0.128,0.171,0,0.394,0.698,127.101,4
"2651","spotify:track:0UlHiqi7seV02XNHLMtfGK","Turn Up the Music","Fortune (Deluxe Version)","Chris Brown","2012-06-29",227973,5,"false","bryce.jones98","2026-08-28T22:05:23Z","r&b","RCA Records Label",0.594,0.841,1,-5.792,1,0.102,0.000238,2.22e-06,0.156,0.643,129.925,4
"2652","spotify:track:7kAYyzVhWr3nSqAC7CUOWK","Catch My Breath","Catch My Breath","Kelly Clarkson","2012-10-15",251506,57,"false","bryce.jones98","2026-08-28T22:05:23Z","christmas","RCA Records Label",0.691,0.946,9,-3.221,1,0.0678,0.0259,0,0.0897,0.517,124.021,4
"2653","spotify:track:2jb5Wg3OTKDfeyLZSbizou","Cry (Just a Little)","Cry (Just A Little)","Bingo Players","2011-10-04",167845,45,"false","bryce.jones98","2026-08-28T22:05:23Z","big room","Big Beat Records/Atlantic",0.744,0.483,4,-7.712,0,0.0408,0.0957,0.0322,0.408,0.298,125.953,4
"2654","spotify:track:054ue8u2erwwGNgSIZLEPq","Scream & Shout","Scream & Shout","will.i.am;Britney Spears","2012-01-01",284413,51,"true","bryce.jones98","2026-08-28T22:05:23Z","pop","Interscope",0.784,0.621,0,-7.399,1,0.0565,0.0435,0.000196,0.132,0.503,130.02,4
"2655","spotify:track:1lZ4j5WBURBwZ0M5TT46wP","Be With You","Enrique","Enrique Iglesias","1999-11-23",220160,54,"false","bryce.jones98","2026-08-28T22:05:23Z","latin pop,latin","Interscope",0.69,0.871,1,-5.484,0,0.0329,0.0359,0.000843,0.0347,0.561,121.984,4
"2656","spotify:track:0jsANwwkkHyyeNyuTFq2XO","Heartbreaker (feat. JAY-Z)","Rainbow","Mariah Carey;JAŸ-Z","1999-11-02",285462,68,"false","bryce.jones98","2026-08-28T22:05:23Z","christmas,hip hop,east coast hip hop,rap","Columbia",0.524,0.816,1,-5.872,1,0.37,0.383,0,0.349,0.789,200.031,4
"2657","spotify:track:4lAdOkj9Pj1952EYIKZmxg","C'Mon","Warrior (Deluxe Version)","Kesha","2012-11-30",214333,5,"false","bryce.jones98","2026-08-28T22:05:23Z","","Kemosabe Records/RCA Records",0.558,0.781,1,-5.448,0,0.0963,0.00657,0.00144,0.102,0.286,126.025,4
"2658","spotify:track:2R0eIBJGHpiv1nKbSzW4zq","Turn Up The Love","Dirty Bass","Far East Movement;Cover Drive","2012-01-01",195960,48,"false","bryce.jones98","2026-08-28T22:05:23Z","","Cherrytree Records/Kierszenbaum 33%",0.752,0.872,6,-4.186,1,0.117,0.12,0,0.234,0.677,123.888,4
"2659","spotify:track:6BKeNWeUqxmvQ09Gxd3ZGX","Know No Better","Know No Better","Major Lazer;Travis Scott;Camila Cabello;Quavo","2017-06-01",225849,3,"false","bryce.jones98","2026-08-28T22:05:25Z","moombahton,rap","Mad Decent",0.738,0.814,7,-4.414,0,0.0999,0.132,9.64e-06,0.126,0.483,119.041,4
"2660","spotify:track:3kGfazcbVvVkuZunzlLgTD","Came Here for Love","Came Here for Love","Sigala;Ella Eyre","2017-06-09",202999,62,"false","bryce.jones98","2026-08-28T22:05:25Z","","Ministry of Sound Recordings",0.708,0.868,6,-3.287,1,0.0431,0.0313,0,0.122,0.72,124.994,4
"2661","spotify:track:7fCNUWi6uflDTQ08srxMZk","No Excuses","No Excuses","Meghan Trainor","2018-03-01",152862,57,"false","bryce.jones98","2026-08-28T22:05:25Z","","Epic",0.827,0.658,6,-3.846,1,0.0517,0.0224,0,0.0417,0.523,115.016,4
"2662","spotify:track:282eOXY1rnj6BWTEBmCdVM","Don't Stop","Don't Stop","David Solomon","2018-06-01",187008,39,"false","bryce.jones98","2026-08-28T22:05:25Z","","Crowd Records",0.628,0.908,4,-3.622,1,0.045,0.00197,0.19,0.235,0.882,122.024,4
"2663","spotify:track:1CiVz2WkmZRwhU3A6J2Gjz","Shake It Off","1989 (Big Machine Radio Release Special)","Taylor Swift","2014-10-27",219200,69,"false","bryce.jones98","2026-08-28T22:05:25Z","","Taylor Swift",0.647,0.8,7,-5.384,1,0.165,0.0647,0,0.334,0.942,160.078,4
"2664","spotify:track:3Ex5RFJRUdpHcDOLXJOVLy","Raising Hell (feat. Big Freedia)","Raising Hell (feat. Big Freedia)","Kesha;Big Freedia","2019-10-24",169680,45,"true","bryce.jones98","2026-08-28T22:05:25Z","new orleans bounce,bounce,ballroom vogue","Kemosabe Records/RCA Records",0.676,0.869,1,-4.689,0,0.132,0.00134,6.77e-05,0.0692,0.271,114.991,4
"2665","spotify:track:2K6uNmYZrbOnBBs3wr5yRY","My Strongest Suit","Elton John And Tim Rice's Aida","Spice Girls","1999-03-23",251840,22,"false","bryce.jones98","2026-08-28T22:05:25Z","","Island Mercury",0.589,0.819,9,-5.832,1,0.0958,0.0301,0,0.0762,0.616,172.029,4
"2666","spotify:track:7j0FjZft49KfVIoOLGltHE","Rhythm Of The Night - From ""Moulin Rouge"" Soundtrack","Moulin Rouge","Valeria","2001-01-01",229400,36,"false","bryce.jones98","2026-08-28T22:05:25Z","","Moulin Rouge / Interscope",0.669,0.911,11,-5.543,1,0.0537,0.00165,0.00139,0.476,0.773,127.988,4
"2667","spotify:track:6gGDLMfulzBWB05ZlH7TOa","Rescue Me (feat. Alex Newell)","Rescue Me (feat. Alex Newell)","David Solomon;Alex Newell","2019-06-21",163200,43,"false","bryce.jones98","2026-08-28T22:05:25Z","","Payback Records/Big Beat Records",0.71,0.915,2,-2.804,1,0.0974,0.00055,0.000836,0.338,0.532,125.063,4
"2668","spotify:track:0t1kP63rueHleOhQkYSXFY","Dynamite","Dynamite (DayTime Version)","BTS","2020-08-28",199053,6,"false","bryce.jones98","2026-08-28T22:05:25Z","k-pop","BIGHIT MUSIC / HYBE",0.746,0.765,6,-4.41,0,0.0993,0.0112,0,0.0936,0.737,114.044,4
"2669","spotify:track:2VvCoqF4p46cvyVbhbDsaJ","Feel the Love (feat. John Newman)","Home (Deluxe Edition)","Rudimental;John Newman","2013-04-05",245186,56,"false","bryce.jones98","2026-08-28T22:05:25Z","","Big Beat Records/Atlantic",0.385,0.705,1,-6.849,1,0.0601,0.0026,0.000184,0.686,0.24,179.948,4
"2670","spotify:track:0QGl113Wm50br1F5V6kIt2","Levitating (feat. DaBaby) - Don Diablo Remix","Levitating (feat. DaBaby) [Don Diablo Remix]","Dua Lipa;Don Diablo;DaBaby","2020-12-11",208000,51,"false","bryce.jones98","2026-08-28T22:05:25Z","pop,future house,edm","Warner Records",0.686,0.917,11,-3.06,0,0.151,0.104,1.44e-06,0.444,0.387,119.979,4
"2671","spotify:track:5uEYRdEIh9Bo4fpjDd4Na9","Goosebumps - Remix","Goosebumps (Remix)","Travis Scott;HVME","2021-01-15",162802,76,"true","bryce.jones98","2026-08-28T22:05:25Z","rap,slap house","Cactus Jack/Epic",0.841,0.593,1,-7.846,1,0.0379,0.418,0,0.124,0.808,124.917,4
"2672","spotify:track:0UR2uij5uaV4KEMmefyGzR","Dem Beats","Forbidden","Todrick Hall;RuPaul","2018-03-27",218371,0,"true","bryce.jones98","2026-08-28T22:05:25Z","ballroom vogue","frtyfve",0.755,0.861,2,-6.614,1,0.181,0.0459,2.87e-05,0.234,0.437,129.957,4
"2673","spotify:track:1V7bZ9gEIwFQpm8yGxRHNA","If You Really Love Me (How Will I Know)","If You Really Love Me (How Will I Know)","David Guetta;MistaJam;John Newman","2021-07-02",184390,4,"false","bryce.jones98","2026-08-28T22:05:25Z","edm","Parlophone UK",0.692,0.883,7,-4.698,1,0.0582,0.0512,0,0.228,0.614,122.984,4
"2674","spotify:track:7rglLriMNBPAyuJOMGwi39","Cold Heart - PNAU Remix","The Lockdown Sessions","Elton John;Dua Lipa;PNAU","2021-10-22",202735,74,"false","bryce.jones98","2026-08-28T22:05:25Z","pop","EMI",0.795,0.8,1,-6.32,1,0.0309,0.0354,7.25e-05,0.0915,0.934,116.032,4
"2675","spotify:track:6Kztg713MEPHLEz76xgDuh","Dancing In The Moonlight","Dancing In The Moonlight","Past Present;Alex Heimann","2020-05-29",183975,36,"false","bryce.jones98","2026-08-28T22:05:25Z","","NITRON music",0.747,0.712,0,-7.763,0,0.0604,0.00929,0.000248,0.159,0.524,125.982,4
"2676","spotify:track:1zLBsSVxETQOfINOLYvT5m","GIRL LIKE ME","TRANSLATION","Black Eyed Peas;Shakira","2020-11-02",222522,84,"true","bryce.jones98","2026-08-28T22:05:25Z","latin pop","Epic",0.965,0.485,2,-8.784,1,0.191,0.0206,0.0237,0.0655,0.312,124.025,4
"2677","spotify:track:4GzDUKkd1RwAtYZMMUBM3W","I Knew You Were Trouble.","I Knew You Were Trouble.","Taylor Swift","2012-01-01",222733,1,"false","bryce.jones98","2026-08-28T22:05:25Z","","Big Machine Records, LLC",0.599,0.474,6,-6.794,1,0.0379,0.00532,2.84e-06,0.0216,0.649,154.182,4
"2678","spotify:track:1qgDU0uHZVaNI0uw4coouY","Bang Bang","Music From Baz Luhrmann's Film The Great Gatsby (Deluxe Edition)","will.i.am","2013-01-01",279040,0,"false","bryce.jones98","2026-08-28T22:05:25Z","","Water Tower Music/Interscope",0.808,0.661,7,-7.701,1,0.0982,0.0246,2.3e-05,0.0393,0.727,124.967,4
"2679","spotify:track:5PUvinSo4MNqW7vmomGRS7","Blurred Lines","Blurred Lines","Robin Thicke;T.I.;Pharrell Williams","2013-01-01",263053,59,"false","bryce.jones98","2026-08-28T22:05:25Z","southern hip hop","The Neptunes",0.861,0.504,7,-7.707,1,0.0489,0.00412,1.78e-05,0.0783,0.881,120,4
"2680","spotify:track:1lb0sQGUjzJhkNNU6srjeZ","Feel This Moment (feat. Christina Aguilera)","Global Warming (Deluxe Version)","Pitbull;Christina Aguilera","2012-11-19",229506,43,"false","bryce.jones98","2026-08-28T22:05:25Z","","Mr.305/Polo Grounds Music/RCA Records",0.668,0.758,7,-3.589,1,0.158,0.0338,0,0.204,0.531,135.958,4
"2681","spotify:track:7bpvfjoneSQvW0tbtVm1Jk","Ooh La La (from ""The Smurfs 2"")","Ooh La La (from ""The Smurfs 2"")","Britney Spears","2013-06-17",257493,55,"false","bryce.jones98","2026-08-28T22:05:25Z","pop","Kemosabe Kids/RCA Records",0.69,0.568,6,-4.501,1,0.0525,0.0165,6.98e-06,0.111,0.728,128.059,4
"2682","spotify:track:4CLZ3D2RCI5ZCfB51D6NwB","The Other Side","The Other Side","Jason Derulo","2013-04-16",226986,2,"false","bryce.jones98","2026-08-28T22:05:25Z","","Beluga Heights/Warner Bros.",0.561,0.836,9,-3.939,1,0.1,0.0525,0,0.136,0.517,127.923,4
"2683","spotify:track:4QRZirU4s1f30iDHzuKncj","Wake Me Up","Wake Me Up","Avicii","2013-07-30",249693,52,"false","bryce.jones98","2026-08-28T22:05:25Z","edm","Universal Music AB",0.516,0.806,2,-5.133,1,0.0538,0.00389,0.000674,0.115,0.577,124.118,4
"2684","spotify:track:3GT6eLQhtvmFu30StsjB1L","Best I Ever Had","Best I Ever Had","Gavin DeGraw","2013-06-18",226239,34,"false","bryce.jones98","2026-08-28T22:05:25Z","","RCA Records Label",0.544,0.931,7,-5.236,1,0.0963,0.00206,0,0.319,0.529,134.972,4
"2685","spotify:track:6rD9zHDbNW1zBBXvkQEDQk","Wings","Wings","Little Mix","2012-10-12",220093,1,"false","bryce.jones98","2026-08-28T22:05:25Z","","Syco Music UK",0.74,0.878,9,-3.263,0,0.12,0.000649,0.000274,0.271,0.507,114.953,4
"2686","spotify:track:1CVyTJZkL9JcGkvNIRRyUZ","Right Now - Dyro Radio Edit","Right Now (Remixes)","Rihanna;David Guetta;Dyro","2013-06-21",185786,41,"false","bryce.jones98","2026-08-28T22:05:25Z","edm,electro house,big room","Def Jam Recordings",0.533,0.744,6,-6.043,1,0.0445,0.000821,0.00031,0.242,0.447,130.04,4
"2687","spotify:track:2RSOzvKUnfDDrb2nQPfpQU","Barbie Girl","Aquarium","Aqua","1997-01-01",197773,1,"false","bryce.jones98","2026-08-28T22:05:25Z","europop,eurodance","Geffen*",0.81,0.957,1,-6.049,0,0.0364,0.0165,0.284,0.248,0.962,129.985,4
"2688","spotify:track:3xozZw4YNCv777ONrbdHsy","Stay The Night - featuring Hayley Williams of Paramore","Stay The Night","Zedd;Hayley Williams","2013-01-01",217080,1,"false","bryce.jones98","2026-08-28T22:05:25Z","edm,art pop","Interscope",0.6,0.728,8,-3.112,1,0.0426,0.109,0,0.0995,0.459,127.926,4
"2689","spotify:track:1zHlj4dQ8ZAtrayhuDDmkY","Timber","Timber","Pitbull;Kesha","2013-10-07",204020,58,"false","bryce.jones98","2026-08-28T22:05:25Z","","Mr.305/Polo Grounds Music/RCA Records",0.587,0.965,11,-4.106,1,0.101,0.0362,0,0.138,0.825,129.972,4
"2690","spotify:track:2vTPWWm2Lgc6kI6a3Z3uXY","Work Bitch","Work Bitch","Britney Spears","2013-09-16",247853,6,"true","bryce.jones98","2026-08-28T22:05:25Z","pop","RCA Records Label",0.63,0.816,9,-6.535,1,0.15,0.124,0.00111,0.0616,0.85,128.012,4
"2691","spotify:track:722tgOgdIbNe3BEyLnejw4","Black Skinhead","Yeezus","Kanye West","2013-06-18",188013,76,"true","bryce.jones98","2026-08-28T22:05:25Z","rap","Rock The World/IDJ/Kanye/LP6",0.766,0.809,1,-6.123,1,0.279,0.0011,0,0.168,0.325,130.127,4
"2692","spotify:track:3RkvscbM4aNbELiQf7PJwn","Happy - From ""Despicable Me 2""","Happy (From ""Despicable Me 2"")","Pharrell Williams","2014-01-22",233293,3,"false","bryce.jones98","2026-08-28T22:05:25Z","","Sony Music Entertainment",0.662,0.757,5,-6.818,0,0.144,0.291,0,0.0885,0.962,159.945,4
"2693","spotify:track:428Dl0NOBojmUS98R2pDHr","Heavy Cross","Music For Men","Gossip","2009-06-22",242773,58,"false","bryce.jones98","2026-08-28T22:05:25Z","riot grrrl,queercore","Columbia",0.793,0.688,2,-4.216,1,0.0328,0.079,0.0604,0.145,0.221,120.058,4
"2694","spotify:track:0UdqZQEbRWTkNXlh5kl2L8","All For You","All For You","Janet Jackson","2001-04-24",330026,54,"false","bryce.jones98","2026-08-28T22:05:25Z","new jack swing","Virgin Records",0.752,0.925,2,-3.288,1,0.0867,0.0178,0.125,0.104,0.692,113.528,3
"2695","spotify:track:65GZzBP1qyk4zH7c8RIJYD","Come on over Baby (All I Want Is You) - Radio Version","Christina Aguilera","Christina Aguilera","1999-07-15",204533,0,"false","bryce.jones98","2026-08-28T22:05:25Z","","RCA Records Label",0.825,0.914,8,-3.207,1,0.102,0.216,2.43e-05,0.228,0.774,118.912,4
"2696","spotify:track:3pgC6hv9bbZSAzEOl6K5nG","Latch","Latch","Disclosure;Sam Smith","2012-01-01",256940,60,"false","bryce.jones98","2026-08-28T22:05:25Z","house,soft pop","Universal-Island Records Ltd.",0.75,0.711,1,-6.536,1,0.0906,0.00855,0.000364,0.0707,0.553,122.01,4
"2697","spotify:track:2SHnUyZq0zwmvRIl4WY77G","Alive","Play Hard EP","Krewella","2012-06-18",290760,59,"false","bryce.jones98","2026-08-28T22:05:25Z","edm,dubstep","Krewella Music LLC",0.663,0.822,9,-2.909,1,0.0557,0.00413,0.00318,0.234,0.567,128.002,4
"2698","spotify:track:7b71WsDLb8gG0cSyDTFAEW","Summer","Summer","Calvin Harris","2014-04-30",224506,24,"false","bryce.jones98","2026-08-28T22:05:25Z","edm","Columbia",0.603,0.861,4,-3.565,0,0.0325,0.0215,0.043,0.1,0.72,127.962,4
"2699","spotify:track:6JEntXLt4z98CcDtIH9sU7","Animals - Extended","Animals (Extended)","Martin Garrix","2013-01-01",303826,3,"false","bryce.jones98","2026-08-28T22:05:25Z","edm,progressive house,electronica","Silent Records/Republic Records",0.677,0.866,1,-6.403,1,0.0392,0.00165,0.662,0.412,0.0386,128.005,4
"2700","spotify:track:1EavLSmwRWtmkKEmlCfFzT","Wasted","Wasted","Tiësto;Matthew Koma","2014-04-22",188371,45,"false","bryce.jones98","2026-08-28T22:05:25Z","edm,trance,big room","Universal Music B.V.",0.645,0.832,2,-5.595,1,0.0294,0.00106,0.00264,0.199,0.375,112.028,4
"2701","spotify:track:4E8KoNTXZnWDE3cCjjw8FU","Break Free","Break Free","Ariana Grande;Zedd","2014-07-03",214693,2,"false","bryce.jones98","2026-08-28T22:05:25Z","pop,edm","Universal Records",0.686,0.692,7,-5.325,0,0.0454,0.0063,4.54e-05,0.251,0.23,129.947,4
"2702","spotify:track:5Lyw6U1IpYmKQ0kAOadOj3","Hideaway","Hideaway","Kiesza","2014-01-01",251960,0,"false","bryce.jones98","2026-08-28T22:05:25Z","","4th & Broadway / Island",0.861,0.608,7,-6.976,0,0.0504,0.102,0.012,0.0671,0.181,122.959,4
"2703","spotify:track:023H4I7HJnxRqsc9cqeFKV","I Got U","I Got U","Duke Dumont;Jax Jones","2014-01-01",285596,76,"false","bryce.jones98","2026-08-28T22:05:25Z","house","Blasé Boys Club",0.636,0.761,9,-7.752,0,0.035,0.00377,0.00784,0.0851,0.463,120.837,4
"2704","spotify:track:7n9Q6bXSjm74uCtajkddPt","Shake It Off","Shake It Off","Taylor Swift","2014-08-19",219209,2,"false","bryce.jones98","2026-08-28T22:05:25Z","","Digital Distribution Latvia",0.645,0.797,7,-5.355,1,0.159,0.0547,0,0.408,0.945,160.078,4
"2705","spotify:track:750LoyDn9fg3dZQ25XhyYI","Burnin' Up - Spotify Exclusive","Burnin' Up (Spotify Exclusive)","Jessie J;2 Chainz","2014-12-09",201745,27,"false","bryce.jones98","2026-08-28T22:05:25Z","southern hip hop,rap","Lava Music/Republic Records",0.819,0.732,4,-5.214,1,0.0562,0.0545,1.15e-06,0.449,0.373,123.966,4
"2706","spotify:track:5eYAZko7TMVUh6e2GGrmJX","Teenage Dream (feat. Darren Criss)","Glee: The Music presents The Warblers","Glee Cast;Darren Criss","2011-04-19",220373,50,"false","bryce.jones98","2026-08-28T22:05:25Z","christmas","Columbia",0.76,0.543,3,-5.759,1,0.0415,0.494,0,0.0802,0.84,120.003,4
"2707","spotify:track:1i1rNVtxbE7rdFfpHuNq2j","Hold My Hand","Hold My Hand","Jess Glynne","2015-02-24",227343,63,"false","bryce.jones98","2026-08-28T22:05:25Z","","Atlantic Records UK",0.642,0.823,0,-5.717,1,0.0289,0.00159,0,0.0776,0.431,122.977,4
"2708","spotify:track:1lg8Zslkel8BxmrYVWn5gl","Say Geronimo","Hey Can You Feel My Love","A Single Pill","2015-05-05",224936,0,"false","bryce.jones98","2026-08-28T22:05:28Z","","A Single Pill",0.664,0.694,7,-8.275,1,0.0461,0.28,1.57e-05,0.106,0.448,142.012,4
"2709","spotify:track:2XPc8gL9PwxGURQFcFaDJR","Cheerleader - Felix Jaehn Remix Radio Edit","Cheerleader (Felix Jaehn Remix Radio Edit)","OMI;felix jaehn","2015-03-06",181826,53,"false","bryce.jones98","2026-08-28T22:05:28Z","tropical house","Ultra/Louder Than Life/Columbia",0.777,0.663,4,-6.117,1,0.0305,0.146,1.52e-05,0.174,0.614,118.016,4
"2710","spotify:track:6E7oFW7xTK6Ghucsq6tMUj","Emergency","Emergency EP","Icona Pop","2015-07-17",169617,58,"true","bryce.jones98","2026-08-28T22:05:28Z","","Record Company TEN/Big Beat/ATL",0.834,0.969,6,-3.383,1,0.063,0.0558,0.000723,0.0635,0.928,125.985,4
"2711","spotify:track:6nRwc5GgNvBMkKaynhQzrm","What Do You Mean?","What Do You Mean?","Justin Bieber","2015-08-28",207546,1,"false","bryce.jones98","2026-08-28T22:05:28Z","","Universal Music Group",0.841,0.571,5,-8.066,0,0.102,0.65,0.00033,0.0895,0.772,125.032,4
"2712","spotify:track:1g9V4qY5UaWJJRRYL9WYmG","Hula Hoop","Hula Hoop","OMI","2015-08-28",206343,33,"false","bryce.jones98","2026-08-28T22:05:28Z","","Ultra/Louder Than Life/Columbia",0.674,0.84,10,-4.493,0,0.0371,0.0256,0,0.269,0.579,121.947,4
"2713","spotify:track:3YlrH4ydAKkxuej6F4Nnkl","This Girl (Kungs Vs. Cookin' On 3 Burners)","This Girl (Kungs Vs. Cookin' On 3 Burners)","Kungs;Cookin' On 3 Burners","2016-02-19",195561,2,"false","bryce.jones98","2026-08-28T22:05:28Z","","Universal Music Group",0.786,0.69,3,-4.665,1,0.04,0.0865,9.03e-05,0.238,0.485,122.006,4
"2714","spotify:track:0UzsDmdpw0Q14KU4hieQss","Fill Me In","Born to Do It","Craig David","2000-08-14",257200,65,"false","bryce.jones98","2026-08-28T22:05:28Z","","Sony Music UK",0.682,0.744,8,-6.981,1,0.0365,0.376,0.00951,0.06,0.827,132.493,4
